amount,time,transaction_type,transaction_frequency,avg_transaction_amount,amount_deviation,is_new_beneficiary,device_changed,location_changed,failed_attempts,beneficiary_frequency,is_fraud
1388.07,14,Money Transfer,2,1546.48,0.9,0,0,1,2,2,0
40259.49,19,Healthcare,5,2772.06,14.52,1,0,0,0,1,1
1505.32,8,Travel,8,1788.71,0.84,0,0,0,0,5,1
1964.05,8,Food,4,456.56,4.3,0,1,1,0,2,0
555.31,14,Shopping,4,669.5,0.83,1,1,0,0,1,0
265.17,21,Shopping,2,745.68,0.36,0,0,0,0,4,0
80.14,12,Shopping,4,836.8,0.1,0,0,0,3,5,0
1589.15,11,Education,5,1800.01,0.88,0,1,0,1,2,0
3929.62,15,Food,4,1562.0,2.52,0,0,0,0,2,0
2311.08,21,Travel,2,708.78,3.26,0,0,0,0,3,0
550.1,19,Shopping,3,425.9,1.29,0,0,0,0,3,0
967.34,23,Healthcare,4,638.5,1.52,0,0,0,0,4,0
6214.63,2,Bills,3,7786.72,0.8,1,0,0,0,1,1
5882.59,7,Shopping,3,1437.85,4.09,0,1,0,0,8,1
16665.63,15,Shopping,2,3936.01,4.23,1,0,1,0,1,1
4527.6,18,Shopping,2,3699.91,1.22,0,0,0,0,2,0
1659.83,10,Money Transfer,1,1589.62,1.04,1,0,0,0,1,0
1759.36,10,Food,2,2507.73,0.7,0,0,0,1,8,0
3243.37,18,Money Transfer,2,685.42,4.73,0,0,0,0,5,0
3413.62,5,Rent,5,2398.84,1.42,0,0,0,0,5,0
30303.28,11,Food,1,872.37,34.74,1,0,0,1,1,0
3859.33,13,Shopping,1,3511.49,1.1,0,0,0,1,4,0
80829.18,14,Rent,1,457.39,176.72,1,1,0,0,1,1
3290.19,17,Money Transfer,1,2970.15,1.11,0,0,0,0,10,0
1492.81,11,Money Transfer,3,489.52,3.05,0,0,0,0,3,0
6436.96,15,Bills,4,4134.4,1.56,0,0,0,0,3,0
803.52,15,Shopping,6,952.86,0.84,0,0,0,0,2,0
9258.31,14,Money Transfer,1,2212.42,4.18,0,0,0,1,3,0
990.42,16,Food,1,1503.23,0.66,0,0,0,0,4,0
1906.44,10,Shopping,2,1121.13,1.7,0,0,0,0,3,0
7695.77,6,Food,1,2166.39,3.55,0,0,0,0,3,0
64896.39,7,Shopping,2,5605.28,11.58,0,0,0,0,2,0
175.95,9,Shopping,3,375.86,0.47,0,0,1,0,4,0
53.81,13,Healthcare,1,4820.68,0.01,0,0,0,0,7,0
5359.3,19,Healthcare,5,1990.66,2.69,1,0,0,1,1,0
2854.33,17,Bills,3,3264.05,0.87,1,0,0,0,1,0
1068.9,18,Money Transfer,2,1171.75,0.91,0,1,0,0,4,1
2410.39,11,Shopping,2,1449.05,1.66,0,0,0,1,2,0
3626.7,12,Travel,5,3956.55,0.92,1,0,1,0,1,0
4555.5,12,Money Transfer,6,1264.59,3.6,1,0,0,0,1,1
4776.29,9,Shopping,2,1676.97,2.85,0,0,0,0,3,0
355.14,5,Money Transfer,3,336.72,1.05,0,1,0,0,2,1
610.28,15,Shopping,2,610.83,1.0,0,0,0,2,2,0
49.08,23,Recharge,3,2147.42,0.02,0,0,0,0,9,0
2942.12,8,Rent,2,2572.01,1.14,0,0,0,0,4,0
2249.65,5,Food,2,1872.68,1.2,0,1,0,0,5,0
742.67,18,Money Transfer,3,578.42,1.28,1,0,0,0,1,1
1556.85,10,Food,3,1361.13,1.14,0,0,0,0,2,0
79.5,19,Food,2,1089.57,0.07,1,0,0,0,1,0
57.95,17,Shopping,3,1532.11,0.04,0,0,0,0,10,0
5941.69,21,Healthcare,5,3976.96,1.49,0,0,0,0,4,0
3998.29,12,Bills,4,2991.88,1.34,1,0,0,0,1,0
576.43,16,Recharge,1,457.91,1.26,0,0,0,0,2,0
4993.9,13,Recharge,3,4278.16,1.17,1,0,0,0,1,0
1277.62,16,Food,1,1448.79,0.88,0,0,1,0,3,0
7295.78,13,Recharge,3,2751.67,2.65,1,0,0,0,1,0
1020.47,9,Shopping,1,571.56,1.79,1,0,0,1,1,0
2358.34,13,Shopping,3,2299.52,1.03,0,0,0,2,2,0
1566.94,14,Shopping,5,785.31,2.0,1,0,0,1,1,1
72159.7,18,Money Transfer,4,1338.48,53.91,0,0,0,1,4,1
89.29,17,Money Transfer,4,330.61,0.27,0,0,0,0,2,0
902.83,16,Rent,2,595.95,1.51,1,1,1,0,1,0
373.95,7,Bills,3,473.88,0.79,0,0,0,0,3,0
759.89,17,Money Transfer,4,793.38,0.96,1,0,0,0,1,0
314.9,13,Rent,6,489.69,0.64,0,0,0,0,4,0
2987.07,20,Food,1,2419.25,1.23,1,0,0,0,1,0
212.3,20,Shopping,2,353.05,0.6,1,0,0,0,1,0
3244.21,5,Bills,2,2030.98,1.6,1,0,1,1,1,1
66264.43,18,Shopping,3,572.96,115.65,0,0,0,0,2,1
47.52,4,Other,3,5526.05,0.01,0,0,0,0,9,0
3879.92,11,Bills,3,5168.04,0.75,0,0,0,0,2,0
667.08,14,Shopping,5,759.97,0.88,1,0,1,0,1,1
51.32,8,Shopping,1,2015.42,0.03,1,0,0,0,1,0
1399.39,17,Bills,2,351.13,3.99,0,0,0,0,2,0
12783.44,0,Travel,1,5133.26,2.49,1,0,0,1,1,0
7542.15,8,Travel,2,1632.38,4.62,1,0,0,0,1,0
406.26,15,Bills,5,379.53,1.07,0,0,0,0,6,1
2852.38,17,Shopping,2,1054.76,2.7,1,0,0,0,1,0
433.74,20,Money Transfer,1,443.93,0.98,0,0,0,0,4,0
267.77,17,Shopping,6,1198.44,0.22,1,0,0,1,1,1
2171.7,16,Education,4,2295.19,0.95,1,0,0,0,1,0
6189.86,12,Food,3,1442.41,4.29,0,0,1,0,5,0
25873.1,0,Money Transfer,3,1171.3,22.09,0,0,0,1,4,1
1381.91,7,Shopping,4,528.38,2.62,0,0,0,0,2,0
776.4,14,Money Transfer,3,805.72,0.96,1,0,1,0,1,0
647.27,16,Money Transfer,6,489.94,1.32,0,0,0,0,2,0
5082.78,12,Travel,4,3265.77,1.56,1,0,0,0,1,0
75.87,17,Food,4,561.55,0.14,0,0,0,2,8,0
67348.27,14,Education,3,1928.62,34.92,0,0,0,0,3,1
20340.55,6,Money Transfer,4,1055.42,19.27,0,0,0,1,10,1
42748.43,9,Shopping,2,761.08,56.17,0,0,0,0,2,0
20301.3,19,Travel,2,2136.32,9.5,0,0,1,0,3,1
5812.44,17,Bills,4,1399.17,4.15,1,0,1,0,1,1
74.2,20,Food,3,1219.92,0.06,0,0,0,0,5,0
1807.72,7,Bills,2,1917.44,0.94,1,0,0,0,1,0
894.47,23,Money Transfer,2,1516.5,0.59,0,0,0,0,4,0
779.76,9,Food,2,951.0,0.82,0,0,0,0,2,0
2326.24,0,Money Transfer,3,1773.93,1.31,0,0,0,2,3,0
18833.46,23,Shopping,3,2292.86,8.21,0,0,0,1,3,0
361.75,10,Shopping,2,348.7,1.04,0,0,0,0,4,1
1228.71,16,Shopping,4,1428.81,0.86,1,0,1,1,1,0
372.48,9,Food,4,406.94,0.92,0,0,0,0,3,0
970.78,15,Money Transfer,3,671.33,1.45,0,0,1,1,2,0
3208.69,20,Money Transfer,3,1779.85,1.8,1,1,0,0,1,1
17425.15,11,Recharge,3,3920.39,4.44,0,0,0,2,2,0
3797.1,16,Shopping,3,4159.06,0.91,0,0,0,0,9,0
354.27,9,Money Transfer,4,430.52,0.82,0,0,0,0,9,0
1219.48,16,Bills,6,1277.73,0.95,1,0,0,0,1,0
1083.09,11,Shopping,3,1874.43,0.58,0,0,0,0,7,0
1107.14,9,Shopping,3,586.34,1.89,0,0,0,2,6,0
3299.14,11,Rent,2,2910.02,1.13,1,0,0,0,1,0
3547.03,9,Shopping,1,2754.3,1.29,0,0,0,3,3,0
16929.59,20,Recharge,3,4505.82,3.76,0,0,0,0,6,1
420.03,12,Bills,1,315.34,1.33,0,0,0,0,3,0
688.37,10,Food,4,739.59,0.93,0,0,1,0,2,0
4826.26,13,Education,4,3459.98,1.39,0,0,0,0,3,0
74484.72,11,Bills,3,2298.76,32.4,1,0,0,1,1,1
21548.27,17,Shopping,1,4346.4,4.96,1,0,0,0,1,0
1706.49,22,Recharge,4,405.98,4.2,0,0,0,2,6,1
10.0,12,Food,4,1935.71,0.01,1,0,0,0,1,0
1363.52,19,Bills,4,1815.16,0.75,0,0,0,1,5,0
1730.87,14,Recharge,3,365.39,4.74,1,0,0,1,1,1
73937.25,8,Money Transfer,3,1597.01,46.3,0,0,1,2,2,1
53.36,17,Shopping,3,1992.68,0.03,0,0,0,0,3,0
688.03,14,Shopping,1,682.17,1.01,0,0,0,0,5,0
792.43,16,Money Transfer,3,874.71,0.91,0,0,0,0,7,0
2709.26,20,Bills,1,2140.71,1.27,0,0,1,0,5,0
1346.02,12,Education,3,1437.02,0.94,0,0,0,0,3,0
78200.54,20,Shopping,3,3813.64,20.51,0,0,0,0,2,1
1628.44,17,Money Transfer,5,1054.44,1.54,0,1,0,0,3,0
2447.17,13,Money Transfer,3,858.26,2.85,1,1,1,0,1,1
6975.47,15,Shopping,3,7843.45,0.89,1,0,0,0,1,0
4005.49,11,Shopping,3,4657.16,0.86,0,0,0,0,2,0
264.18,22,Money Transfer,1,352.96,0.75,0,0,0,0,2,0
3056.54,16,Healthcare,4,2951.13,1.04,1,0,0,0,1,0
69889.26,4,Money Transfer,4,510.44,136.92,1,0,0,0,1,1
1094.28,11,Money Transfer,3,350.17,3.12,0,0,1,0,2,0
952.14,16,Travel,2,875.61,1.09,1,1,0,0,1,0
4062.52,5,Money Transfer,5,864.87,4.7,1,0,0,0,1,1
3474.51,2,Other,3,3379.84,1.03,0,0,0,0,2,0
11970.3,13,Healthcare,2,2532.32,4.73,1,0,0,0,1,0
11168.19,11,Rent,4,7492.65,1.49,1,0,0,0,1,0
1633.04,12,Money Transfer,2,2537.59,0.64,0,0,0,0,2,0
4127.36,10,Money Transfer,3,1275.1,3.24,0,0,0,0,2,0
1518.14,8,Rent,2,2460.73,0.62,0,0,0,0,7,0
1904.93,17,Shopping,2,13839.99,0.14,1,0,0,0,1,0
8364.62,14,Food,4,2529.05,3.31,0,0,0,1,3,0
961.37,9,Money Transfer,1,2881.46,0.33,0,0,0,0,2,0
6845.18,11,Shopping,2,5315.75,1.29,1,0,0,0,1,0
1180.12,15,Rent,2,517.16,2.28,0,0,0,0,2,0
60.89,6,Recharge,3,2496.09,0.02,0,0,0,1,2,0
9643.28,8,Shopping,4,3724.51,2.59,0,0,0,0,2,0
25182.19,6,Shopping,3,5857.28,4.3,0,0,0,0,5,0
1149.1,18,Money Transfer,4,726.51,1.58,0,0,0,0,6,0
1185.1,17,Other,3,1561.87,0.76,1,0,1,0,1,0
4560.47,17,Shopping,4,2354.11,1.94,1,0,0,1,1,0
887.76,17,Travel,2,811.76,1.09,0,0,1,0,2,0
4126.61,16,Bills,2,1951.45,2.11,0,0,0,0,2,0
83.16,13,Shopping,2,836.11,0.1,0,0,0,0,5,0
1271.02,16,Travel,4,1030.17,1.23,0,0,0,0,17,0
1131.52,4,Money Transfer,4,1348.56,0.84,1,0,0,2,1,1
2664.6,15,Food,3,1655.94,1.61,0,0,0,0,5,0
1602.0,18,Food,1,1374.03,1.17,0,0,0,0,3,0
663.74,13,Food,2,1523.33,0.44,0,0,0,0,3,0
3645.91,11,Shopping,3,938.39,3.89,1,0,0,1,1,1
874.2,10,Bills,3,611.62,1.43,1,0,0,0,1,0
277.15,16,Money Transfer,3,387.31,0.72,0,0,0,0,3,0
1205.88,17,Shopping,1,692.63,1.74,0,0,0,0,3,0
1446.45,19,Shopping,4,1869.85,0.77,0,0,0,0,10,0
2726.08,11,Food,4,3076.17,0.89,0,0,0,0,4,0
2307.83,18,Travel,3,633.76,3.64,0,0,1,0,2,1
1119.21,14,Shopping,2,506.84,2.21,0,0,0,2,15,0
4346.93,19,Money Transfer,5,2790.23,1.56,0,1,0,0,2,0
3948.08,14,Shopping,3,955.33,4.13,1,0,0,0,1,0
12077.74,14,Food,5,5747.12,2.1,0,1,0,3,3,1
10525.56,15,Shopping,2,2555.18,4.12,1,0,0,0,1,0
67.4,17,Travel,3,1012.17,0.07,0,0,0,0,8,0
3155.48,21,Money Transfer,3,915.32,3.45,0,0,0,0,2,0
84778.43,6,Recharge,1,1635.07,51.85,1,0,0,0,1,1
1686.02,5,Shopping,2,448.41,3.76,1,0,0,0,1,1
707.56,21,Money Transfer,3,525.35,1.35,0,0,0,0,3,0
2636.24,14,Shopping,6,648.14,4.07,0,0,0,0,2,0
6557.85,15,Recharge,5,2982.77,2.2,0,0,1,0,2,1
4389.33,13,Education,5,1598.26,2.75,0,0,1,0,3,0
819.88,7,Rent,3,319.12,2.57,1,0,1,1,1,0
6351.98,18,Food,4,2314.88,2.74,1,1,0,0,1,1
908.97,17,Bills,2,1292.0,0.7,0,0,0,0,4,0
7557.98,11,Food,5,1587.16,4.76,1,0,0,1,1,0
26.23,10,Food,4,733.7,0.04,0,1,0,0,7,1
5113.66,19,Shopping,3,1744.46,2.93,1,0,0,0,1,0
70124.27,6,Shopping,2,7267.0,9.65,0,0,1,0,2,1
482.02,19,Recharge,3,437.31,1.1,1,0,0,0,1,0
1256.48,10,Recharge,5,901.13,1.39,1,1,0,0,1,0
620.89,15,Food,4,801.1,0.78,0,0,1,0,6,0
3035.73,21,Money Transfer,3,814.35,3.73,0,0,0,1,3,1
89.4,16,Money Transfer,3,1156.71,0.08,0,0,0,0,2,0
4298.78,12,Travel,2,3367.83,1.28,1,0,0,0,1,0
19769.4,17,Recharge,6,4692.4,4.21,1,0,0,0,1,0
839.21,11,Education,4,706.65,1.19,0,1,0,0,3,0
972.59,10,Bills,3,1709.33,0.57,0,0,0,0,4,0
1942.12,23,Food,3,2123.53,0.91,1,0,0,0,1,0
5521.5,17,Shopping,5,1628.01,3.39,0,0,1,1,2,0
2666.17,16,Shopping,4,1324.73,2.01,0,0,0,0,4,0
80734.84,11,Recharge,2,683.69,118.09,0,0,0,0,4,1
1352.38,5,Food,3,1505.75,0.9,1,0,1,0,1,1
1320.43,3,Shopping,4,1223.13,1.08,0,0,1,0,2,1
1298.88,14,Shopping,2,3157.49,0.41,0,0,0,0,6,0
3631.17,18,Food,1,2896.05,1.25,0,0,0,0,4,0
628.61,14,Shopping,1,558.96,1.12,1,1,0,0,1,1
623.59,19,Shopping,2,466.83,1.34,0,0,0,0,2,0
4038.19,3,Food,1,4597.75,0.88,0,0,0,1,11,0
2306.1,11,Travel,3,1680.26,1.37,0,0,0,0,3,0
2056.07,10,Food,2,3810.95,0.54,0,0,0,0,4,0
269.11,12,Shopping,2,407.84,0.66,1,0,0,1,1,0
1486.06,6,Travel,1,1645.75,0.9,0,0,0,0,6,0
1614.44,21,Shopping,2,1695.51,0.95,0,0,1,0,3,0
3974.81,9,Money Transfer,2,3848.05,1.03,1,0,0,0,1,0
943.19,20,Travel,2,484.88,1.95,0,0,0,0,2,0
929.83,12,Food,6,795.04,1.17,1,0,0,1,1,0
4703.25,22,Bills,3,1239.21,3.8,0,0,0,0,5,0
5213.27,14,Food,3,3915.72,1.33,0,0,0,0,4,0
10626.28,21,Food,3,5330.95,1.99,0,0,0,0,2,0
1687.89,0,Shopping,4,9161.87,0.18,0,0,0,0,2,0
29861.62,17,Money Transfer,2,6058.04,4.93,0,0,0,0,2,0
833.98,20,Rent,2,310.73,2.68,1,1,0,0,1,1
1646.04,8,Shopping,3,387.99,4.24,0,0,0,0,2,0
2599.24,7,Other,1,587.47,4.42,1,0,0,0,1,0
21890.09,12,Money Transfer,6,1072.26,20.41,1,1,0,0,1,1
2693.09,21,Recharge,3,3488.65,0.77,0,0,0,0,10,0
5495.47,14,Food,3,4317.09,1.27,1,0,0,1,1,0
626.06,14,Bills,2,672.28,0.93,0,0,0,0,2,0
3695.71,8,Money Transfer,1,2040.06,1.81,0,0,0,0,7,0
5069.9,0,Food,5,4787.91,1.06,0,0,0,0,2,0
1617.14,18,Money Transfer,1,1421.62,1.14,0,0,0,1,3,0
594.07,6,Shopping,3,496.75,1.2,1,0,0,1,1,0
1115.03,16,Travel,5,1401.86,0.8,1,0,0,0,1,0
809.06,20,Rent,4,1148.3,0.7,0,1,0,0,2,0
3893.49,9,Shopping,3,1851.49,2.1,0,0,1,0,2,1
1280.84,16,Food,2,1339.37,0.96,1,0,0,0,1,0
84398.04,6,Shopping,4,331.5,254.59,0,0,0,0,2,1
12009.09,15,Healthcare,4,9508.11,1.26,0,0,0,0,5,0
1409.37,8,Healthcare,1,1711.66,0.82,1,1,0,0,1,0
1674.49,17,Recharge,1,1455.15,1.15,1,0,0,0,1,0
18701.18,10,Money Transfer,2,5866.73,3.19,1,0,0,0,1,0
877.52,13,Shopping,3,604.99,1.45,0,0,0,0,4,0
875.78,15,Recharge,8,677.6,1.29,0,0,0,0,5,0
2630.32,8,Money Transfer,2,3270.61,0.8,1,0,0,2,1,0
3446.82,17,Healthcare,3,844.01,4.08,0,0,0,0,7,0
5806.25,10,Healthcare,3,3190.05,1.82,0,0,0,1,3,0
475.01,16,Education,2,870.26,0.55,0,1,1,0,3,0
272.58,8,Rent,3,360.75,0.76,1,0,0,0,1,0
1356.2,17,Money Transfer,3,1609.98,0.84,0,0,0,0,2,0
885.3,8,Education,1,694.22,1.28,0,0,0,0,9,0
3535.03,12,Money Transfer,1,2852.73,1.24,0,0,0,0,7,0
2630.07,10,Shopping,3,2144.98,1.23,0,0,0,0,3,0
17387.93,17,Food,3,4929.25,3.53,0,0,0,0,3,1
2046.81,10,Recharge,1,3050.05,0.67,1,0,0,0,1,0
78.39,19,Travel,4,658.92,0.12,0,0,0,1,9,1
67071.82,20,Food,4,3198.41,20.97,0,0,1,0,4,0
2381.31,9,Shopping,5,2147.68,1.11,0,0,0,0,2,0
1643.25,15,Food,3,2289.88,0.72,0,0,0,0,5,0
4033.91,6,Other,3,3513.64,1.15,1,1,0,0,1,0
54702.12,12,Shopping,4,1835.23,29.81,1,0,0,0,1,1
1454.84,17,Money Transfer,5,1429.26,1.02,0,0,0,0,5,0
1336.2,16,Education,2,2122.26,0.63,0,0,0,0,3,0
734.33,16,Travel,3,936.77,0.78,0,0,1,0,3,0
706.24,10,Travel,2,662.92,1.07,0,0,0,0,3,0
2321.8,12,Travel,7,2025.56,1.15,1,0,0,0,1,0
544.91,7,Money Transfer,2,779.48,0.7,0,0,0,0,2,0
449.41,17,Rent,8,449.92,1.0,0,0,1,0,3,0
1028.4,13,Bills,3,301.0,3.42,1,0,0,1,1,0
3095.87,17,Bills,3,1987.16,1.56,0,0,0,0,2,0
4152.8,10,Education,6,1109.37,3.74,0,0,0,0,3,0
3972.14,11,Recharge,3,2812.05,1.41,0,0,0,0,9,0
390.37,11,Money Transfer,3,1146.51,0.34,1,0,0,0,1,0
2111.98,2,Money Transfer,3,1497.97,1.41,0,0,0,0,2,0
1107.43,11,Bills,4,1240.87,0.89,0,0,1,0,12,0
4080.12,18,Food,3,2192.64,1.86,1,0,0,0,1,0
1021.9,20,Travel,1,1092.49,0.94,0,0,0,0,5,0
6862.0,14,Bills,2,6272.05,1.09,1,0,0,1,1,0
4506.47,13,Recharge,3,5252.11,0.86,0,0,0,0,6,0
6043.99,3,Money Transfer,4,3691.31,1.64,0,0,0,0,2,0
12686.17,19,Money Transfer,3,4853.08,2.61,0,0,0,0,11,0
3144.78,0,Shopping,2,1373.29,2.29,1,0,0,2,1,1
2284.87,21,Food,4,1683.84,1.36,0,0,0,0,4,0
11256.78,13,Shopping,5,2739.28,4.11,0,0,0,2,4,1
2858.66,11,Money Transfer,1,2444.17,1.17,0,0,0,0,4,0
4951.85,20,Food,2,4284.23,1.16,1,0,0,0,1,0
81609.26,2,Rent,2,2567.91,31.78,1,0,0,0,1,1
10008.36,15,Food,2,11385.41,0.88,0,0,1,1,2,0
1569.86,14,Shopping,3,1071.28,1.47,0,0,1,0,2,0
4678.33,9,Shopping,4,3521.55,1.33,0,0,0,0,4,0
7237.17,12,Bills,5,2453.02,2.95,1,0,0,0,1,1
1822.77,16,Money Transfer,2,2416.2,0.75,0,0,0,0,4,0
918.79,17,Shopping,2,1009.71,0.91,0,0,0,0,3,0
2444.36,0,Food,3,3071.86,0.8,1,0,0,0,1,0
3836.82,21,Bills,2,4451.43,0.86,1,1,0,0,1,0
54.45,8,Shopping,1,743.88,0.07,1,0,0,0,1,0
1820.37,9,Food,5,2067.88,0.88,0,1,0,0,2,0
33247.4,10,Shopping,1,1196.04,27.8,0,0,0,0,3,0
11821.2,4,Shopping,3,8509.75,1.39,0,0,0,3,3,1
733.13,8,Food,4,1473.03,0.5,0,0,0,0,10,0
869.43,22,Food,2,766.53,1.13,1,0,0,1,1,0
59.7,11,Food,1,1165.87,0.05,0,0,0,0,5,0
7157.92,7,Travel,4,2209.53,3.24,0,0,0,0,4,0
711.0,7,Other,2,442.45,1.61,1,0,0,1,1,0
50515.45,17,Money Transfer,3,1965.61,25.7,0,0,0,0,8,1
4030.75,19,Money Transfer,2,5118.44,0.79,0,0,0,0,8,0
5032.35,10,Bills,4,3719.17,1.35,0,0,0,0,2,0
1845.54,1,Rent,5,426.13,4.33,0,0,0,0,2,1
58635.95,9,Money Transfer,3,9334.48,6.28,0,0,0,0,5,1
26738.81,5,Shopping,3,2459.53,10.87,0,0,0,0,2,1
485.1,7,Shopping,4,618.73,0.78,0,0,0,2,5,0
860.81,12,Healthcare,1,322.49,2.67,1,0,0,0,1,0
2738.51,9,Bills,6,638.18,4.29,1,0,0,0,1,1
10023.46,14,Travel,2,3578.24,2.8,1,0,0,0,1,0
941.31,10,Money Transfer,4,339.38,2.77,0,0,0,0,2,0
2552.46,21,Shopping,1,777.83,3.28,0,0,0,0,6,0
1685.38,20,Shopping,4,2848.71,0.59,0,0,0,0,3,0
1695.93,14,Rent,4,1887.88,0.9,0,0,0,0,3,0
4166.33,11,Food,4,3047.95,1.37,0,0,0,0,2,0
3111.77,12,Travel,2,2767.82,1.12,1,0,0,0,1,0
624.76,12,Food,4,393.47,1.59,0,0,0,0,5,0
3860.88,17,Rent,1,4314.67,0.89,0,0,0,0,3,0
622.88,13,Healthcare,2,763.53,0.82,0,0,0,0,8,0
894.69,19,Travel,3,1750.94,0.51,0,0,1,0,2,0
2704.22,21,Food,3,2160.54,1.25,0,1,0,0,2,0
960.06,11,Food,2,632.42,1.52,0,0,0,0,11,0
8862.41,14,Money Transfer,2,7030.89,1.26,1,0,1,0,1,0
1484.83,7,Shopping,3,1505.52,0.99,1,0,0,0,1,0
1683.94,9,Money Transfer,2,406.87,4.14,0,0,0,0,2,0
5246.34,12,Bills,3,5283.82,0.99,0,0,1,1,3,0
4280.89,9,Shopping,3,1888.57,2.27,0,0,0,0,3,0
3261.11,19,Shopping,3,2462.32,1.32,1,0,0,0,1,0
1638.7,8,Shopping,2,1640.66,1.0,0,0,1,0,8,0
1042.06,13,Shopping,3,3540.4,0.29,0,0,0,0,4,0
336.81,15,Education,1,360.65,0.93,1,0,0,0,1,0
861.01,17,Travel,2,862.49,1.0,1,0,0,1,1,0
1092.59,12,Money Transfer,2,1441.59,0.76,0,0,0,0,6,0
401.58,19,Shopping,7,443.45,0.91,0,0,0,0,2,0
2407.47,14,Money Transfer,2,2502.94,0.96,0,0,1,0,3,0
1496.01,12,Money Transfer,2,1200.58,1.25,1,0,0,0,1,0
922.0,6,Shopping,2,873.07,1.06,1,0,0,1,1,0
224.83,13,Money Transfer,8,306.09,0.73,0,0,0,0,2,0
3662.98,18,Money Transfer,2,2590.25,1.41,0,0,0,0,3,0
2905.14,15,Food,2,3530.31,0.82,1,0,0,0,1,0
991.03,19,Food,3,1204.67,0.82,0,1,0,0,9,0
7032.11,13,Shopping,3,1795.1,3.92,1,0,0,0,1,0
1215.54,7,Money Transfer,4,765.06,1.59,0,1,0,2,5,0
2102.08,1,Food,3,2052.09,1.02,0,1,0,0,2,0
27513.1,10,Money Transfer,3,321.98,85.45,0,0,0,0,6,1
1613.39,17,Education,3,1507.24,1.07,0,0,0,0,8,0
37582.84,18,Food,3,2160.12,17.4,1,1,0,0,1,1
13.74,10,Shopping,1,4806.08,0.0,0,0,0,0,2,0
46164.85,13,Shopping,3,1164.35,39.65,1,1,0,0,1,1
2559.79,12,Food,3,2908.16,0.88,0,0,0,0,4,0
2294.3,12,Shopping,3,1938.94,1.18,0,0,1,2,6,0
4841.34,9,Food,3,5011.43,0.97,0,0,0,0,2,0
793.7,8,Healthcare,4,1214.63,0.65,0,0,0,0,2,0
2159.93,9,Food,3,991.8,2.18,1,0,0,1,1,0
4577.87,5,Money Transfer,3,4226.92,1.08,0,0,0,0,2,1
50776.31,9,Food,2,390.9,129.9,0,0,0,0,2,0
293.27,0,Money Transfer,2,563.93,0.52,1,0,1,0,1,1
396.6,16,Food,2,454.8,0.87,0,0,0,2,2,0
4010.14,11,Healthcare,2,3633.98,1.1,0,0,0,1,7,0
381.8,22,Money Transfer,2,319.2,1.2,0,0,1,0,2,0
5892.49,9,Healthcare,4,3860.44,1.53,1,0,0,1,1,0
1469.82,11,Recharge,2,1380.26,1.06,0,0,0,0,2,0
300.08,11,Shopping,3,307.26,0.98,0,0,0,0,10,0
55637.21,0,Shopping,2,1224.43,45.44,0,0,0,1,5,1
824.95,19,Shopping,1,672.2,1.23,1,0,0,0,1,0
2028.46,3,Shopping,1,2062.62,0.98,0,0,0,0,4,0
32950.01,21,Shopping,2,2347.38,14.04,0,0,1,0,5,0
2683.2,20,Travel,6,1503.32,1.78,0,0,0,0,9,0
344.62,14,Shopping,5,374.45,0.92,0,0,0,0,7,0
1841.91,14,Money Transfer,4,2221.48,0.83,1,0,0,0,1,0
3284.86,16,Bills,3,3621.73,0.91,0,1,0,1,2,0
2630.68,12,Shopping,3,2593.42,1.01,0,0,0,0,4,0
3628.44,16,Bills,1,3489.08,1.04,0,0,0,1,11,0
18.79,5,Rent,1,702.81,0.03,1,0,1,0,1,0
3529.18,5,Shopping,1,4254.99,0.83,0,1,0,0,2,1
2119.6,13,Travel,5,1000.01,2.12,0,0,0,0,2,0
342.59,14,Food,3,324.29,1.06,0,0,0,0,2,0
3901.07,20,Education,2,3637.21,1.07,0,0,0,0,2,0
19389.12,7,Travel,3,5419.62,3.58,0,0,0,0,2,0
2595.19,18,Bills,2,2218.49,1.17,0,0,0,0,10,0
480.27,9,Rent,3,773.82,0.62,0,0,0,0,5,0
1820.5,12,Shopping,4,822.02,2.21,0,1,0,4,4,1
1293.67,11,Bills,1,1431.25,0.9,0,0,0,0,2,0
17238.04,12,Bills,6,4406.03,3.91,0,0,0,0,6,0
216.47,8,Other,2,591.68,0.37,1,0,0,0,1,0
14368.78,13,Money Transfer,6,3447.39,4.17,1,0,0,0,1,1
459.8,18,Money Transfer,3,919.79,0.5,0,0,0,0,9,0
91.01,12,Bills,3,3275.97,0.03,0,1,0,0,3,0
5152.14,13,Money Transfer,2,4852.42,1.06,1,0,0,0,1,0
1900.73,19,Recharge,2,1303.92,1.46,0,0,1,0,9,1
1465.84,17,Education,3,1117.58,1.31,0,0,1,0,11,0
13885.65,13,Money Transfer,3,3217.09,4.32,0,0,1,0,6,0
1752.42,10,Bills,3,1657.06,1.06,1,0,0,0,1,0
1754.28,19,Bills,3,2376.18,0.74,1,1,0,0,1,0
1275.56,15,Shopping,1,2055.1,0.62,0,0,0,0,2,0
203.48,9,Recharge,4,598.66,0.34,0,0,1,0,3,0
6033.56,10,Money Transfer,2,3653.36,1.65,0,0,0,0,14,0
325.18,18,Bills,2,692.18,0.47,0,0,0,4,9,0
5839.02,5,Money Transfer,1,5146.33,1.13,0,0,0,0,8,0
744.4,23,Recharge,2,819.2,0.91,1,0,0,0,1,0
21.5,8,Money Transfer,4,2682.86,0.01,0,0,0,0,4,0
2073.41,18,Shopping,4,902.98,2.3,0,0,0,0,6,0
1009.47,12,Recharge,4,988.34,1.02,0,0,0,0,2,0
1124.43,13,Shopping,3,967.92,1.16,1,0,0,0,1,0
4192.46,19,Money Transfer,1,2780.22,1.51,0,0,0,0,4,0
6265.78,12,Healthcare,2,1764.78,3.55,1,0,0,0,1,0
79163.64,14,Healthcare,2,4161.32,19.02,0,0,0,1,8,1
20444.96,5,Food,3,961.07,21.27,1,0,0,0,1,1
2412.99,0,Food,5,2419.74,1.0,0,0,1,0,2,1
3125.66,10,Money Transfer,3,2816.69,1.11,0,1,0,1,12,0
1576.0,16,Rent,1,595.68,2.65,0,0,0,0,13,0
5470.41,7,Money Transfer,2,1221.26,4.48,0,0,1,0,5,0
3980.23,7,Travel,4,1486.85,2.68,0,0,0,1,6,0
990.18,12,Bills,2,1091.23,0.91,0,0,0,2,10,0
79.53,16,Bills,3,999.79,0.08,0,0,0,0,8,1
4988.93,17,Bills,3,2387.46,2.09,0,0,0,0,3,0
2549.17,9,Shopping,4,737.72,3.46,0,0,0,0,4,0
3459.8,6,Money Transfer,4,2524.4,1.37,0,0,0,0,3,0
22719.95,21,Shopping,3,5221.29,4.35,0,1,0,2,2,1
1194.3,10,Food,1,1799.15,0.66,0,0,0,0,6,0
2278.46,19,Money Transfer,4,2001.53,1.14,0,0,0,0,4,0
78791.57,19,Education,3,428.56,183.85,0,0,1,0,6,1
4967.1,18,Money Transfer,2,3897.5,1.27,1,0,0,2,1,0
49.09,8,Shopping,4,904.98,0.05,0,0,0,0,3,0
2334.96,18,Shopping,2,2018.36,1.16,0,0,0,0,2,0
6926.47,18,Bills,3,7263.46,0.95,0,1,0,0,3,0
8441.47,15,Food,5,1929.2,4.38,0,0,0,0,3,0
18602.67,11,Shopping,6,2621.87,7.1,0,0,0,0,6,0
1010.79,10,Shopping,5,1360.85,0.74,1,0,0,0,1,0
417.46,7,Travel,4,412.08,1.01,1,0,0,0,1,0
3144.48,14,Shopping,4,3175.51,0.99,0,0,0,0,8,0
730.46,15,Bills,1,364.13,2.01,0,0,0,0,10,0
1757.71,11,Travel,3,2471.1,0.71,1,0,0,1,1,0
388.63,13,Shopping,2,341.74,1.14,0,0,0,0,2,0
4137.23,11,Shopping,2,3868.89,1.07,1,0,0,0,1,1
2994.46,16,Other,3,608.78,4.92,0,0,0,0,4,0
7257.65,20,Money Transfer,5,1599.79,4.54,0,0,0,1,4,1
1979.72,8,Money Transfer,4,1936.55,1.02,0,0,0,0,3,0
2003.75,12,Bills,4,1400.97,1.43,0,0,0,0,4,0
916.87,8,Healthcare,1,1050.01,0.87,0,0,0,0,3,0
2046.02,16,Other,3,1435.37,1.43,1,0,0,0,1,0
2511.77,17,Bills,4,971.61,2.59,0,0,0,0,4,0
5850.86,21,Money Transfer,3,1337.65,4.37,0,0,0,1,5,0
694.45,10,Shopping,4,1100.26,0.63,0,0,1,0,6,0
1430.75,21,Bills,1,1803.33,0.79,0,1,0,0,9,0
627.95,6,Food,4,789.08,0.8,0,0,0,0,4,0
25220.36,15,Money Transfer,6,8362.41,3.02,1,0,0,0,1,0
32651.98,5,Recharge,2,1550.8,21.05,1,0,0,1,1,1
899.52,20,Shopping,5,688.57,1.31,0,0,0,2,4,0
1632.46,14,Money Transfer,2,1466.94,1.11,1,0,0,1,1,0
3372.53,16,Shopping,5,3923.43,0.86,0,0,0,0,2,0
431.94,19,Money Transfer,1,339.69,1.27,1,0,0,0,1,0
3769.7,8,Shopping,4,2348.48,1.61,0,0,0,0,10,0
35052.54,4,Shopping,3,1729.2,20.27,0,0,0,0,2,1
983.49,19,Shopping,4,634.43,1.55,1,0,0,0,1,0
4911.92,11,Food,5,3361.58,1.46,0,0,0,1,9,0
813.4,8,Travel,2,1128.48,0.72,0,0,0,1,3,0
4097.41,13,Food,1,926.15,4.42,1,1,0,0,1,1
45165.57,15,Healthcare,2,3469.78,13.02,0,0,0,0,6,0
24.41,3,Money Transfer,4,2131.61,0.01,1,0,0,0,1,1
15486.54,10,Rent,2,4413.59,3.51,0,0,0,0,5,1
6947.61,3,Education,2,2089.09,3.33,0,0,0,0,3,0
13041.86,12,Shopping,2,2730.4,4.78,1,0,0,1,1,1
15245.41,20,Healthcare,2,3559.1,4.28,0,0,0,1,4,0
482.24,22,Shopping,4,401.33,1.2,0,0,0,0,2,0
4890.62,16,Healthcare,3,2993.39,1.63,0,0,0,0,3,0
1998.53,8,Shopping,5,2012.08,0.99,0,0,0,0,6,0
81.46,20,Recharge,3,429.67,0.19,1,0,0,0,1,0
3036.58,14,Food,5,1578.81,1.92,0,0,0,0,2,0
496.05,8,Other,1,454.9,1.09,0,0,0,0,17,0
2637.68,20,Shopping,2,2696.89,0.98,0,0,0,0,2,0
79909.0,18,Food,6,1723.37,46.37,0,1,0,0,3,1
7734.52,17,Healthcare,3,5825.79,1.33,1,0,0,1,1,0
1249.08,17,Food,2,664.11,1.88,0,1,0,0,2,0
1503.26,9,Food,2,1976.68,0.76,0,0,1,0,2,0
531.4,9,Travel,5,727.91,0.73,1,1,0,0,1,0
10.0,17,Money Transfer,2,2013.76,0.0,1,0,0,3,1,1
1912.8,9,Food,2,2608.45,0.73,0,0,0,1,3,0
62059.16,12,Food,2,2606.21,23.81,1,0,1,1,1,1
5549.7,18,Recharge,1,3338.04,1.66,0,0,0,0,3,0
93.43,18,Shopping,4,3757.93,0.02,0,0,0,0,4,0
179.35,13,Rent,5,444.76,0.4,1,0,1,0,1,0
2923.63,18,Healthcare,1,1056.86,2.77,0,0,1,0,4,0
2012.51,19,Recharge,4,2391.5,0.84,0,0,1,0,2,0
5297.99,16,Money Transfer,5,1542.58,3.43,0,0,0,0,14,0
556.45,9,Food,4,680.8,0.82,0,0,0,0,11,0
1546.16,10,Rent,2,1748.18,0.88,0,0,0,0,5,0
38984.48,11,Shopping,3,1241.93,31.39,0,0,1,0,2,1
5822.27,7,Money Transfer,4,1189.85,4.89,0,1,0,0,8,1
4485.75,10,Money Transfer,1,3286.98,1.36,0,0,0,0,19,0
3412.9,9,Food,4,1242.43,2.75,0,0,1,0,2,0
390.35,13,Shopping,1,348.26,1.12,0,0,0,0,3,0
415.29,20,Other,2,407.67,1.02,1,0,1,0,1,0
79005.45,7,Other,5,3791.35,20.84,1,0,0,0,1,1
9755.76,17,Travel,2,6121.22,1.59,0,0,0,0,2,0
1423.03,17,Food,1,2398.92,0.59,0,0,1,0,3,0
1909.27,7,Money Transfer,3,1115.64,1.71,0,1,0,0,2,0
3326.23,20,Bills,4,5322.63,0.62,1,0,0,0,1,0
2571.27,14,Travel,5,2256.76,1.14,0,0,0,1,5,1
10535.73,11,Shopping,2,3648.07,2.89,0,0,0,0,2,0
808.45,18,Recharge,1,2913.25,0.28,0,0,0,0,3,0
1139.4,10,Bills,3,1157.97,0.98,0,0,0,0,3,0
1439.96,17,Healthcare,1,1472.58,0.98,0,0,0,0,3,0
427.36,4,Travel,3,670.72,0.64,1,0,0,0,1,0
25153.54,19,Food,4,921.6,27.29,0,0,0,0,3,1
2004.15,13,Money Transfer,7,3010.16,0.67,0,0,0,1,2,0
61.25,16,Recharge,3,4339.4,0.01,0,1,0,0,5,0
8332.25,9,Education,4,2620.24,3.18,1,0,0,0,1,0
2072.45,16,Shopping,1,1426.46,1.45,1,0,1,1,1,0
695.06,18,Shopping,7,462.87,1.5,0,0,1,0,2,0
107.35,13,Money Transfer,2,405.54,0.26,0,0,0,1,4,0
5078.12,15,Bills,6,1144.07,4.44,0,0,0,1,4,1
4222.33,13,Other,3,1421.92,2.97,0,0,1,0,2,0
526.8,20,Shopping,5,1990.84,0.26,0,0,0,0,3,0
439.5,13,Food,4,311.72,1.41,1,0,0,0,1,0
45.83,19,Money Transfer,1,8540.11,0.01,0,0,0,1,5,0
1519.52,18,Healthcare,3,1114.43,1.36,1,0,0,0,1,0
3522.79,12,Bills,7,3692.1,0.95,0,0,1,1,5,1
985.16,9,Bills,2,1678.16,0.59,0,0,1,0,8,0
37.99,12,Money Transfer,5,551.58,0.07,0,0,0,0,14,0
53.81,19,Money Transfer,3,3175.21,0.02,0,0,0,0,6,0
2209.43,9,Rent,3,2527.1,0.87,1,0,0,0,1,0
1470.84,14,Shopping,2,1649.25,0.89,0,0,0,0,2,0
1746.76,18,Education,2,1600.83,1.09,1,0,0,1,1,0
1966.63,11,Bills,3,464.78,4.23,1,1,0,0,1,1
2197.24,16,Other,5,2220.01,0.99,1,0,0,0,1,0
5606.1,10,Other,3,4659.38,1.2,0,0,0,0,3,0
423.71,7,Food,3,476.19,0.89,0,0,1,1,3,0
973.67,18,Bills,1,850.55,1.14,0,0,0,0,7,0
11399.08,7,Healthcare,4,4486.68,2.54,0,0,0,0,2,0
1721.11,10,Bills,3,902.2,1.91,0,0,0,0,3,0
7712.8,19,Shopping,3,2210.08,3.49,0,0,0,0,2,0
1724.16,11,Money Transfer,8,1677.59,1.03,0,0,0,0,5,0
51181.3,22,Shopping,5,1932.87,26.48,0,0,0,0,8,0
1405.6,22,Healthcare,4,1267.49,1.11,0,0,0,0,2,0
909.84,10,Food,4,941.99,0.97,1,0,0,0,1,0
1567.15,4,Shopping,2,389.55,4.02,1,0,0,0,1,1
50.93,17,Travel,1,2754.62,0.02,0,0,0,2,4,0
4870.13,13,Food,1,2767.42,1.76,0,0,1,2,2,0
3166.91,7,Money Transfer,1,2299.56,1.38,0,0,0,1,5,0
2106.74,17,Shopping,3,2157.23,0.98,0,0,0,0,4,0
94.4,3,Travel,3,802.81,0.12,0,0,0,1,4,1
206.55,19,Food,3,340.68,0.61,0,0,1,0,5,0
2492.39,8,Bills,3,3277.19,0.76,0,0,0,0,4,0
1148.71,8,Food,5,1516.04,0.76,0,0,1,0,3,0
2869.64,9,Education,3,959.69,2.99,1,0,0,0,1,0
486.8,21,Food,5,493.52,0.99,0,1,0,0,3,0
640.57,17,Food,1,416.59,1.54,0,0,0,0,3,0
4989.87,18,Education,4,1072.27,4.65,0,0,0,0,10,0
3188.21,12,Money Transfer,2,3240.13,0.98,0,0,0,0,3,0
36071.83,11,Shopping,3,4817.82,7.49,0,0,0,1,3,0
30.3,9,Shopping,5,4387.11,0.01,0,0,0,0,3,0
82465.35,13,Bills,6,4846.33,17.02,1,1,0,0,1,1
4123.48,14,Food,7,4589.37,0.9,0,0,0,0,2,0
48.97,16,Travel,6,1648.44,0.03,1,0,0,0,1,0
364.2,10,Shopping,3,745.88,0.49,1,0,0,0,1,0
15574.86,21,Shopping,3,3179.49,4.9,0,0,0,0,2,1
1844.62,8,Shopping,1,732.78,2.52,0,0,0,0,3,0
940.07,22,Money Transfer,8,859.61,1.09,0,0,0,0,6,1
575.21,1,Food,3,778.08,0.74,0,0,0,0,5,0
1418.14,13,Money Transfer,5,1602.43,0.88,1,0,1,0,1,0
1256.44,11,Money Transfer,3,999.04,1.26,1,0,0,0,1,0
558.39,13,Recharge,4,601.36,0.93,0,0,0,0,2,0
1078.81,15,Money Transfer,4,1386.52,0.78,0,0,0,0,2,0
37711.55,12,Money Transfer,3,4027.33,9.36,0,0,0,0,2,0
2264.81,12,Bills,4,1821.46,1.24,0,0,0,0,3,0
19853.1,17,Money Transfer,2,4091.68,4.85,1,0,0,0,1,1
2149.42,17,Food,2,692.39,3.1,0,0,0,0,2,0
2155.51,19,Education,1,628.84,3.43,0,0,0,0,3,0
2332.61,10,Healthcare,3,1842.64,1.27,0,0,0,0,2,0
1164.94,15,Shopping,1,1420.27,0.82,0,0,0,0,4,0
1929.12,15,Recharge,1,2242.77,0.86,1,1,0,0,1,0
4418.05,11,Money Transfer,2,3149.27,1.4,1,0,0,0,1,0
3092.74,13,Rent,3,2804.77,1.1,0,0,0,0,2,0
50445.31,11,Money Transfer,3,5433.29,9.28,1,0,0,0,1,0
1032.34,8,Other,4,1214.26,0.85,1,0,0,0,1,0
514.64,9,Money Transfer,2,716.09,0.72,1,0,0,0,1,0
1274.41,7,Money Transfer,3,1740.97,0.73,0,0,0,1,2,0
2326.2,16,Food,2,511.26,4.55,0,0,0,0,4,0
665.33,16,Shopping,3,913.57,0.73,1,0,0,0,1,0
38809.94,21,Shopping,3,719.49,53.94,1,0,0,0,1,1
1643.99,17,Shopping,4,1209.21,1.36,0,0,1,2,3,0
225.3,5,Shopping,1,512.22,0.44,0,0,1,2,4,0
916.47,19,Shopping,3,358.25,2.56,0,1,0,0,2,0
6478.64,19,Shopping,2,2224.96,2.91,1,0,0,0,1,0
3291.13,12,Food,3,1996.04,1.65,0,0,0,0,2,0
3024.62,15,Shopping,3,2518.02,1.2,1,0,0,0,1,0
9222.2,22,Money Transfer,3,2243.9,4.11,0,0,0,0,3,0
300.15,14,Recharge,3,518.47,0.58,0,0,0,0,4,0
865.45,20,Money Transfer,1,919.22,0.94,0,0,0,2,4,0
180.89,6,Food,4,549.69,0.33,0,0,0,0,2,0
8774.52,9,Shopping,1,3632.4,2.42,0,1,0,0,6,0
7885.85,12,Shopping,2,2773.17,2.84,0,0,0,1,9,0
339.72,15,Shopping,3,705.1,0.48,1,0,0,0,1,0
3997.02,18,Shopping,2,1051.5,3.8,1,0,0,1,1,0
2955.81,23,Rent,2,6419.37,0.46,0,0,0,1,4,0
1315.22,12,Shopping,3,1923.23,0.68,0,0,0,0,4,0
3849.64,5,Shopping,2,3207.42,1.2,0,0,0,0,3,0
1336.44,18,Shopping,3,853.19,1.57,0,0,0,0,8,0
591.36,15,Money Transfer,2,724.42,0.82,1,0,0,0,1,0
1631.41,9,Shopping,2,3057.77,0.53,0,0,0,0,2,0
1780.29,13,Money Transfer,2,2384.32,0.75,1,0,0,1,1,0
35.86,17,Money Transfer,3,2356.49,0.02,1,0,0,0,1,0
2110.47,18,Travel,3,1747.88,1.21,1,0,1,0,1,0
7846.77,13,Shopping,1,1792.46,4.38,0,0,0,0,2,0
3175.18,10,Bills,2,2695.19,1.18,0,0,0,0,3,0
1654.5,22,Food,1,866.49,1.91,1,0,0,1,1,1
4633.83,16,Shopping,3,1083.09,4.28,0,0,1,0,3,0
16907.97,12,Education,5,3995.2,4.23,0,1,0,0,2,1
43.8,10,Recharge,2,964.96,0.05,1,0,0,0,1,0
1919.96,17,Shopping,1,1722.61,1.11,1,0,0,0,1,0
2438.19,10,Rent,3,2483.06,0.98,1,0,0,0,1,0
14402.49,8,Bills,3,15000.0,0.96,0,0,0,0,3,0
1767.78,14,Travel,2,1328.6,1.33,0,0,0,1,4,0
1554.34,10,Shopping,4,1305.8,1.19,0,0,0,0,3,0
20588.73,16,Shopping,5,3628.0,5.67,1,0,0,0,1,1
14454.74,7,Money Transfer,2,3247.21,4.45,0,0,0,0,7,0
1676.78,16,Money Transfer,3,2663.99,0.63,0,0,0,0,2,0
6334.72,10,Food,5,1419.93,4.46,0,0,0,0,5,0
620.17,0,Money Transfer,2,1004.65,0.62,1,0,0,0,1,0
1921.01,8,Money Transfer,3,1989.05,0.97,0,0,0,0,2,0
19.3,21,Travel,2,4060.7,0.0,0,0,0,0,3,0
79.18,19,Shopping,6,4174.05,0.02,0,0,0,0,5,0
21.16,9,Rent,5,506.73,0.04,0,0,0,0,3,0
789.68,18,Travel,3,1306.61,0.6,0,0,0,1,2,0
1851.5,15,Recharge,2,1424.94,1.3,1,0,0,0,1,0
10471.41,22,Money Transfer,4,7138.89,1.47,0,0,0,2,11,0
6451.71,11,Food,2,2339.76,2.76,1,0,0,0,1,0
875.91,16,Shopping,1,1241.36,0.71,1,0,0,0,1,0
328.16,6,Money Transfer,3,347.53,0.94,0,0,0,0,2,0
2039.73,12,Food,2,1799.93,1.13,0,0,0,0,2,0
559.03,21,Shopping,3,481.82,1.16,1,0,0,0,1,0
12803.78,14,Rent,6,3537.27,3.62,0,0,0,0,4,1
3727.16,10,Money Transfer,3,2813.56,1.32,0,0,0,0,3,0
1974.74,7,Shopping,3,1410.83,1.4,0,0,0,0,2,0
861.7,17,Money Transfer,1,1309.32,0.66,0,0,1,3,14,1
26361.55,16,Shopping,3,4397.38,5.99,0,0,0,1,3,0
38959.73,11,Money Transfer,2,912.58,42.69,0,0,0,1,4,1
1257.33,21,Shopping,3,815.48,1.54,0,0,0,0,3,0
7509.02,2,Recharge,5,5340.22,1.41,0,0,0,0,3,0
2758.24,10,Food,4,3282.19,0.84,1,0,0,0,1,0
9454.06,20,Travel,2,3392.9,2.79,0,0,0,0,5,0
1052.43,11,Bills,2,690.88,1.52,0,0,0,0,7,0
2111.27,10,Money Transfer,4,578.39,3.65,1,0,0,0,1,0
67.2,14,Shopping,2,347.47,0.19,0,0,0,0,5,0
23255.32,18,Food,1,786.99,29.55,0,1,0,0,3,0
1344.74,7,Food,2,2978.51,0.45,1,0,0,0,1,0
816.29,21,Travel,2,794.08,1.03,0,0,0,0,8,1
1609.47,18,Money Transfer,4,2650.83,0.61,1,0,0,0,1,0
471.09,9,Shopping,2,822.41,0.57,1,0,0,3,1,1
864.87,17,Rent,3,1205.42,0.72,0,0,0,0,7,0
3622.86,12,Money Transfer,5,7651.44,0.47,0,0,1,0,2,0
3338.73,12,Food,6,805.42,4.15,0,0,0,0,3,0
1268.2,18,Food,5,1149.96,1.1,0,0,0,2,4,0
961.9,21,Money Transfer,2,944.81,1.02,1,0,1,1,1,0
685.75,8,Other,2,509.0,1.35,1,0,0,0,1,0
1311.78,12,Food,6,1511.65,0.87,0,0,0,1,19,0
2402.75,13,Shopping,3,1156.67,2.08,1,0,0,0,1,0
2230.13,11,Shopping,3,2436.73,0.92,0,0,0,0,3,0
4156.04,11,Shopping,2,3362.74,1.24,1,1,0,0,1,0
656.66,5,Shopping,2,1714.46,0.38,0,0,0,0,6,0
467.39,17,Shopping,2,358.91,1.3,0,0,0,0,10,0
36.32,12,Shopping,4,2036.55,0.02,1,0,0,0,1,0
310.71,9,Rent,2,402.57,0.77,0,0,0,0,3,0
2248.44,18,Shopping,3,2024.47,1.11,0,0,0,0,5,0
9594.12,18,Recharge,2,2379.5,4.03,0,0,0,0,5,0
77007.7,13,Shopping,1,696.64,110.54,0,0,0,0,2,1
11224.01,10,Food,4,3380.11,3.32,1,0,0,0,1,0
7205.85,16,Money Transfer,3,4656.14,1.55,0,0,0,0,2,0
6174.41,10,Other,3,3318.8,1.86,0,0,0,2,4,0
970.64,9,Shopping,2,955.2,1.02,0,0,0,0,15,0
6164.17,17,Money Transfer,1,1890.2,3.26,0,0,0,0,3,0
4095.06,4,Healthcare,4,4733.28,0.87,1,0,0,0,1,1
462.93,7,Education,4,995.95,0.46,1,0,0,0,1,0
49157.27,0,Bills,1,3386.92,14.51,0,0,0,0,9,1
327.66,8,Rent,3,317.14,1.03,0,0,0,0,2,0
280.03,6,Shopping,2,306.58,0.91,0,0,0,4,4,0
53.03,23,Food,3,2866.65,0.02,0,0,0,0,4,0
1602.05,10,Recharge,3,2879.7,0.56,0,0,0,0,7,0
8638.87,8,Food,4,3100.42,2.79,1,0,0,0,1,0
59.46,10,Food,1,5087.36,0.01,0,0,0,0,2,0
1069.0,21,Rent,3,525.82,2.03,0,0,0,0,7,0
1016.33,14,Bills,2,775.1,1.31,0,0,0,0,3,0
17583.42,11,Shopping,4,4512.98,3.9,1,0,0,0,1,1
351.68,19,Money Transfer,3,651.16,0.54,1,0,1,0,1,0
1702.78,12,Money Transfer,3,2363.57,0.72,1,0,1,0,1,0
1077.97,11,Money Transfer,4,1660.81,0.65,0,0,0,0,15,0
351.85,9,Shopping,2,456.35,0.77,1,0,0,0,1,0
859.26,12,Shopping,2,904.51,0.95,0,0,0,0,6,0
2091.6,11,Food,4,1622.54,1.29,1,0,0,0,1,0
5607.22,16,Rent,3,3743.24,1.5,1,0,0,0,1,0
3428.61,10,Food,2,2512.96,1.36,0,0,0,0,6,0
3463.06,15,Shopping,3,2050.59,1.69,0,0,0,1,7,0
892.62,6,Money Transfer,3,1533.44,0.58,1,1,0,0,1,0
911.24,9,Food,4,938.63,0.97,1,0,1,0,1,0
980.21,12,Shopping,2,528.56,1.85,0,0,0,1,3,0
896.82,21,Money Transfer,4,1246.92,0.72,1,0,0,0,1,1
30228.46,12,Shopping,1,352.08,85.86,0,0,0,2,9,1
536.88,16,Shopping,3,726.71,0.74,0,0,1,0,2,0
1702.91,10,Other,7,1319.67,1.29,0,0,0,0,2,0
1705.84,8,Money Transfer,2,1276.19,1.34,1,0,1,0,1,0
344.64,5,Bills,2,381.55,0.9,1,0,0,0,1,0
2306.94,10,Rent,2,1900.76,1.21,0,0,0,0,2,0
1764.15,8,Travel,3,1736.05,1.02,1,0,0,0,1,0
399.39,8,Bills,4,446.38,0.89,0,0,0,0,3,0
4938.67,18,Food,1,5461.62,0.9,0,0,1,0,5,0
384.22,1,Money Transfer,3,488.41,0.79,1,0,0,3,1,1
4068.92,14,Money Transfer,3,3773.78,1.08,0,0,0,0,3,0
291.43,12,Money Transfer,3,300.56,0.97,0,0,0,1,5,0
4939.83,13,Recharge,4,4151.02,1.19,0,0,0,0,2,0
52.88,14,Bills,3,335.85,0.16,0,0,0,0,10,0
1628.1,11,Healthcare,4,2852.47,0.57,1,0,0,0,1,0
930.11,10,Shopping,3,1108.08,0.84,0,0,1,0,2,0
2009.69,17,Travel,4,2712.43,0.74,1,0,0,0,1,0
1010.48,19,Recharge,3,1224.73,0.83,0,0,0,1,16,0
441.78,9,Shopping,3,432.39,1.02,1,0,0,0,1,0
3589.88,7,Shopping,5,2926.01,1.23,0,0,0,0,2,0
865.13,20,Travel,3,433.05,2.0,0,0,0,0,6,0
20557.03,11,Food,1,4894.67,4.2,0,0,0,1,8,0
1633.07,14,Bills,3,394.17,4.14,0,0,0,0,8,0
1130.15,11,Shopping,4,1474.73,0.77,0,0,0,0,3,0
2991.75,8,Bills,3,2610.95,1.15,0,0,0,0,4,0
50.26,15,Shopping,3,1199.34,0.04,0,0,0,0,2,0
13.0,14,Shopping,2,740.86,0.02,0,0,0,0,3,0
3034.26,9,Shopping,5,2862.0,1.06,0,0,0,0,2,0
2441.79,13,Bills,2,3060.92,0.8,0,0,0,0,4,0
6401.93,18,Food,2,4907.99,1.3,0,0,0,0,2,0
810.17,15,Food,1,1149.37,0.7,0,0,0,0,6,0
3489.37,7,Money Transfer,2,1570.31,2.22,1,0,0,0,1,0
1215.81,14,Education,1,1112.14,1.09,0,0,0,0,3,0
817.86,17,Money Transfer,4,834.9,0.98,0,0,1,0,3,0
2000.34,18,Bills,7,2802.78,0.71,1,0,0,0,1,0
2554.67,16,Money Transfer,1,1046.98,2.44,1,0,0,0,1,0
1805.94,8,Money Transfer,3,1305.98,1.38,1,0,1,0,1,0
1889.14,17,Money Transfer,3,1230.54,1.54,0,0,1,0,10,0
8780.66,16,Money Transfer,7,2544.77,3.45,0,0,0,1,8,0
33464.89,2,Travel,5,4797.38,6.98,1,0,0,0,1,1
2058.37,12,Money Transfer,1,2277.98,0.9,0,0,0,0,2,0
1202.08,11,Shopping,3,1448.16,0.83,0,0,0,0,2,0
3156.17,16,Recharge,1,3018.94,1.05,0,0,0,0,2,1
2711.41,9,Money Transfer,4,2143.84,1.26,1,0,0,1,1,0
500.25,15,Food,3,412.54,1.21,0,0,0,2,7,0
703.22,20,Recharge,3,481.0,1.46,0,0,0,1,7,0
463.13,18,Food,3,369.58,1.25,1,0,0,0,1,0
1065.1,20,Shopping,4,1398.55,0.76,0,0,0,0,3,0
2659.44,22,Recharge,6,3446.14,0.77,1,0,0,0,1,0
59.78,0,Food,4,975.98,0.06,0,0,0,0,3,1
1718.15,15,Money Transfer,5,1172.58,1.47,0,0,0,0,6,0
7011.82,12,Shopping,3,4623.87,1.52,0,0,0,0,3,0
2308.74,19,Bills,3,3564.14,0.65,0,0,0,0,2,0
3808.63,10,Food,3,2268.78,1.68,0,0,1,1,9,0
692.07,22,Food,3,858.62,0.81,0,0,1,0,4,0
585.33,15,Recharge,2,524.06,1.12,1,0,0,0,1,0
490.06,18,Bills,3,329.14,1.49,0,0,0,0,2,0
586.75,6,Shopping,5,503.73,1.16,0,0,0,0,4,0
890.96,9,Money Transfer,3,923.08,0.97,1,0,0,1,1,0
2267.69,18,Shopping,1,1744.49,1.3,1,0,0,0,1,0
649.67,2,Travel,1,419.05,1.55,0,0,1,3,6,1
417.8,18,Shopping,3,563.6,0.74,1,0,1,0,1,0
704.95,1,Food,2,659.59,1.07,0,0,0,0,4,0
1432.33,16,Bills,1,2099.32,0.68,0,0,0,0,2,0
3045.87,11,Education,3,2021.82,1.51,0,0,0,0,5,0
2053.33,15,Money Transfer,3,1740.38,1.18,0,1,1,0,6,0
828.96,17,Bills,3,819.03,1.01,0,1,0,2,9,0
982.94,11,Shopping,6,1134.87,0.87,1,0,0,0,1,0
70274.54,7,Bills,4,483.04,145.48,0,0,0,3,2,0
59.75,6,Shopping,2,762.2,0.08,0,0,0,0,3,0
719.16,15,Money Transfer,3,4403.81,0.16,0,0,0,2,7,0
8336.68,14,Bills,2,7314.11,1.14,1,0,0,1,1,0
2291.89,17,Shopping,2,2177.68,1.05,1,0,0,0,1,0
75394.59,14,Shopping,3,4776.22,15.79,1,0,1,0,1,1
2662.5,12,Travel,2,2152.73,1.24,0,0,0,3,2,0
260.5,12,Travel,4,360.77,0.72,0,0,0,0,4,0
18230.46,2,Food,2,10619.36,1.72,0,0,0,0,4,0
632.02,11,Travel,2,487.55,1.3,1,0,0,3,1,1
2770.01,22,Food,3,2365.9,1.17,0,0,1,0,5,0
655.74,19,Rent,5,824.65,0.8,0,0,0,0,4,0
1914.93,11,Money Transfer,2,1195.59,1.6,0,0,1,0,2,0
43.91,15,Shopping,4,2168.89,0.02,0,0,0,0,3,0
4663.73,19,Recharge,3,1332.42,3.5,0,0,0,0,5,0
761.89,12,Food,3,819.14,0.93,1,0,0,0,1,0
1650.65,1,Money Transfer,5,1032.84,1.6,0,0,0,0,8,0
770.26,6,Money Transfer,5,1052.15,0.73,1,0,0,0,1,0
6294.02,14,Healthcare,3,6063.81,1.04,0,1,0,0,7,0
3606.45,22,Shopping,1,3184.55,1.13,0,0,0,0,4,0
1713.83,17,Food,3,1404.3,1.22,0,0,0,1,4,0
55126.99,6,Money Transfer,3,701.26,78.61,1,0,0,1,1,1
3569.59,9,Food,3,3298.97,1.08,0,0,1,0,8,0
69249.35,18,Shopping,2,607.81,113.93,1,0,0,0,1,1
32.21,19,Education,1,725.35,0.04,0,0,0,0,4,0
49222.52,15,Recharge,2,1120.31,43.94,0,0,0,0,7,1
3808.88,16,Food,3,4121.7,0.92,1,0,0,0,1,0
2211.48,2,Travel,4,554.37,3.99,0,0,0,0,7,0
318.29,19,Recharge,3,534.68,0.6,0,0,0,0,3,0
1339.9,18,Travel,1,1526.1,0.88,0,0,0,3,4,0
978.16,10,Shopping,2,882.36,1.11,0,0,0,0,7,0
1735.23,17,Food,4,1813.83,0.96,0,0,0,0,3,0
206.08,9,Food,2,1381.47,0.15,0,0,0,1,2,0
926.39,4,Money Transfer,4,1327.54,0.7,0,0,0,1,3,0
919.77,9,Travel,1,513.76,1.79,0,0,0,0,3,0
1691.3,9,Recharge,4,573.68,2.95,1,0,0,0,1,0
12400.37,11,Recharge,2,3397.46,3.65,1,0,0,0,1,0
39.68,12,Money Transfer,4,4206.95,0.01,1,0,1,0,1,0
72444.98,13,Shopping,4,781.44,92.71,1,0,0,0,1,1
923.25,13,Other,3,516.77,1.79,0,0,0,0,4,0
825.89,10,Bills,2,398.81,2.07,1,0,0,0,1,0
14.62,3,Shopping,2,1987.06,0.01,0,0,0,1,2,0
1877.29,15,Recharge,3,2561.71,0.73,0,0,0,0,2,0
402.07,12,Education,3,1139.71,0.35,0,0,0,1,8,0
47029.7,10,Money Transfer,5,2349.16,20.02,0,1,0,0,2,1
58.35,19,Food,2,2546.63,0.02,0,0,0,0,5,0
6337.39,17,Money Transfer,1,5229.57,1.21,0,0,0,0,2,0
292.89,19,Shopping,4,420.73,0.7,1,0,0,0,1,0
632.77,13,Money Transfer,2,684.4,0.92,1,1,0,0,1,0
1398.07,8,Bills,7,427.78,3.27,0,0,0,1,2,0
2377.19,17,Shopping,2,3944.83,0.6,1,0,0,0,1,0
2454.01,9,Money Transfer,3,3131.48,0.78,0,1,0,0,3,1
1716.27,12,Money Transfer,7,1838.68,0.93,0,0,0,0,2,0
434.32,6,Food,5,457.27,0.95,0,0,0,0,4,0
677.88,19,Recharge,2,874.67,0.78,1,0,0,1,1,0
289.19,8,Money Transfer,2,936.16,0.31,0,0,0,0,3,0
2242.11,20,Money Transfer,2,1780.81,1.26,1,1,0,0,1,0
1941.35,19,Travel,1,837.24,2.32,0,0,0,0,4,1
140.09,13,Money Transfer,2,436.37,0.32,0,0,0,0,2,0
9486.45,17,Shopping,2,2661.89,3.56,0,0,0,0,3,0
957.96,15,Money Transfer,8,939.65,1.02,0,0,0,0,7,0
6043.9,18,Shopping,1,1383.89,4.37,0,0,0,0,2,0
61.64,12,Shopping,3,545.85,0.11,1,0,0,0,1,0
15076.41,18,Money Transfer,5,3220.07,4.68,0,1,0,0,7,1
1709.19,13,Money Transfer,3,1800.54,0.95,0,0,0,0,2,0
4313.84,21,Recharge,4,4473.42,0.96,0,0,0,0,4,0
4776.98,13,Money Transfer,1,1531.44,3.12,0,0,0,0,2,0
18207.37,13,Food,1,5407.43,3.37,1,0,0,0,1,0
3044.53,18,Food,5,4303.93,0.71,0,0,0,0,3,0
881.19,18,Shopping,3,1846.39,0.48,1,0,1,0,1,0
6248.25,14,Food,3,5189.68,1.2,0,0,0,0,6,0
1709.04,9,Shopping,1,1002.39,1.7,0,0,0,0,2,0
1649.17,13,Healthcare,3,1119.26,1.47,1,0,0,1,1,0
64180.36,22,Shopping,5,383.78,167.23,0,0,0,0,2,1
1624.93,17,Money Transfer,2,1901.37,0.85,0,0,1,0,5,0
6694.64,18,Shopping,6,2603.75,2.57,0,0,0,0,6,0
3593.91,3,Other,4,2973.17,1.21,0,0,0,4,3,0
455.8,13,Money Transfer,4,592.15,0.77,1,0,0,0,1,0
807.63,16,Food,2,1357.09,0.6,0,0,0,1,3,0
818.37,19,Shopping,5,650.34,1.26,0,0,0,0,6,0
3199.99,5,Travel,2,2253.16,1.42,0,0,0,0,2,0
729.3,19,Shopping,8,609.44,1.2,0,0,0,0,2,0
14506.68,14,Recharge,4,4521.2,3.21,0,0,0,0,3,0
2515.21,9,Shopping,2,771.94,3.26,0,0,0,0,7,0
21.14,11,Shopping,2,920.04,0.02,0,0,0,0,3,0
13579.92,10,Shopping,3,3725.72,3.64,1,0,0,0,1,0
1223.56,14,Money Transfer,1,1404.03,0.87,1,0,0,0,1,0
69.55,5,Food,2,343.72,0.2,1,0,0,0,1,1
1313.63,8,Shopping,2,1528.28,0.86,0,1,0,0,9,0
652.89,18,Bills,1,459.0,1.42,0,0,0,0,5,0
35251.8,8,Money Transfer,3,7901.32,4.46,0,0,0,0,5,0
1975.93,9,Food,2,1896.6,1.04,0,0,0,0,2,0
1173.37,13,Money Transfer,3,833.57,1.41,0,0,0,0,4,0
1964.31,14,Money Transfer,2,1793.04,1.1,1,0,1,0,1,0
500.24,18,Food,2,443.97,1.13,0,0,0,0,3,0
11668.73,12,Shopping,2,3196.01,3.65,0,0,0,0,5,0
5283.9,18,Shopping,3,4970.37,1.06,1,0,0,0,1,0
2571.02,15,Education,3,4035.01,0.64,1,0,1,0,1,1
47645.49,7,Healthcare,1,1052.73,45.26,1,1,0,0,1,1
1274.63,8,Money Transfer,2,1009.53,1.26,1,0,0,0,1,0
1564.33,12,Rent,2,364.29,4.29,0,0,0,0,5,0
2964.46,12,Food,3,2196.9,1.35,0,0,0,0,2,0
2415.99,17,Money Transfer,1,1677.92,1.44,0,0,0,0,4,0
847.47,15,Shopping,3,1406.96,0.6,0,0,0,0,5,0
71398.94,12,Shopping,3,4587.53,15.56,0,0,0,0,5,0
587.67,8,Travel,6,630.8,0.93,0,0,1,0,6,0
372.18,9,Food,3,317.48,1.17,0,0,0,0,3,0
94.78,15,Shopping,3,437.06,0.22,1,0,0,3,1,0
41.91,12,Shopping,1,755.03,0.06,1,0,0,0,1,0
426.4,14,Shopping,1,360.93,1.18,0,0,1,0,2,0
4296.26,8,Travel,1,1557.93,2.76,1,0,0,0,1,0
3433.64,16,Shopping,3,978.62,3.51,0,0,0,0,7,0
1766.02,19,Shopping,2,658.27,2.68,0,0,0,0,2,0
3439.74,10,Bills,3,2795.94,1.23,0,1,0,0,6,1
735.38,13,Shopping,2,711.7,1.03,0,0,0,0,4,0
71340.12,22,Food,5,2394.28,29.8,0,0,0,1,6,1
4634.8,11,Shopping,3,1073.37,4.32,0,1,0,0,7,0
1190.28,15,Shopping,1,1590.76,0.75,1,1,0,0,1,1
65759.76,7,Shopping,3,5188.96,12.67,0,0,0,1,4,1
292.05,15,Travel,2,368.52,0.79,1,0,0,1,1,0
896.84,7,Education,1,1548.62,0.58,0,0,0,0,13,0
3524.95,21,Bills,6,3768.69,0.94,0,0,0,0,5,0
1846.34,17,Money Transfer,6,1896.0,0.97,1,0,0,1,1,0
600.73,18,Food,5,883.5,0.68,0,0,0,0,8,0
578.7,17,Shopping,5,1212.54,0.48,1,0,0,0,1,0
1855.66,15,Rent,4,2352.48,0.79,0,0,0,0,2,0
3891.28,13,Recharge,3,4286.43,0.91,0,0,0,3,3,0
1203.93,19,Shopping,4,375.48,3.21,0,0,1,0,7,0
388.11,21,Shopping,2,433.61,0.9,0,0,0,0,8,0
1342.13,13,Shopping,3,1007.61,1.33,0,0,0,1,3,0
602.08,21,Shopping,4,776.97,0.77,0,0,0,0,2,0
1220.83,15,Shopping,2,854.02,1.43,1,0,0,0,1,0
191.62,14,Food,2,750.16,0.26,0,0,0,0,2,0
982.66,13,Money Transfer,5,692.29,1.42,1,0,0,0,1,0
741.5,9,Recharge,2,551.96,1.34,0,0,0,0,4,0
950.96,0,Bills,2,5191.33,0.18,0,0,0,1,3,0
2128.12,10,Money Transfer,2,580.27,3.67,0,0,0,0,5,0
864.08,14,Rent,3,711.59,1.21,1,0,0,0,1,0
523.41,12,Money Transfer,3,808.89,0.65,0,0,0,2,2,0
74011.0,13,Food,3,5165.91,14.33,1,0,0,1,1,1
4286.86,22,Rent,1,2836.95,1.51,0,0,0,0,3,0
45861.07,11,Food,3,3106.59,14.76,0,0,0,1,2,1
2198.99,13,Money Transfer,3,499.19,4.41,0,0,0,0,2,1
4515.21,8,Food,5,3557.6,1.27,0,0,0,0,2,0
1162.89,5,Money Transfer,1,1244.23,0.93,0,0,0,0,4,1
1132.12,18,Rent,3,848.87,1.33,0,0,0,0,2,0
30404.74,15,Healthcare,1,1843.38,16.49,1,0,0,0,1,1
33074.21,18,Bills,3,3408.6,9.7,0,1,0,0,3,1
58.77,8,Shopping,3,3014.44,0.02,0,0,0,0,3,0
3724.17,15,Education,4,4273.05,0.87,1,0,0,0,1,0
4467.76,10,Money Transfer,3,5039.27,0.89,1,0,0,0,1,0
1984.0,9,Recharge,4,789.54,2.51,1,0,0,2,1,0
62.25,0,Bills,3,1292.52,0.05,1,0,0,0,1,1
815.35,8,Money Transfer,3,326.53,2.5,1,1,0,1,1,0
61747.02,11,Shopping,4,4106.33,15.04,1,0,0,0,1,1
81953.68,7,Rent,5,602.24,136.08,1,0,0,0,1,0
3364.38,22,Food,1,3858.07,0.87,0,0,0,0,7,0
1142.33,11,Food,6,1019.21,1.12,0,0,1,0,2,1
1239.09,8,Rent,6,1126.34,1.1,0,0,1,0,2,0
200.0,9,Shopping,3,371.85,0.54,1,0,0,0,1,0
1380.0,15,Bills,2,1012.49,1.36,0,0,0,0,10,0
4118.5,6,Other,1,4246.52,0.97,0,0,0,2,3,0
80.58,19,Food,2,346.58,0.23,0,0,0,0,3,0
77.57,21,Shopping,4,1238.57,0.06,0,0,0,0,4,0
169.75,10,Rent,2,357.43,0.47,0,0,1,0,2,0
5391.7,13,Shopping,3,1134.3,4.75,0,0,0,0,10,0
66.49,2,Recharge,1,641.13,0.1,1,0,0,0,1,1
810.96,16,Shopping,2,823.16,0.99,0,0,0,1,2,0
47553.09,12,Food,7,4080.81,11.65,1,0,0,0,1,0
2498.66,10,Rent,3,1331.02,1.88,0,0,0,0,5,0
1035.33,9,Food,5,875.87,1.18,1,0,0,0,1,0
1173.5,16,Food,3,1901.97,0.62,0,0,0,0,3,0
1708.17,12,Bills,1,575.9,2.97,1,0,0,0,1,0
1776.42,9,Shopping,2,840.51,2.11,0,0,0,0,2,0
4716.97,17,Shopping,2,1722.37,2.74,1,0,0,0,1,0
2432.91,14,Shopping,6,788.13,3.09,0,0,1,0,7,0
11237.2,19,Recharge,2,2346.08,4.79,1,0,0,0,1,1
1748.4,7,Education,2,1517.29,1.15,0,0,0,0,3,0
3649.61,18,Food,2,2961.05,1.23,0,0,0,0,4,0
8047.42,16,Food,3,5630.21,1.43,0,0,0,0,7,0
740.6,7,Food,2,521.54,1.42,0,0,0,1,6,0
935.33,17,Shopping,3,1033.44,0.91,0,0,0,0,11,0
860.65,12,Recharge,2,993.0,0.87,1,0,0,0,1,0
2711.8,21,Money Transfer,3,595.04,4.56,1,0,0,1,1,1
4149.99,8,Money Transfer,5,3292.19,1.26,0,0,0,0,2,0
2188.27,16,Money Transfer,1,2867.9,0.76,0,0,0,0,3,0
700.21,12,Shopping,2,1492.45,0.47,0,0,0,0,2,0
1515.21,21,Shopping,2,1689.05,0.9,0,0,0,0,4,0
861.69,11,Travel,4,410.5,2.1,1,0,0,0,1,0
2185.9,21,Shopping,4,1759.48,1.24,1,0,0,1,1,1
2958.4,20,Food,5,3120.7,0.95,0,0,0,0,4,0
31903.81,10,Shopping,3,1835.24,17.38,0,0,0,0,7,0
2366.11,18,Money Transfer,4,854.94,2.77,0,0,0,1,5,1
1796.13,23,Rent,4,2282.27,0.79,1,0,1,0,1,1
985.16,10,Money Transfer,1,1107.51,0.89,0,1,0,0,8,0
2418.47,12,Travel,3,1716.92,1.41,0,0,0,0,3,0
70278.62,14,Rent,2,1503.45,46.74,0,0,0,0,4,1
1169.65,10,Food,3,1163.88,1.0,1,0,0,0,1,0
8740.72,1,Money Transfer,2,2584.14,3.38,0,0,0,0,3,0
6726.79,9,Food,3,4175.58,1.61,0,0,1,0,2,0
666.42,10,Recharge,2,309.41,2.15,0,0,1,0,11,0
77638.59,12,Travel,1,5182.15,14.98,0,0,0,0,2,1
784.57,8,Shopping,5,1589.6,0.49,0,0,0,0,4,0
4841.49,19,Shopping,3,2471.55,1.96,0,0,0,0,3,0
63.45,17,Rent,4,3783.61,0.02,1,0,0,0,1,0
2498.24,6,Food,1,1432.97,1.74,0,0,0,0,3,0
5351.97,16,Shopping,4,3542.97,1.51,0,0,0,0,3,0
955.0,16,Money Transfer,4,651.99,1.46,0,0,0,0,4,0
596.32,21,Food,2,612.05,0.97,0,0,0,0,2,0
2063.82,0,Money Transfer,2,2228.52,0.93,0,0,0,0,6,0
3241.52,10,Bills,3,3974.38,0.82,0,0,1,0,3,0
25808.71,20,Shopping,4,4313.24,5.98,1,0,0,0,1,1
2961.51,21,Shopping,1,2157.77,1.37,0,0,0,1,4,0
1627.36,17,Travel,3,1641.85,0.99,0,0,0,0,7,0
41909.27,18,Money Transfer,2,1024.61,40.9,0,0,0,1,4,1
6978.6,7,Travel,2,7341.68,0.95,0,0,0,0,2,0
520.5,14,Money Transfer,1,993.39,0.52,0,0,0,0,3,0
2745.67,9,Shopping,3,2753.95,1.0,1,0,0,2,1,0
7653.89,9,Bills,3,1666.65,4.59,0,0,0,0,3,0
1638.88,18,Bills,5,1988.04,0.82,0,0,0,0,2,0
881.98,8,Travel,2,1200.03,0.73,1,0,0,0,1,0
7398.31,13,Rent,3,6325.26,1.17,0,0,1,0,2,0
2318.12,21,Food,2,1826.2,1.27,1,0,0,0,1,0
4711.33,9,Money Transfer,2,5298.96,0.89,0,0,0,0,2,0
258.76,22,Shopping,2,313.72,0.82,1,0,0,2,1,0
2538.11,23,Recharge,1,1830.36,1.39,0,0,0,0,6,0
4394.24,14,Shopping,4,2573.34,1.71,0,0,0,0,4,0
42.97,8,Healthcare,2,2760.25,0.02,0,0,0,1,4,0
4880.74,11,Money Transfer,3,4536.54,1.08,0,0,1,1,2,0
56.48,12,Shopping,3,307.94,0.18,1,0,1,0,1,0
44.97,11,Food,2,300.59,0.15,1,0,0,0,1,0
952.74,10,Education,3,1450.48,0.66,0,0,0,1,4,0
234.67,22,Travel,5,353.52,0.66,0,0,0,0,3,0
17049.7,8,Bills,2,6906.64,2.47,0,0,0,0,3,0
1129.01,17,Food,1,752.0,1.5,1,0,0,0,1,0
684.47,0,Travel,3,1451.85,0.47,1,0,0,0,1,0
518.04,15,Bills,3,413.56,1.25,0,0,0,4,5,0
2232.79,20,Shopping,3,1628.84,1.37,1,0,0,0,1,0
3356.94,10,Money Transfer,2,1160.34,2.89,1,1,0,0,1,1
81.38,9,Shopping,1,382.24,0.21,1,0,0,0,1,0
1296.82,16,Other,6,1034.68,1.25,0,0,0,0,3,0
991.01,17,Healthcare,1,1193.98,0.83,0,1,0,0,14,0
69485.36,17,Shopping,3,8575.23,8.1,1,0,0,1,1,1
34037.0,11,Travel,2,719.49,47.31,0,0,0,0,2,0
577.76,10,Recharge,4,1716.55,0.34,0,1,0,0,3,0
9090.76,21,Shopping,3,8161.28,1.11,0,0,0,3,5,0
2370.74,20,Food,3,3126.56,0.76,0,1,0,0,4,0
36133.39,13,Recharge,4,9328.39,3.87,0,1,0,0,5,1
14630.8,19,Shopping,3,6512.49,2.25,0,0,0,1,3,0
7548.5,13,Travel,1,1510.4,5.0,0,0,0,0,2,0
67626.85,12,Rent,6,2445.54,27.65,0,0,0,0,3,1
1608.43,8,Recharge,7,510.66,3.15,0,0,0,1,7,0
5547.62,12,Other,3,1347.37,4.12,0,1,0,0,3,0
3001.02,14,Healthcare,5,3280.04,0.91,0,0,0,0,3,0
2337.78,2,Money Transfer,8,1566.98,1.49,0,0,0,0,2,0
1866.32,12,Education,1,2483.42,0.75,0,0,0,0,3,0
1368.14,18,Bills,4,2765.0,0.49,0,0,0,0,3,0
880.64,16,Money Transfer,2,826.17,1.07,0,0,0,0,4,0
5984.78,16,Bills,2,4053.09,1.48,0,0,0,0,3,0
1310.19,20,Shopping,3,1408.54,0.93,1,0,0,0,1,0
254.61,1,Food,4,724.72,0.35,0,0,0,1,3,0
17882.41,14,Shopping,2,3910.02,4.57,1,0,0,0,1,0
5761.53,18,Shopping,3,1273.75,4.52,1,0,0,1,1,0
20.99,14,Shopping,2,2797.58,0.01,0,0,0,0,5,0
1728.81,11,Travel,3,1729.46,1.0,1,0,0,0,1,0
919.42,8,Money Transfer,1,1165.91,0.79,0,0,0,0,3,0
7116.82,20,Travel,3,3288.15,2.16,0,0,0,0,13,0
2195.78,13,Shopping,1,1880.76,1.17,1,0,0,0,1,0
3241.88,19,Money Transfer,6,1191.39,2.72,1,0,0,0,1,1
512.76,15,Food,4,508.95,1.01,0,0,0,0,5,0
5583.81,16,Bills,4,4364.48,1.28,1,0,0,0,1,0
502.14,18,Money Transfer,2,365.01,1.38,0,0,0,0,6,0
4806.68,16,Food,3,3880.46,1.24,1,0,0,0,1,0
57.85,12,Education,4,1103.21,0.05,0,0,0,0,7,0
3079.94,14,Food,2,2135.67,1.44,1,0,0,1,1,0
5847.47,18,Shopping,2,4896.5,1.19,0,0,0,0,8,0
1455.85,11,Shopping,2,596.15,2.44,0,0,0,0,6,0
1296.25,12,Education,1,1806.43,0.72,0,0,0,0,3,0
2752.59,7,Shopping,4,2902.37,0.95,0,0,0,0,5,0
3077.84,20,Education,2,2850.78,1.08,1,0,0,0,1,0
2579.73,7,Food,2,1642.39,1.57,1,0,0,0,1,0
27781.91,16,Recharge,4,2064.24,13.46,0,0,0,0,2,0
8346.42,12,Bills,2,2850.36,2.93,0,0,0,0,3,0
31.9,12,Other,2,3610.24,0.01,0,0,0,1,6,0
2218.62,16,Money Transfer,1,2882.46,0.77,0,0,0,0,3,0
1492.72,6,Bills,4,1086.53,1.37,0,0,0,0,4,0
13981.93,15,Money Transfer,1,10599.36,1.32,0,0,1,0,4,0
4670.97,18,Money Transfer,3,1326.09,3.52,0,0,0,0,6,0
548.45,19,Food,3,344.58,1.59,0,0,0,0,5,0
1493.91,8,Education,5,1110.69,1.35,0,0,0,0,11,0
201.27,20,Other,4,546.09,0.37,1,0,0,0,1,0
1586.18,16,Bills,3,533.05,2.98,1,0,0,0,1,0
265.23,19,Money Transfer,6,895.15,0.3,0,0,1,0,8,0
496.37,13,Money Transfer,2,398.73,1.24,0,0,0,0,5,0
1675.97,14,Travel,5,2399.51,0.7,1,1,0,2,1,1
1372.9,20,Shopping,4,438.36,3.13,0,0,0,1,11,0
83846.42,20,Shopping,2,709.08,118.25,0,0,0,0,6,1
2170.28,13,Money Transfer,3,475.5,4.56,1,0,1,0,1,1
450.96,10,Rent,2,417.45,1.08,0,0,0,0,5,0
1311.06,12,Rent,4,860.94,1.52,0,0,0,0,5,1
708.44,12,Shopping,4,1827.11,0.39,1,0,0,0,1,0
9093.44,10,Shopping,2,6318.23,1.44,0,0,0,0,4,0
74767.57,10,Shopping,4,4051.03,18.46,0,0,0,0,10,1
3786.4,19,Other,4,4056.49,0.93,0,0,0,0,4,0
249.05,6,Money Transfer,5,648.6,0.38,0,0,0,0,5,0
884.52,16,Money Transfer,4,853.97,1.04,1,0,0,0,1,0
297.03,8,Travel,5,443.04,0.67,0,0,0,0,4,0
8500.87,11,Shopping,3,3012.94,2.82,1,0,0,0,1,0
363.23,6,Healthcare,2,430.27,0.84,1,0,0,1,1,0
1768.7,10,Bills,2,1764.3,1.0,0,0,0,1,3,0
69078.65,18,Shopping,3,812.74,84.99,0,0,0,0,4,1
1801.9,19,Money Transfer,1,802.17,2.25,0,0,0,0,3,0
37099.16,9,Education,2,8724.79,4.25,0,0,0,0,8,0
2531.24,13,Healthcare,4,2844.82,0.89,0,1,0,1,4,0
4256.52,13,Money Transfer,2,3564.54,1.19,1,0,0,0,1,0
58777.88,19,Food,2,1827.46,32.16,0,0,0,0,8,0
5294.33,18,Shopping,3,3986.5,1.33,1,0,0,0,1,0
1874.92,14,Other,4,2166.64,0.87,0,0,0,0,4,0
6441.16,16,Shopping,1,5559.59,1.16,1,0,0,3,1,0
51313.34,19,Healthcare,2,894.66,57.36,0,0,0,0,19,1
1766.82,0,Food,4,1928.38,0.92,0,1,0,0,2,0
3005.11,12,Food,1,2408.89,1.25,0,0,0,0,2,0
957.28,20,Money Transfer,7,1198.42,0.8,0,0,0,0,2,0
2962.13,17,Shopping,3,4112.1,0.72,1,0,0,0,1,0
8018.58,14,Shopping,2,7324.01,1.09,0,0,0,0,2,0
1072.47,14,Shopping,1,1525.37,0.7,1,0,0,0,1,0
1515.18,11,Shopping,2,1191.62,1.27,0,0,0,0,5,0
1289.13,14,Bills,4,1449.37,0.89,0,0,0,0,9,0
3560.97,16,Money Transfer,2,3747.96,0.95,0,0,1,0,5,0
14.47,12,Shopping,4,2166.52,0.01,0,1,1,0,2,0
338.93,17,Healthcare,1,382.45,0.89,1,0,0,3,1,0
1547.53,19,Education,4,1706.26,0.91,1,0,0,0,1,0
709.6,8,Recharge,3,331.41,2.14,0,0,0,0,2,0
4687.73,13,Other,2,3013.49,1.56,0,0,0,0,4,0
2298.9,12,Shopping,2,1016.33,2.26,0,0,0,0,5,0
1787.09,17,Money Transfer,7,1449.61,1.23,0,0,0,0,3,0
4707.97,10,Bills,9,3185.13,1.48,0,0,0,0,11,0
121.58,16,Travel,6,385.61,0.32,0,0,0,0,2,0
526.06,19,Shopping,1,610.71,0.86,0,0,0,0,3,0
1304.24,12,Bills,2,1213.38,1.07,1,0,0,0,1,0
68839.02,20,Shopping,2,770.28,89.37,0,0,0,0,2,0
27.86,23,Shopping,2,1042.21,0.03,0,0,0,0,4,0
14187.17,7,Food,3,11650.86,1.22,0,0,0,1,3,0
1833.72,9,Food,3,3441.61,0.53,0,0,0,0,2,0
4476.35,21,Food,1,4175.97,1.07,1,0,0,0,1,0
4438.3,21,Shopping,2,5277.88,0.84,0,0,0,0,2,0
1179.53,7,Education,3,1050.48,1.12,1,0,0,0,1,0
1115.7,1,Rent,1,934.51,1.19,0,0,0,0,3,0
46.06,8,Shopping,3,779.98,0.06,0,0,0,0,2,0
1211.08,23,Education,3,3490.76,0.35,0,0,0,1,2,0
2749.21,9,Healthcare,1,2348.46,1.17,0,0,0,0,3,0
878.21,13,Education,3,784.94,1.12,0,0,1,0,3,0
3055.43,19,Bills,3,1151.76,2.65,0,0,0,0,3,0
718.14,1,Food,1,1571.99,0.46,0,0,0,0,2,0
1980.26,15,Food,5,1651.93,1.2,0,0,0,0,2,0
26903.49,10,Shopping,3,4252.4,6.33,0,0,0,1,5,0
1491.21,19,Money Transfer,1,1162.11,1.28,0,0,0,0,2,0
4799.03,10,Money Transfer,2,4605.02,1.04,0,0,0,1,3,0
37.15,17,Rent,3,1348.07,0.03,0,0,0,0,13,0
10.0,16,Travel,1,2769.4,0.0,1,0,0,2,1,1
27680.68,9,Money Transfer,5,5093.22,5.43,0,0,0,0,4,0
18935.92,3,Shopping,4,4586.46,4.13,0,1,0,0,2,1
23.07,12,Shopping,2,405.55,0.06,0,0,0,0,5,0
406.09,10,Travel,1,714.54,0.57,0,0,0,0,2,0
2254.54,18,Shopping,5,1466.39,1.54,0,0,0,0,2,0
59.58,18,Education,1,1316.73,0.05,1,0,0,0,1,0
4461.82,13,Money Transfer,3,2143.44,2.08,0,1,0,0,6,0
3402.21,15,Money Transfer,2,5511.26,0.62,0,0,0,0,4,0
467.71,15,Food,1,514.63,0.91,1,0,0,0,1,0
3497.09,19,Bills,4,1382.2,2.53,0,0,0,0,4,0
900.09,12,Money Transfer,3,684.66,1.31,1,0,0,0,1,0
2723.14,10,Travel,1,4341.6,0.63,1,0,0,0,1,0
4439.41,10,Food,3,6312.87,0.7,0,0,1,0,3,0
2953.65,14,Rent,2,1472.58,2.01,0,0,0,0,2,0
23782.58,13,Education,7,497.69,47.79,0,0,1,1,6,1
3189.01,12,Bills,1,3069.28,1.04,0,1,0,0,3,0
4916.15,7,Food,6,2450.08,2.01,0,0,0,0,10,0
1453.87,17,Education,2,1088.39,1.34,0,0,0,0,6,0
2374.43,9,Education,2,4231.16,0.56,0,0,0,0,2,0
8339.48,9,Travel,3,7000.9,1.19,0,0,0,1,6,1
2253.97,12,Bills,5,1769.01,1.27,0,0,0,0,6,0
8547.09,9,Travel,5,1801.35,4.74,0,0,0,0,10,0
1326.46,15,Travel,2,935.63,1.42,1,0,0,0,1,0
59610.0,11,Food,3,1880.92,31.69,0,0,0,0,6,0
13.31,13,Bills,4,1342.52,0.01,1,0,0,0,1,1
646.78,14,Shopping,2,947.66,0.68,0,0,0,0,3,0
425.65,9,Education,3,425.19,1.0,0,0,1,0,2,0
977.18,8,Education,3,824.34,1.19,0,0,0,0,8,0
511.32,19,Shopping,4,696.84,0.73,0,0,0,4,2,1
990.99,12,Bills,3,1705.76,0.58,0,0,1,0,3,0
51089.48,12,Shopping,3,1956.85,26.11,0,0,0,1,4,1
4006.37,4,Money Transfer,6,1988.32,2.01,1,0,0,0,1,0
1573.34,13,Travel,4,1184.37,1.33,0,0,0,1,3,0
1378.5,14,Shopping,3,1284.33,1.07,0,0,0,0,3,0
71769.39,14,Bills,4,3534.97,20.3,0,1,0,1,3,1
1764.92,17,Bills,2,1464.07,1.21,1,0,0,0,1,0
5032.43,9,Money Transfer,3,8227.44,0.61,1,1,0,0,1,0
672.53,10,Shopping,6,1342.44,0.5,1,0,0,0,1,0
22242.08,18,Rent,4,2187.53,10.17,0,0,0,0,6,0
101.81,21,Food,3,393.02,0.26,0,0,0,1,2,0
2940.36,8,Other,1,2206.94,1.33,0,0,1,0,2,0
76.6,13,Food,5,3732.01,0.02,0,1,0,0,2,0
8183.16,9,Rent,2,5439.43,1.5,0,0,0,0,4,0
18086.87,5,Food,1,10959.9,1.65,1,0,0,1,1,0
4368.26,11,Food,5,896.76,4.87,1,0,0,0,1,0
1537.52,8,Bills,1,1841.77,0.83,0,0,0,0,2,0
569.3,17,Shopping,4,1378.46,0.41,0,0,0,0,4,0
1153.64,14,Bills,3,1793.45,0.64,0,0,0,0,7,0
456.95,8,Food,3,608.39,0.75,1,0,0,0,1,0
7021.31,0,Healthcare,3,3790.17,1.85,0,0,0,0,5,0
12.78,18,Money Transfer,1,4625.7,0.0,1,0,0,0,1,0
36786.66,9,Food,5,1375.0,26.75,0,0,0,0,2,1
1389.14,15,Recharge,2,892.38,1.56,1,0,0,0,1,0
480.21,11,Shopping,3,573.23,0.84,0,0,0,0,7,0
1746.86,15,Recharge,3,2372.28,0.74,0,0,1,0,4,0
74908.77,11,Travel,2,973.75,76.93,0,0,0,0,2,1
2201.99,6,Shopping,3,4625.1,0.48,0,1,0,0,2,0
2757.6,9,Money Transfer,4,2301.12,1.2,0,0,1,0,3,0
1752.82,9,Travel,2,2167.63,0.81,1,0,0,0,1,0
38.13,12,Shopping,2,1775.32,0.02,1,0,0,0,1,0
434.33,16,Food,6,384.34,1.13,0,0,0,0,6,0
68.65,10,Money Transfer,2,5136.79,0.01,1,0,0,0,1,0
7492.74,0,Food,4,2079.65,3.6,0,0,0,0,4,0
43362.37,14,Shopping,2,9527.48,4.55,1,0,0,0,1,1
1752.81,15,Education,2,1687.44,1.04,1,0,0,0,1,0
4638.65,21,Other,2,2528.86,1.83,0,0,0,2,7,1
39893.18,15,Healthcare,1,404.13,98.71,0,0,0,0,7,0
3143.74,13,Travel,5,2098.12,1.5,0,0,0,1,3,0
2895.85,15,Shopping,3,2904.02,1.0,0,0,0,0,2,0
58220.35,20,Bills,1,3013.32,19.32,0,0,0,0,3,0
26633.36,19,Shopping,4,2946.29,9.04,0,0,0,0,2,0
57125.1,11,Shopping,3,761.79,74.99,0,0,0,0,4,1
3390.41,10,Money Transfer,2,6968.9,0.49,0,0,0,0,4,0
12673.14,10,Money Transfer,1,9903.76,1.28,0,1,1,0,5,1
465.99,13,Bills,3,441.49,1.06,0,0,1,0,3,0
1328.58,17,Travel,1,5260.57,0.25,0,0,0,0,5,0
802.9,13,Money Transfer,3,915.09,0.88,1,0,0,0,1,0
2437.63,6,Rent,2,2403.98,1.01,1,0,0,0,1,0
330.95,17,Other,4,1042.78,0.32,0,0,0,4,3,1
6628.1,18,Money Transfer,1,6481.87,1.02,1,0,0,0,1,0
79460.31,10,Money Transfer,6,492.66,161.29,0,0,0,0,3,1
2118.21,16,Shopping,2,1539.57,1.38,0,1,0,2,4,0
1283.51,12,Bills,2,1305.66,0.98,0,0,0,0,2,0
55.48,20,Travel,4,1010.21,0.05,1,0,0,0,1,1
4683.08,19,Shopping,5,2166.86,2.16,0,0,0,0,7,0
372.63,14,Shopping,4,552.86,0.67,1,0,0,0,1,0
2443.29,17,Travel,4,2570.01,0.95,0,0,0,2,7,0
23420.2,19,Food,3,7395.74,3.17,1,0,0,0,1,0
3756.11,13,Rent,3,3238.49,1.16,0,0,0,0,4,0
3076.41,11,Healthcare,3,3839.22,0.8,0,0,0,1,8,0
18.83,17,Shopping,6,1102.3,0.02,0,0,0,2,7,0
785.81,9,Money Transfer,2,1007.17,0.78,0,0,0,0,7,0
2293.7,12,Healthcare,2,1610.11,1.42,0,0,0,3,7,0
53.47,19,Money Transfer,2,384.25,0.14,0,1,1,0,3,0
65761.14,17,Food,1,5532.52,11.89,0,0,0,1,3,1
599.84,12,Money Transfer,1,579.42,1.04,0,0,0,2,3,0
61721.02,9,Rent,1,4499.72,13.72,0,0,1,0,7,1
312.2,11,Other,4,457.11,0.68,0,0,0,0,6,0
5389.19,10,Money Transfer,2,3413.08,1.58,0,0,0,0,5,0
2647.56,9,Recharge,3,596.69,4.44,0,0,0,0,4,0
937.22,17,Shopping,1,369.98,2.53,0,0,0,0,3,0
10.0,10,Shopping,2,2588.06,0.0,0,0,0,0,8,0
1428.37,13,Shopping,2,891.97,1.6,1,0,0,1,1,0
84278.28,12,Food,6,2556.3,32.97,1,0,0,0,1,1
5800.25,22,Money Transfer,2,1757.77,3.3,0,0,0,0,12,1
2282.87,12,Education,5,507.35,4.5,0,1,0,0,3,0
2774.39,6,Money Transfer,2,5142.29,0.54,0,1,0,0,2,0
4627.77,7,Healthcare,2,1383.7,3.34,0,0,0,0,6,0
4578.45,15,Shopping,3,2686.7,1.7,0,0,0,0,6,0
4563.35,15,Education,2,1551.34,2.94,1,0,0,0,1,0
2174.76,12,Bills,2,1969.06,1.1,1,0,0,1,1,0
83341.9,12,Bills,5,949.16,87.81,0,0,0,1,5,1
846.33,5,Bills,4,702.47,1.2,0,0,0,1,5,0
1099.78,14,Bills,3,1707.84,0.64,1,0,0,0,1,0
1861.58,13,Food,4,1344.38,1.38,0,0,1,2,6,1
4026.0,8,Shopping,3,1190.07,3.38,0,0,0,0,2,0
1866.06,7,Shopping,3,2309.65,0.81,0,0,0,0,2,0
2529.18,8,Recharge,3,2411.07,1.05,0,1,0,0,12,0
181.62,7,Food,1,384.61,0.47,0,1,0,1,3,0
1501.86,15,Bills,3,1044.51,1.44,1,0,0,0,1,0
739.88,9,Money Transfer,2,1255.13,0.59,1,0,0,0,1,0
376.31,10,Shopping,2,483.44,0.78,0,0,0,0,2,0
838.5,8,Shopping,6,784.3,1.07,0,0,0,0,9,0
286.62,21,Travel,5,395.44,0.72,1,0,0,1,1,0
14433.64,19,Money Transfer,2,10351.01,1.39,0,0,0,0,2,0
90.1,9,Shopping,4,2701.05,0.03,0,0,0,1,4,0
526.89,11,Money Transfer,2,464.72,1.13,1,0,1,0,1,0
47.99,9,Shopping,6,336.82,0.14,0,0,0,1,4,0
11014.57,13,Food,3,2586.77,4.26,1,0,0,0,1,0
1933.03,1,Rent,3,1341.08,1.44,1,0,0,0,1,0
8121.87,16,Bills,6,3081.92,2.64,0,0,0,0,13,0
6031.18,14,Money Transfer,2,4926.27,1.22,0,0,0,1,2,0
1872.55,20,Money Transfer,3,1946.18,0.96,0,0,0,0,4,0
447.98,8,Shopping,6,672.88,0.67,0,0,0,0,6,0
3387.22,18,Shopping,1,3043.47,1.11,0,0,0,0,2,0
29043.5,18,Money Transfer,1,5914.73,4.91,0,1,0,0,2,1
1311.91,8,Money Transfer,1,1862.49,0.7,0,0,0,0,5,0
2207.79,12,Food,2,2362.25,0.93,0,0,0,0,3,0
479.62,8,Rent,6,1041.05,0.46,0,0,0,1,2,0
1259.68,10,Travel,4,1164.91,1.08,0,0,1,0,4,0
13119.15,10,Education,11,2688.1,4.88,0,0,0,0,6,0
3084.39,14,Bills,3,5030.25,0.61,1,0,0,0,1,0
62103.17,12,Shopping,3,2084.74,29.79,1,0,1,0,1,0
6084.98,21,Money Transfer,6,3107.86,1.96,1,0,0,0,1,0
831.01,8,Shopping,4,638.94,1.3,0,0,0,1,4,0
467.43,22,Shopping,3,728.77,0.64,0,1,0,0,7,0
1146.01,9,Other,2,1666.85,0.69,0,0,0,0,6,0
1238.35,18,Shopping,3,649.66,1.91,1,0,0,2,1,0
1942.54,11,Money Transfer,7,2114.12,0.92,0,0,0,2,6,0
852.21,8,Food,2,920.68,0.93,0,0,0,2,5,0
925.06,19,Travel,4,3122.35,0.3,0,0,0,1,4,0
2299.3,11,Food,4,3271.5,0.7,0,0,0,0,4,0
1371.64,16,Shopping,5,1421.8,0.96,0,0,0,2,5,0
1728.75,14,Money Transfer,5,658.99,2.62,0,0,0,0,6,0
2413.87,13,Money Transfer,4,2173.17,1.11,0,0,0,0,5,0
8099.7,13,Shopping,3,9177.37,0.88,1,0,0,2,1,0
593.37,17,Money Transfer,5,2053.97,0.29,0,0,0,0,4,0
454.33,7,Shopping,4,365.57,1.24,0,0,0,1,6,0
893.67,16,Shopping,2,331.4,2.7,1,0,1,0,1,0
651.74,20,Money Transfer,3,995.15,0.65,1,0,0,0,1,0
873.85,5,Shopping,1,692.2,1.26,0,0,0,0,5,0
2498.39,8,Food,2,3318.46,0.75,0,0,0,0,2,0
4618.16,17,Travel,3,3653.54,1.26,0,0,0,0,2,0
669.1,12,Bills,3,838.63,0.8,0,0,0,3,2,0
1261.22,12,Shopping,4,1009.2,1.25,1,0,0,0,1,0
1312.42,8,Shopping,2,785.12,1.67,0,0,0,1,8,0
30379.73,13,Shopping,4,4602.24,6.6,0,0,0,0,5,0
3595.65,8,Food,3,1557.23,2.31,1,0,0,1,1,0
2126.52,13,Travel,2,2221.52,0.96,1,1,0,0,1,0
5604.77,18,Shopping,4,1266.54,4.43,0,0,0,1,2,0
2883.19,10,Recharge,2,2094.59,1.38,0,0,0,0,2,0
5585.65,13,Shopping,2,1177.54,4.74,1,0,0,1,1,0
957.94,23,Food,2,1047.05,0.91,0,0,0,0,7,0
1960.38,17,Travel,2,2111.58,0.93,0,0,0,1,6,0
1392.71,19,Education,1,1909.55,0.73,0,0,0,1,6,0
933.25,12,Travel,3,925.45,1.01,0,0,0,0,5,0
1129.29,18,Bills,2,591.15,1.91,0,0,0,0,4,0
2200.1,4,Money Transfer,3,1127.6,1.95,0,0,1,0,3,1
806.11,8,Bills,6,1265.67,0.64,0,0,0,0,10,0
1693.27,9,Shopping,5,2083.26,0.81,0,1,0,0,4,0
11882.39,12,Recharge,3,4727.24,2.51,0,0,0,1,3,0
49048.26,19,Food,3,366.34,133.89,0,0,0,0,5,1
777.47,11,Bills,6,802.68,0.97,1,0,0,0,1,0
2806.72,16,Money Transfer,1,687.57,4.08,0,0,0,0,10,0
1488.7,17,Food,1,1555.94,0.96,1,0,0,0,1,0
3953.97,15,Food,3,1310.87,3.02,0,0,0,0,3,0
6971.4,11,Travel,2,2650.4,2.63,1,0,0,1,1,0
993.16,15,Shopping,1,799.72,1.24,0,0,0,0,6,0
4774.64,11,Shopping,4,1924.73,2.48,0,0,0,0,10,0
5753.44,6,Shopping,4,4175.28,1.38,0,0,1,0,2,0
62219.74,23,Shopping,3,4647.91,13.39,0,0,0,0,6,1
21378.29,8,Education,2,6040.1,3.54,0,0,0,0,2,0
1748.89,6,Shopping,3,2971.12,0.59,1,0,0,0,1,0
1486.98,19,Other,5,4555.8,0.33,1,0,0,0,1,0
947.27,10,Money Transfer,4,781.08,1.21,0,0,0,0,2,0
432.78,16,Shopping,3,696.22,0.62,0,0,0,0,3,0
1297.78,11,Bills,3,311.72,4.16,0,0,0,0,5,0
12424.56,12,Food,4,2508.69,4.95,1,1,0,0,1,0
8187.34,10,Money Transfer,4,5289.71,1.55,1,0,1,0,1,0
730.34,11,Food,3,672.5,1.09,1,0,0,0,1,0
6639.37,12,Travel,4,2123.75,3.13,1,1,0,0,1,0
3834.94,17,Shopping,2,2770.02,1.38,1,0,1,0,1,1
5725.69,14,Other,3,5026.34,1.14,1,0,0,0,1,0
2747.67,21,Other,6,2173.6,1.26,0,0,0,0,2,0
5961.88,4,Food,3,6629.52,0.9,0,1,0,0,6,0
1436.47,13,Shopping,1,1060.72,1.35,1,0,0,0,1,0
1766.36,15,Travel,6,1075.21,1.64,0,0,0,0,6,0
1136.44,20,Shopping,3,1709.58,0.66,0,0,0,1,2,1
5304.21,5,Shopping,4,1170.66,4.53,0,0,0,0,4,0
228.59,15,Rent,3,302.57,0.76,0,1,0,0,5,0
37.88,19,Money Transfer,2,2668.65,0.01,0,0,0,0,2,0
954.43,10,Education,3,2807.74,0.34,0,0,0,0,9,0
8713.35,19,Travel,3,2773.68,3.14,1,0,0,0,1,0
85.5,1,Travel,6,1061.67,0.08,0,1,0,1,3,1
1338.03,17,Money Transfer,1,1629.75,0.82,1,0,1,0,1,0
4482.51,21,Money Transfer,3,1103.24,4.06,0,1,0,0,2,0
348.4,16,Money Transfer,4,329.1,1.06,0,0,0,0,2,0
1697.88,12,Other,2,1787.81,0.95,0,0,0,0,7,0
1025.42,5,Shopping,3,537.81,1.91,0,0,0,0,2,0
578.41,20,Education,3,450.17,1.28,0,0,0,0,4,0
8620.21,13,Food,6,2835.37,3.04,0,0,1,0,9,0
273.59,3,Money Transfer,3,317.19,0.86,0,0,0,0,2,0
54651.62,17,Travel,2,6049.9,9.03,0,0,1,1,2,1
78141.35,13,Money Transfer,3,1603.44,48.73,0,0,0,0,11,0
85.59,8,Education,4,7635.92,0.01,0,0,1,0,5,0
212.82,9,Recharge,3,407.55,0.52,0,0,0,2,8,0
24622.16,6,Money Transfer,6,1876.69,13.12,0,0,1,0,2,1
1012.97,15,Rent,5,1073.55,0.94,0,0,0,0,4,0
3034.12,15,Food,3,3638.26,0.83,1,1,0,3,1,0
1098.08,13,Recharge,1,1106.76,0.99,0,0,0,0,6,0
709.75,18,Shopping,2,843.18,0.84,0,0,0,0,8,0
10261.17,19,Food,1,3807.82,2.69,1,0,1,0,1,1
801.47,15,Food,4,1145.01,0.7,1,0,1,0,1,0
207.22,0,Travel,1,330.56,0.63,1,0,0,0,1,0
711.45,17,Shopping,4,1190.59,0.6,0,0,0,0,3,0
1057.3,12,Travel,2,2213.09,0.48,1,0,0,0,1,0
25.97,14,Recharge,5,828.32,0.03,0,0,0,1,3,0
5359.76,16,Shopping,3,1318.1,4.07,0,0,0,1,2,0
281.96,11,Shopping,3,405.1,0.7,0,0,0,0,7,0
3007.51,20,Other,3,1896.52,1.59,0,0,0,0,2,0
3527.69,8,Shopping,1,2841.23,1.24,0,0,0,0,2,0
1622.2,16,Education,2,1259.87,1.29,0,0,0,0,2,0
1953.66,0,Money Transfer,3,1281.23,1.52,1,0,0,1,1,1
980.91,20,Shopping,4,466.37,2.1,0,0,0,0,2,0
595.93,7,Education,3,706.03,0.84,0,0,0,0,5,0
2600.1,7,Money Transfer,2,602.46,4.32,0,0,1,0,9,0
2080.21,11,Money Transfer,2,1482.92,1.4,1,0,0,1,1,0
1703.77,11,Money Transfer,2,1656.19,1.03,0,0,0,0,5,0
4814.91,9,Food,1,5654.56,0.85,1,0,0,0,1,0
560.39,15,Shopping,3,436.89,1.28,0,0,0,0,5,0
1259.63,12,Money Transfer,4,1948.73,0.65,0,0,0,0,2,0
51151.12,3,Healthcare,1,1645.68,31.08,1,0,0,0,1,1
1990.21,11,Rent,2,1607.07,1.24,0,0,0,0,3,0
3366.34,18,Food,2,4016.68,0.84,0,0,0,0,7,0
1180.65,17,Money Transfer,3,714.16,1.65,1,0,0,0,1,0
44987.67,17,Bills,7,374.93,119.99,1,1,0,0,1,1
4045.41,17,Shopping,4,2308.03,1.75,0,0,1,0,7,0
1221.38,11,Healthcare,3,1062.05,1.15,0,0,0,1,4,0
1308.93,7,Money Transfer,4,331.94,3.94,0,0,0,0,5,0
2583.8,10,Shopping,2,821.13,3.15,1,0,0,1,1,0
29.68,19,Shopping,4,966.16,0.03,0,1,0,0,7,0
2798.97,22,Shopping,2,2026.74,1.38,0,0,0,0,2,0
450.51,13,Money Transfer,2,641.01,0.7,0,0,0,0,7,0
1136.31,0,Money Transfer,3,1259.08,0.9,1,0,0,0,1,0
2170.76,8,Bills,1,1485.66,1.46,0,0,0,1,7,0
940.21,11,Money Transfer,1,1406.59,0.67,0,0,0,0,4,0
8403.39,15,Shopping,3,6865.29,1.22,0,0,0,0,3,0
58.07,6,Food,2,383.83,0.15,1,0,0,0,1,0
5963.91,21,Travel,4,5727.51,1.04,0,0,0,0,4,0
2794.49,11,Shopping,2,1869.82,1.49,0,0,0,0,3,0
4302.33,20,Shopping,2,3158.94,1.36,0,0,0,0,4,0
1176.85,18,Shopping,3,1313.05,0.9,0,0,1,0,4,0
785.56,18,Travel,4,1388.71,0.57,0,0,0,0,2,0
4913.37,15,Food,3,4106.4,1.2,1,0,0,0,1,0
4654.86,16,Money Transfer,3,4372.92,1.06,0,1,0,0,8,0
3145.23,16,Bills,1,790.88,3.98,0,0,0,0,8,0
482.0,16,Bills,1,699.95,0.69,1,0,0,1,1,0
2743.57,14,Food,2,1534.16,1.79,0,0,0,3,3,0
17334.08,22,Education,5,4449.65,3.9,1,0,0,0,1,0
1113.66,17,Shopping,4,1000.44,1.11,0,0,0,0,6,0
1675.04,18,Shopping,6,2200.07,0.76,1,0,0,2,1,0
68157.66,19,Rent,1,2516.74,27.08,0,0,0,0,13,1
2146.36,9,Shopping,1,3014.62,0.71,0,0,0,0,3,0
1636.33,6,Food,1,1793.89,0.91,1,0,0,1,1,0
1827.14,13,Recharge,1,1226.87,1.49,0,0,0,0,6,0
24256.32,14,Shopping,2,6441.12,3.77,0,0,0,0,4,0
4077.84,19,Shopping,2,2001.05,2.04,0,0,0,0,4,0
1583.92,12,Money Transfer,2,2647.26,0.6,1,0,0,0,1,0
609.02,15,Recharge,5,1061.57,0.57,0,0,0,0,2,0
640.35,14,Money Transfer,4,2295.32,0.28,0,0,1,1,7,0
3121.67,4,Money Transfer,3,836.64,3.73,0,1,0,3,3,1
1994.19,15,Shopping,2,806.1,2.47,1,0,1,0,1,0
1782.02,19,Shopping,1,2557.73,0.7,0,0,0,0,2,0
1450.1,8,Other,1,1626.38,0.89,0,1,0,0,3,1
1941.41,15,Healthcare,5,2369.51,0.82,1,0,0,0,1,0
839.61,15,Shopping,2,865.1,0.97,1,0,0,2,1,0
7498.57,8,Healthcare,3,1943.59,3.86,1,0,0,0,1,1
22976.19,8,Food,5,1356.36,16.94,0,0,0,0,3,1
1983.76,22,Education,2,1935.7,1.02,0,0,0,1,2,0
1177.3,12,Money Transfer,2,918.71,1.28,0,0,0,0,2,0
10539.58,9,Money Transfer,1,2562.33,4.11,1,0,0,0,1,0
3045.24,8,Money Transfer,2,3251.16,0.94,0,0,0,1,4,0
46460.93,16,Food,2,841.79,55.19,0,0,0,0,5,0
776.07,15,Shopping,3,943.61,0.82,0,1,0,0,5,0
2859.43,16,Shopping,4,2247.98,1.27,0,0,0,0,3,0
3744.07,7,Money Transfer,3,2440.86,1.53,0,0,0,2,5,0
3846.96,20,Travel,2,2491.92,1.54,0,0,0,0,3,1
10117.17,12,Shopping,3,2366.23,4.28,0,0,0,0,2,0
55945.62,11,Travel,5,1198.04,46.7,1,0,0,0,1,0
5069.21,13,Healthcare,2,1204.11,4.21,1,0,0,1,1,0
765.26,12,Shopping,3,829.43,0.92,1,0,0,0,1,0
192.84,19,Travel,3,607.06,0.32,0,0,0,0,4,0
1591.77,20,Money Transfer,2,2423.16,0.66,0,0,1,0,8,0
465.2,10,Education,4,476.08,0.98,1,0,0,0,1,0
6692.1,19,Shopping,4,5299.1,1.26,0,0,0,0,4,0
4083.26,18,Travel,2,3454.77,1.18,0,1,0,2,2,0
2188.75,21,Bills,7,3807.22,0.57,0,0,0,0,3,0
3836.89,10,Healthcare,1,4568.88,0.84,1,0,0,0,1,0
4095.2,15,Travel,5,1245.49,3.29,1,0,0,0,1,0
14897.65,10,Money Transfer,2,3675.65,4.05,1,0,0,0,1,1
10.0,18,Food,2,609.69,0.02,0,0,0,0,7,0
402.79,0,Education,3,339.38,1.19,1,0,0,0,1,0
2632.38,14,Food,4,3065.9,0.86,0,0,0,0,3,0
186.46,11,Shopping,3,439.94,0.42,0,1,0,3,8,0
9010.98,11,Recharge,4,8341.6,1.08,0,0,0,1,3,0
2144.3,16,Travel,3,2321.95,0.92,0,0,1,0,2,0
2689.03,19,Travel,2,2820.34,0.95,0,0,0,0,2,0
61960.43,15,Shopping,2,807.79,76.7,0,1,0,0,3,1
84613.43,19,Food,2,2316.8,36.52,0,0,0,1,2,1
391.9,10,Money Transfer,4,379.53,1.03,0,0,0,0,4,1
2953.46,14,Food,7,3574.35,0.83,0,0,0,0,3,0
426.17,13,Shopping,3,634.58,0.67,0,0,0,0,3,0
6741.21,0,Food,2,2451.37,2.75,0,0,0,0,9,0
68.23,14,Other,4,757.6,0.09,0,0,0,0,6,0
43.84,16,Shopping,2,427.64,0.1,0,0,0,0,3,0
519.86,15,Other,6,1482.25,0.35,0,0,0,0,3,0
959.71,17,Money Transfer,2,633.85,1.51,0,1,0,0,4,0
6732.8,15,Education,3,2653.1,2.54,0,0,0,0,5,0
770.39,6,Bills,4,788.23,0.98,1,0,0,0,1,0
5198.35,7,Food,1,1054.68,4.93,0,0,0,0,4,0
1372.85,15,Travel,5,1808.46,0.76,1,0,0,0,1,0
751.35,10,Education,3,903.77,0.83,0,0,0,0,2,0
1902.29,6,Money Transfer,4,1154.63,1.65,0,1,0,0,8,0
2282.9,12,Money Transfer,5,3343.38,0.68,0,0,0,0,2,0
884.58,14,Food,3,655.48,1.35,1,0,0,0,1,0
397.81,11,Bills,2,454.4,0.88,1,0,0,0,1,0
50.33,17,Bills,4,1016.45,0.05,0,0,0,1,2,0
1568.5,16,Bills,1,1294.14,1.21,1,0,0,0,1,0
1137.24,11,Money Transfer,4,1708.19,0.67,0,0,0,0,2,0
1465.76,18,Bills,1,1138.6,1.29,0,0,0,0,4,0
4117.12,16,Shopping,4,3108.41,1.32,0,1,1,0,7,1
1304.43,16,Food,2,372.2,3.5,1,0,0,0,1,0
2366.88,14,Shopping,3,1317.4,1.8,0,0,0,0,5,0
1477.22,0,Money Transfer,3,1167.03,1.27,1,0,0,0,1,1
1253.78,17,Money Transfer,3,2177.27,0.58,0,0,0,0,2,0
3417.11,11,Money Transfer,6,6401.2,0.53,0,0,0,0,16,0
1363.21,21,Travel,2,1585.41,0.86,1,0,0,0,1,0
29421.92,18,Money Transfer,3,8100.08,3.63,1,0,0,0,1,0
593.47,15,Money Transfer,1,947.81,0.63,0,0,0,1,2,0
284.2,10,Shopping,3,356.44,0.8,0,0,0,0,9,0
56.37,9,Money Transfer,2,626.01,0.09,1,0,0,0,1,0
948.82,11,Shopping,5,1204.92,0.79,1,0,0,0,1,0
977.41,13,Shopping,4,984.51,0.99,0,1,1,0,3,1
727.98,10,Food,3,483.77,1.5,1,0,0,0,1,0
565.35,14,Food,2,1320.23,0.43,1,0,0,0,1,0
1174.86,8,Food,1,1042.8,1.13,1,0,1,1,1,0
1221.47,22,Money Transfer,4,535.47,2.28,0,0,0,0,3,1
1313.84,7,Money Transfer,3,932.06,1.41,0,0,0,4,3,0
1854.79,21,Education,5,4215.7,0.44,0,1,0,3,4,1
1183.18,20,Money Transfer,3,947.29,1.25,1,0,0,0,1,0
2635.73,14,Money Transfer,5,2552.89,1.03,0,0,0,0,2,0
3991.3,17,Shopping,5,2004.37,1.99,0,0,0,0,3,0
62191.16,12,Money Transfer,3,1302.93,47.73,1,1,0,0,1,1
929.88,16,Money Transfer,2,791.68,1.17,0,0,0,0,3,0
936.15,11,Money Transfer,3,1128.85,0.83,0,0,0,0,4,0
2761.21,10,Food,1,1914.15,1.44,0,1,0,0,14,0
995.49,15,Food,2,1077.5,0.92,0,0,1,0,3,0
681.23,13,Food,5,735.49,0.93,0,0,0,0,6,0
663.71,15,Bills,1,522.88,1.27,0,0,0,0,6,0
3848.58,10,Bills,1,4112.98,0.94,0,1,0,0,8,0
1466.29,11,Travel,3,1344.68,1.09,0,0,0,0,4,0
17443.95,6,Healthcare,1,2066.49,8.44,1,1,0,2,1,1
4712.82,5,Shopping,1,1513.47,3.11,1,0,0,0,1,0
11991.58,10,Shopping,4,4008.29,2.99,0,0,0,0,5,0
4508.94,6,Shopping,1,1725.09,2.61,0,0,0,0,3,0
1275.03,7,Food,4,1479.77,0.86,1,0,0,0,1,0
5624.19,18,Recharge,2,4952.93,1.14,0,0,0,0,3,0
6367.14,4,Shopping,2,2589.34,2.46,0,0,0,0,7,0
49843.13,16,Recharge,7,512.9,97.18,0,0,1,0,2,1
368.78,10,Shopping,4,652.18,0.57,0,0,0,0,3,0
4457.41,19,Recharge,2,3084.67,1.45,0,0,0,0,3,0
9916.87,13,Money Transfer,2,3552.57,2.79,1,0,0,3,1,0
2038.34,10,Shopping,1,1718.18,1.19,1,0,0,0,1,0
2084.72,14,Money Transfer,3,1755.22,1.19,0,0,0,1,7,0
2166.21,12,Rent,3,2099.08,1.03,0,0,0,0,8,0
2247.37,14,Rent,3,1340.83,1.68,0,1,0,0,7,0
18.29,7,Money Transfer,3,2352.1,0.01,0,0,0,0,2,0
567.33,23,Bills,3,506.69,1.12,1,0,0,0,1,0
38543.43,12,Food,1,6152.48,6.26,0,0,0,0,8,0
3486.28,11,Money Transfer,4,2796.44,1.25,0,0,0,2,7,0
42588.02,17,Food,4,2095.38,20.32,0,0,0,0,5,0
2237.52,11,Travel,6,984.48,2.27,0,0,0,0,2,0
2190.53,19,Rent,4,615.88,3.56,0,0,0,0,3,0
2090.29,13,Money Transfer,2,1247.74,1.68,0,0,1,0,4,0
2207.82,17,Shopping,2,2250.22,0.98,0,0,0,1,3,0
1006.05,7,Shopping,1,2107.79,0.48,0,0,0,0,3,0
3237.03,19,Travel,3,1168.15,2.77,0,1,0,0,4,0
2166.36,17,Shopping,3,2010.13,1.08,0,0,0,0,5,0
3917.01,9,Food,3,3325.18,1.18,1,1,0,1,1,0
373.39,8,Travel,2,347.95,1.07,0,0,1,0,2,0
2241.13,11,Shopping,4,1378.14,1.63,0,0,0,0,5,0
2405.96,22,Food,4,2858.01,0.84,1,0,1,0,1,0
6046.58,10,Rent,2,1721.96,3.51,0,0,0,2,7,1
12.09,13,Healthcare,5,2197.29,0.01,0,0,0,0,6,0
1906.09,3,Money Transfer,4,1608.72,1.18,0,0,0,1,7,1
13370.88,12,Bills,5,8962.96,1.49,1,0,0,0,1,1
31.84,15,Food,4,401.11,0.08,1,0,0,0,1,0
3077.81,21,Shopping,3,1515.71,2.03,1,0,0,0,1,0
1445.31,14,Food,2,472.56,3.06,0,0,0,0,3,0
398.35,18,Healthcare,5,613.38,0.65,0,0,0,0,2,0
1482.57,14,Food,6,1169.31,1.27,1,0,0,0,1,0
46848.16,4,Bills,6,604.3,77.52,1,0,0,0,1,1
5840.25,11,Education,3,6268.05,0.93,0,0,0,3,3,0
23703.56,15,Shopping,2,5580.31,4.25,0,0,0,0,3,0
920.61,21,Shopping,3,1037.35,0.89,0,0,0,0,2,0
7812.06,19,Food,3,2137.71,3.65,1,0,0,0,1,0
25.83,9,Money Transfer,4,1673.47,0.02,0,0,0,0,8,0
2934.57,9,Bills,3,3343.04,0.88,0,0,0,0,2,0
79.38,9,Recharge,2,2077.27,0.04,1,0,0,0,1,0
722.5,20,Money Transfer,4,300.45,2.4,1,0,0,0,1,0
8424.38,19,Shopping,2,2892.78,2.91,1,0,1,0,1,0
4261.41,18,Bills,2,2772.78,1.54,1,0,0,0,1,0
6201.36,12,Rent,1,1583.01,3.92,0,1,0,0,3,0
6908.35,13,Bills,2,4497.98,1.54,0,1,0,0,10,0
2583.17,13,Money Transfer,3,4603.49,0.56,1,0,0,0,1,0
2213.08,10,Food,3,1635.87,1.35,0,0,1,0,5,0
2141.4,13,Shopping,3,1985.63,1.08,0,0,0,0,7,0
10352.79,3,Food,5,10490.37,0.99,0,0,0,0,2,0
862.24,8,Money Transfer,4,938.98,0.92,1,1,1,0,1,0
17726.34,20,Food,3,1006.46,17.61,0,0,0,0,2,0
854.65,17,Shopping,2,663.31,1.29,0,0,0,0,7,0
5832.69,12,Travel,1,4371.75,1.33,1,0,0,0,1,0
2346.83,14,Education,3,2756.08,0.85,0,0,0,0,2,0
533.32,11,Shopping,2,500.97,1.06,0,1,0,0,4,0
25525.88,17,Shopping,3,7508.17,3.4,0,0,0,0,3,0
2467.06,18,Shopping,2,2663.22,0.93,0,0,0,0,2,0
3236.5,18,Food,3,3721.09,0.87,0,0,0,0,3,0
332.68,17,Food,2,388.83,0.86,0,0,0,0,3,0
85.2,9,Food,3,1565.61,0.05,0,0,0,0,4,0
2486.16,11,Shopping,4,2458.76,1.01,0,0,0,0,2,0
1710.79,13,Money Transfer,2,1709.32,1.0,0,0,0,2,3,0
2143.59,11,Food,4,2277.4,0.94,1,0,1,0,1,0
3670.16,18,Money Transfer,5,3365.5,1.09,0,0,0,0,12,0
1046.43,11,Other,3,1144.1,0.91,1,0,0,0,1,0
2692.87,8,Shopping,1,3698.91,0.73,1,0,0,0,1,0
413.2,12,Travel,4,620.1,0.67,1,0,0,0,1,0
770.75,22,Money Transfer,1,868.67,0.89,0,0,0,0,8,0
1269.4,9,Money Transfer,5,379.76,3.34,0,0,0,0,4,1
1397.51,15,Travel,2,1115.81,1.25,0,0,0,0,2,0
2064.48,12,Travel,1,1160.2,1.78,0,0,0,2,8,0
3611.2,6,Other,2,3245.06,1.11,0,0,0,0,7,0
9154.25,13,Shopping,2,2205.85,4.15,0,0,0,0,2,0
66483.91,17,Shopping,2,1333.17,49.87,0,0,0,0,3,0
18818.72,14,Travel,2,2200.58,8.55,0,0,0,0,7,0
391.59,19,Food,5,397.61,0.98,0,0,0,0,2,0
2411.89,10,Rent,2,657.81,3.67,0,0,0,0,2,0
1144.36,6,Shopping,3,2074.87,0.55,0,0,0,0,5,0
1303.46,21,Shopping,3,2145.82,0.61,0,0,1,1,4,0
4196.09,12,Recharge,5,2978.07,1.41,1,1,0,1,1,0
5494.88,15,Shopping,3,1228.51,4.47,1,0,0,0,1,0
44130.53,18,Money Transfer,3,2607.83,16.92,0,0,0,0,6,1
2414.14,11,Shopping,3,2373.51,1.02,1,0,0,0,1,0
4704.27,17,Money Transfer,2,6253.55,0.75,0,0,0,0,8,0
42.76,8,Shopping,2,736.03,0.06,1,0,0,0,1,0
4716.75,10,Money Transfer,1,1744.04,2.7,0,0,0,0,3,0
2916.56,8,Shopping,1,1957.28,1.49,0,0,0,0,3,0
12208.55,18,Bills,3,12190.95,1.0,0,0,0,0,2,0
70037.49,9,Shopping,3,704.32,99.44,1,0,0,0,1,0
5218.35,17,Food,3,1633.25,3.2,1,0,0,1,1,0
1108.45,21,Education,4,1064.88,1.04,0,0,0,0,3,0
1154.86,14,Food,2,1643.38,0.7,0,0,0,0,2,0
1054.96,14,Food,1,775.44,1.36,0,0,0,0,2,0
10.99,13,Money Transfer,1,387.81,0.03,1,0,0,0,1,0
5375.33,11,Money Transfer,3,1829.92,2.94,0,0,0,0,2,0
1193.18,13,Food,2,1036.66,1.15,0,0,0,1,3,0
2788.67,15,Other,2,661.48,4.22,1,0,0,0,1,0
2003.08,22,Food,2,1004.64,1.99,1,0,0,2,1,0
371.92,21,Food,2,390.96,0.95,0,0,0,0,2,0
3314.61,19,Travel,3,5708.31,0.58,0,0,0,0,3,0
3447.25,20,Money Transfer,3,1866.43,1.85,1,0,0,2,1,1
6004.3,13,Shopping,4,3335.07,1.8,0,0,0,0,2,0
489.48,16,Food,3,1290.21,0.38,0,0,1,1,5,0
4220.36,20,Healthcare,4,4505.33,0.94,0,0,0,0,6,0
1579.02,12,Shopping,5,1488.59,1.06,0,0,1,0,2,0
4652.69,21,Travel,3,1835.74,2.53,0,0,0,1,2,0
1532.29,12,Shopping,2,1518.36,1.01,0,0,0,0,5,0
3505.58,15,Food,2,2678.79,1.31,0,0,0,0,11,0
1567.35,17,Shopping,4,1805.2,0.87,0,0,0,0,2,0
892.78,21,Money Transfer,2,870.43,1.03,0,0,1,0,5,1
499.82,10,Bills,2,583.11,0.86,0,0,0,0,2,0
1550.07,17,Money Transfer,3,1977.1,0.78,1,1,0,0,1,0
1641.78,14,Food,2,1509.13,1.09,0,0,0,0,4,0
51892.75,10,Bills,2,481.62,107.75,0,0,0,0,2,0
1575.9,18,Recharge,2,1206.39,1.31,1,0,0,0,1,0
1335.94,14,Shopping,4,1601.66,0.83,1,0,0,0,1,0
4060.69,16,Money Transfer,1,3456.92,1.17,0,0,0,2,6,0
201.26,11,Shopping,1,442.47,0.45,0,0,1,1,6,0
736.36,13,Other,4,1071.25,0.69,1,0,0,0,1,0
2249.06,15,Recharge,3,3413.4,0.66,0,0,0,0,4,0
3370.74,12,Food,5,2181.59,1.55,1,0,0,0,1,0
401.54,9,Bills,3,916.38,0.44,0,0,1,0,3,0
4060.79,21,Food,5,3659.69,1.11,0,0,0,0,7,0
2510.68,14,Food,2,1523.68,1.65,1,0,0,1,1,0
603.09,17,Shopping,4,1541.74,0.39,0,0,0,0,2,0
5649.87,12,Bills,3,7058.06,0.8,0,0,0,0,5,0
21667.75,11,Shopping,5,5591.4,3.88,0,0,0,1,4,1
82.18,12,Bills,3,1099.19,0.07,0,0,0,0,2,0
2774.8,12,Bills,2,572.69,4.85,0,0,0,0,6,0
263.68,14,Travel,6,1009.26,0.26,0,0,0,0,8,0
390.29,14,Shopping,4,355.72,1.1,0,1,0,0,2,0
14.03,13,Money Transfer,3,337.78,0.04,1,1,0,0,1,0
1571.66,8,Rent,2,1206.1,1.3,0,0,0,0,2,0
39.16,13,Money Transfer,3,5395.0,0.01,0,0,0,0,4,0
7572.63,8,Shopping,3,3991.29,1.9,1,1,0,0,1,0
7614.22,8,Recharge,5,1589.34,4.79,1,0,1,3,1,1
1999.43,21,Food,4,1799.27,1.11,1,0,0,0,1,0
371.61,15,Money Transfer,1,310.71,1.2,1,0,0,0,1,0
874.48,16,Money Transfer,1,736.88,1.19,0,0,0,0,4,0
408.57,12,Money Transfer,1,345.16,1.18,1,0,0,2,1,0
2964.06,20,Food,2,2828.31,1.05,0,0,0,0,4,0
48.3,16,Money Transfer,1,583.34,0.08,1,1,0,0,1,0
13585.4,18,Recharge,5,3959.25,3.43,0,0,0,0,14,0
40.88,11,Money Transfer,6,2155.67,0.02,0,0,0,0,3,0
1175.89,21,Other,2,769.1,1.53,1,0,0,0,1,0
607.49,18,Education,5,608.96,1.0,0,0,0,3,5,0
2937.21,19,Shopping,1,2078.14,1.41,0,0,0,0,2,0
5603.72,8,Recharge,3,4459.78,1.26,0,0,0,0,3,0
11472.19,10,Shopping,2,2580.83,4.45,0,0,0,0,9,0
43847.86,10,Bills,2,1071.39,40.93,0,0,0,0,3,0
3860.62,10,Money Transfer,3,1893.43,2.04,0,0,0,2,5,0
450.06,19,Education,3,969.9,0.46,0,0,0,0,2,0
6468.76,3,Education,3,13025.58,0.5,0,0,0,0,4,0
2537.08,6,Bills,3,2786.99,0.91,1,0,0,3,1,0
2592.63,10,Bills,6,2015.23,1.29,0,0,0,0,7,0
378.74,9,Money Transfer,4,1290.65,0.29,1,0,0,0,1,0
2142.2,9,Shopping,4,2032.92,1.05,0,0,0,0,2,0
3038.28,18,Money Transfer,2,1052.34,2.89,0,0,0,2,9,1
282.02,14,Shopping,1,352.72,0.8,1,0,0,0,1,0
3026.92,0,Travel,3,1204.81,2.51,1,0,1,0,1,0
9057.02,12,Money Transfer,1,5099.07,1.78,0,0,0,0,3,0
2084.05,12,Other,2,2071.75,1.01,0,0,0,0,12,0
907.26,7,Food,2,457.84,1.98,0,0,0,0,4,0
5336.47,16,Bills,2,4192.98,1.27,1,0,0,0,1,0
34693.5,17,Shopping,2,863.71,40.17,0,1,0,0,4,0
582.01,17,Education,2,802.94,0.72,0,0,1,0,2,0
833.82,17,Recharge,5,934.55,0.89,0,0,0,0,14,1
1405.02,0,Money Transfer,4,1849.55,0.76,0,0,0,0,3,1
40.94,21,Food,3,1716.19,0.02,0,0,0,0,3,0
1322.14,18,Bills,3,1517.02,0.87,0,0,0,0,3,0
2238.39,20,Shopping,3,2575.57,0.87,0,0,0,0,3,0
1965.46,1,Money Transfer,2,985.05,2.0,0,0,0,0,4,0
52.04,21,Money Transfer,2,3042.4,0.02,1,1,0,1,1,1
959.62,18,Shopping,5,646.97,1.48,1,0,0,0,1,0
1944.61,19,Money Transfer,5,3047.0,0.64,0,1,0,1,2,0
2494.54,7,Shopping,4,2262.14,1.1,0,0,0,0,2,0
2234.83,17,Shopping,3,2369.12,0.94,0,0,0,0,2,0
1133.7,21,Shopping,1,1482.45,0.76,1,0,0,1,1,0
2085.39,16,Healthcare,3,2279.31,0.91,0,0,0,2,8,0
324.05,15,Food,4,449.69,0.72,1,0,0,0,1,0
15190.4,21,Healthcare,1,3733.53,4.07,0,0,0,0,8,1
636.21,12,Money Transfer,2,402.87,1.58,0,0,0,0,7,0
742.32,15,Money Transfer,3,589.87,1.26,0,1,0,0,4,0
2719.72,13,Money Transfer,2,1847.79,1.47,1,0,0,0,1,0
5391.53,21,Money Transfer,3,2720.66,1.98,1,0,1,0,1,0
1183.3,6,Shopping,4,442.77,2.67,0,0,0,0,11,0
5950.63,13,Food,2,4863.6,1.22,0,1,0,0,7,0
5679.29,17,Shopping,1,6842.43,0.83,0,1,0,0,10,0
2110.86,18,Food,1,1976.3,1.07,0,0,0,0,16,0
3371.71,15,Food,3,1481.38,2.28,1,0,1,2,1,0
58300.45,20,Shopping,3,2734.42,21.32,0,0,0,0,3,1
1067.94,21,Shopping,3,1016.45,1.05,0,0,0,0,6,0
32418.21,6,Bills,4,1523.58,21.28,0,0,0,0,2,0
7523.31,12,Money Transfer,2,4761.73,1.58,0,0,1,0,2,0
6088.59,2,Shopping,3,5908.38,1.03,1,0,0,0,1,0
8861.87,11,Other,4,5012.84,1.77,1,0,1,1,1,0
2016.02,14,Shopping,2,847.95,2.38,1,0,0,0,1,0
3353.17,20,Travel,2,776.24,4.32,1,0,0,0,1,0
626.92,19,Other,2,936.02,0.67,0,0,0,0,3,0
807.48,8,Shopping,4,1347.89,0.6,0,0,0,0,3,0
505.6,7,Shopping,3,978.82,0.52,0,0,0,0,2,0
1544.01,15,Shopping,2,1143.74,1.35,0,0,0,0,5,0
2577.67,14,Money Transfer,4,2044.67,1.26,0,0,1,0,7,0
11858.06,10,Shopping,2,2887.85,4.11,1,0,1,0,1,0
3757.73,20,Travel,2,2694.24,1.39,1,0,0,0,1,0
4904.39,20,Shopping,6,3331.72,1.47,0,0,0,1,2,1
1296.05,12,Money Transfer,4,358.88,3.61,0,0,1,0,4,1
1908.61,20,Other,2,388.04,4.92,0,0,0,0,2,0
82.05,12,Bills,2,3103.88,0.03,0,0,0,0,2,0
1401.82,17,Food,3,1670.87,0.84,1,0,0,0,1,0
2330.38,13,Money Transfer,3,1853.55,1.26,0,0,0,0,2,0
344.16,7,Food,2,397.24,0.87,0,0,0,0,9,0
908.15,20,Food,7,830.63,1.09,0,0,1,0,2,0
8576.56,13,Money Transfer,3,2130.76,4.03,0,0,0,0,3,0
3156.67,17,Shopping,6,3828.52,0.82,1,0,0,0,1,1
23423.52,11,Education,6,4779.69,4.9,1,0,0,1,1,1
3900.82,1,Money Transfer,4,1549.18,2.52,0,0,0,0,2,0
1655.43,7,Shopping,2,1719.3,0.96,0,0,0,0,3,0
25.16,13,Money Transfer,3,3522.11,0.01,0,0,0,3,2,0
2516.22,17,Money Transfer,2,1688.48,1.49,1,0,0,0,1,0
38858.61,11,Bills,5,1609.4,24.14,0,0,1,0,4,1
16143.48,17,Travel,1,4538.57,3.56,1,0,1,1,1,1
2543.21,17,Bills,3,3108.59,0.82,0,0,0,1,4,0
2683.87,17,Shopping,2,4615.85,0.58,0,0,0,0,9,0
1501.85,13,Money Transfer,2,743.19,2.02,0,0,0,1,2,0
1714.16,20,Money Transfer,3,1637.63,1.05,1,1,0,0,1,1
3543.32,13,Shopping,4,3626.68,0.98,0,0,0,0,6,0
327.09,13,Rent,6,512.08,0.64,0,0,0,0,2,0
15274.25,9,Bills,1,3149.58,4.85,0,0,0,1,8,0
1575.9,11,Shopping,2,663.75,2.37,0,0,0,0,4,0
42449.34,4,Food,4,3271.58,12.98,0,0,0,0,2,1
849.9,16,Shopping,2,2004.15,0.42,0,0,0,0,3,0
38256.72,10,Shopping,2,686.5,55.73,1,0,0,1,1,1
1154.91,10,Shopping,2,1454.21,0.79,0,0,1,0,2,0
2877.69,18,Other,3,2361.73,1.22,0,0,1,0,3,0
2608.07,11,Bills,5,2108.5,1.24,0,0,0,1,3,0
5280.84,10,Healthcare,3,1303.14,4.05,0,0,0,1,3,0
6606.02,8,Money Transfer,5,4433.29,1.49,0,1,0,0,4,0
2690.05,18,Shopping,2,1618.38,1.66,1,0,0,0,1,0
5182.55,8,Food,2,1568.91,3.3,1,0,0,0,1,0
339.25,13,Money Transfer,3,415.69,0.82,1,0,0,1,1,0
4303.43,13,Bills,2,4894.66,0.88,0,0,0,0,5,0
470.52,17,Shopping,2,650.89,0.72,1,0,0,0,1,0
1849.13,16,Money Transfer,3,1652.71,1.12,1,0,0,1,1,0
31.27,18,Shopping,1,3229.39,0.01,1,0,0,1,1,0
3678.12,5,Money Transfer,2,736.77,4.99,0,0,0,0,3,0
2281.56,10,Travel,2,1649.01,1.38,0,0,0,1,2,0
1868.35,10,Money Transfer,1,795.61,2.35,1,0,0,0,1,0
1658.78,8,Money Transfer,5,2866.52,0.58,0,0,0,0,2,0
2242.92,10,Money Transfer,2,1795.61,1.25,0,0,0,0,4,0
3221.42,11,Money Transfer,2,3787.99,0.85,0,0,0,1,5,1
2301.67,14,Bills,4,4349.27,0.53,1,0,0,2,1,0
2562.34,16,Recharge,1,2183.18,1.17,0,0,1,1,4,0
1120.68,12,Healthcare,1,2626.33,0.43,1,0,0,0,1,0
1294.23,17,Bills,6,1734.2,0.75,0,0,0,0,4,0
1317.2,11,Money Transfer,4,1173.37,1.12,0,0,0,1,4,0
2420.82,10,Travel,2,2180.03,1.11,0,0,0,0,2,0
4156.29,14,Money Transfer,4,4600.4,0.9,1,0,0,0,1,0
78208.5,2,Rent,5,1270.24,61.57,0,0,0,0,5,1
1348.13,6,Bills,5,979.46,1.38,1,0,0,2,1,1
982.57,12,Shopping,1,1185.13,0.83,0,0,0,0,7,0
80179.65,21,Recharge,4,1328.94,60.33,0,0,0,0,5,1
358.91,17,Money Transfer,5,437.53,0.82,0,0,0,0,4,1
451.93,7,Food,4,1542.06,0.29,0,0,0,1,4,0
2160.93,19,Food,4,1527.31,1.41,1,0,0,0,1,0
20.32,17,Recharge,3,1898.06,0.01,0,0,1,0,13,0
1074.64,15,Food,3,1111.27,0.97,0,0,0,1,6,0
1782.36,18,Food,3,2009.3,0.89,0,0,0,0,2,0
6419.55,12,Shopping,3,4089.92,1.57,0,0,0,1,4,0
5944.06,9,Money Transfer,6,5900.91,1.01,0,0,0,0,4,0
2077.08,14,Shopping,3,1877.05,1.11,0,0,0,0,5,0
416.02,14,Travel,2,378.34,1.1,1,0,0,1,1,0
5251.41,14,Money Transfer,3,6566.54,0.8,0,0,0,0,2,0
812.63,14,Travel,4,2502.67,0.32,0,0,0,0,5,0
1591.02,21,Shopping,1,1036.95,1.53,0,0,0,1,5,0
2893.68,20,Shopping,1,586.53,4.93,0,1,0,0,3,1
487.37,19,Travel,2,578.65,0.84,0,0,1,0,2,0
686.31,18,Shopping,6,630.51,1.09,0,0,0,0,10,0
598.75,21,Shopping,4,383.96,1.56,0,0,0,0,2,0
3637.34,7,Shopping,4,4483.85,0.81,0,0,0,1,5,0
703.94,10,Healthcare,3,1700.76,0.41,0,0,0,0,2,0
14.68,13,Travel,2,2466.91,0.01,0,0,0,0,2,0
80.77,19,Money Transfer,2,3469.61,0.02,0,0,0,0,3,1
4046.48,13,Rent,1,3122.42,1.3,0,1,0,0,5,0
5875.72,17,Money Transfer,4,4155.99,1.41,0,0,0,0,12,0
11550.53,8,Bills,2,6454.19,1.79,1,0,0,0,1,0
1441.47,10,Food,4,1340.69,1.08,0,0,0,0,6,0
5524.79,17,Shopping,2,5704.44,0.97,0,0,0,0,3,0
10.0,8,Shopping,2,2612.61,0.0,1,0,0,0,1,0
475.52,11,Shopping,2,431.92,1.1,0,0,0,0,5,0
8764.05,10,Food,1,2361.04,3.71,0,0,0,0,2,0
3093.63,11,Bills,1,2389.17,1.29,0,0,0,0,6,0
4405.17,17,Rent,3,4553.36,0.97,1,0,0,0,1,0
975.02,11,Shopping,3,1140.06,0.86,0,0,0,0,4,0
1654.25,14,Shopping,3,1882.67,0.88,0,0,0,0,2,0
860.87,7,Healthcare,2,322.07,2.67,1,0,0,0,1,0
1519.93,18,Rent,3,1026.44,1.48,1,0,0,0,1,0
587.98,11,Bills,3,415.68,1.41,0,0,0,0,2,0
1877.02,16,Food,4,1628.18,1.15,0,0,1,2,2,0
336.8,17,Money Transfer,4,3361.29,0.1,1,0,0,0,1,0
622.08,9,Shopping,2,716.21,0.87,1,0,0,0,1,0
2345.71,19,Shopping,4,1649.27,1.42,0,0,1,0,2,0
813.45,15,Food,3,710.7,1.14,0,0,0,1,5,0
634.3,12,Bills,4,531.51,1.19,0,0,0,0,8,0
1738.85,9,Food,5,1587.7,1.1,0,0,0,0,3,0
411.54,21,Food,3,448.42,0.92,0,0,0,0,2,0
44.05,18,Shopping,6,1893.3,0.02,0,0,0,1,9,1
333.66,9,Healthcare,2,357.31,0.93,0,0,0,0,10,0
22316.7,11,Bills,2,503.13,44.36,1,0,0,0,1,1
6603.2,18,Rent,4,1737.3,3.8,0,0,0,1,3,0
1291.2,17,Other,2,1911.07,0.68,0,0,1,0,5,1
300.22,18,Food,1,352.95,0.85,0,0,1,0,5,0
1015.74,12,Food,2,1833.34,0.55,0,0,0,1,4,0
2588.18,17,Travel,2,3581.88,0.72,0,0,0,0,2,0
3518.32,12,Bills,6,2606.29,1.35,0,0,0,0,2,0
503.88,9,Food,3,553.13,0.91,0,0,0,0,5,0
2092.55,16,Shopping,3,1915.77,1.09,1,0,0,1,1,0
2647.61,22,Money Transfer,4,2307.92,1.15,0,0,1,0,2,1
367.41,11,Recharge,5,368.3,1.0,0,0,0,3,3,1
18551.26,13,Shopping,2,3780.16,4.91,0,0,0,0,5,0
9705.25,16,Money Transfer,3,4561.16,2.13,0,0,0,0,2,0
4789.59,14,Money Transfer,3,3720.25,1.29,0,0,0,0,3,0
2192.82,19,Money Transfer,1,3433.56,0.64,1,1,0,0,1,0
9596.23,18,Food,3,2759.44,3.48,0,0,0,0,6,0
421.98,5,Healthcare,4,2106.43,0.2,0,0,0,1,5,0
3174.36,23,Shopping,3,2343.28,1.35,0,0,0,0,5,0
9834.13,17,Shopping,3,3255.49,3.02,1,0,0,0,1,0
2464.98,19,Shopping,4,2255.13,1.09,0,0,1,1,2,0
4884.64,16,Education,2,1014.76,4.81,1,0,0,0,1,0
902.15,19,Food,1,1148.78,0.79,0,0,0,0,4,0
6808.59,7,Rent,3,4392.45,1.55,0,1,0,0,2,0
684.35,11,Bills,2,331.09,2.07,0,0,1,0,5,0
1911.32,19,Education,4,2460.09,0.78,1,0,0,0,1,0
3539.19,9,Bills,3,5873.09,0.6,0,0,0,0,3,0
1110.86,6,Recharge,1,2504.91,0.44,1,0,0,0,1,0
21364.82,18,Rent,3,9482.58,2.25,0,0,0,0,3,0
9255.05,19,Bills,5,2393.93,3.87,0,0,0,0,3,0
87.01,8,Money Transfer,3,362.94,0.24,0,0,0,0,2,0
4291.96,19,Bills,2,3458.14,1.24,1,0,0,0,1,0
1249.61,17,Travel,2,902.92,1.38,1,0,0,0,1,0
2153.7,14,Bills,3,1363.25,1.58,0,0,0,0,4,0
1251.2,19,Food,2,973.38,1.29,0,0,0,0,6,0
25603.95,12,Shopping,2,862.92,29.67,0,0,0,0,4,1
1393.53,9,Food,4,1316.26,1.06,0,0,0,1,7,0
1816.6,10,Other,3,1156.84,1.57,0,0,0,1,8,0
7153.49,13,Recharge,3,2105.97,3.4,0,0,0,0,2,0
3089.57,14,Shopping,1,3319.42,0.93,0,0,0,0,4,0
1305.19,18,Shopping,3,934.54,1.4,0,0,0,0,2,0
3458.12,18,Shopping,4,732.8,4.72,0,0,0,0,8,0
1618.75,15,Travel,6,2278.74,0.71,0,0,0,0,3,0
2924.89,18,Bills,2,2297.34,1.27,0,0,0,2,4,0
19917.22,9,Shopping,6,4465.13,4.46,1,0,0,0,1,1
322.08,5,Money Transfer,3,328.93,0.98,0,0,0,0,3,0
11951.1,19,Bills,2,3751.68,3.19,0,0,1,0,4,0
1722.43,6,Travel,2,1624.91,1.06,1,0,1,0,1,0
1743.93,10,Food,1,2047.83,0.85,1,0,0,0,1,0
66399.12,17,Food,3,472.47,140.54,0,0,0,0,4,0
867.37,12,Money Transfer,4,1320.09,0.66,0,0,0,1,2,0
923.36,19,Rent,2,764.16,1.21,0,0,0,1,2,0
791.68,10,Food,3,828.0,0.96,0,0,0,0,3,0
6727.2,0,Travel,2,1562.47,4.31,1,0,0,0,1,1
4546.28,10,Education,2,3312.73,1.37,1,0,0,2,1,0
2999.38,15,Food,4,2751.1,1.09,0,0,0,0,10,0
2158.85,11,Bills,3,1909.27,1.13,0,0,0,2,2,0
21.15,14,Shopping,2,1695.48,0.01,1,0,0,0,1,0
37713.14,19,Money Transfer,5,1303.33,28.94,1,0,0,0,1,0
22112.78,20,Shopping,1,6782.22,3.26,1,0,0,0,1,0
4088.01,10,Shopping,3,1778.55,2.3,0,0,0,2,2,1
1130.37,13,Travel,4,827.37,1.37,0,0,0,0,2,0
3610.23,14,Other,5,770.67,4.68,0,0,0,0,2,0
1233.51,21,Shopping,4,2001.15,0.62,0,0,0,0,4,0
28807.69,23,Money Transfer,1,1631.78,17.65,0,1,0,0,3,1
1297.18,9,Bills,3,313.91,4.13,0,0,0,0,2,0
3436.27,17,Shopping,2,3490.21,0.98,0,0,1,0,5,0
1162.22,12,Food,1,2492.06,0.47,0,0,0,0,6,0
40181.86,0,Travel,2,2251.57,17.85,0,0,0,0,3,1
47160.05,0,Food,1,428.27,110.12,1,0,0,0,1,1
71.36,13,Shopping,4,1109.11,0.06,0,1,0,0,2,0
11170.67,13,Money Transfer,3,5230.68,2.14,0,0,0,0,3,1
3279.76,2,Bills,2,3872.61,0.85,1,0,0,1,1,0
660.56,17,Food,3,905.22,0.73,1,0,0,0,1,0
1169.75,10,Shopping,4,607.54,1.93,0,0,0,0,9,0
993.56,14,Bills,5,1373.12,0.72,0,0,0,0,4,0
1138.42,10,Shopping,2,1091.63,1.04,1,0,0,1,1,0
4656.97,8,Travel,3,2363.55,1.97,0,0,0,0,2,0
23360.49,12,Shopping,2,6409.68,3.64,1,0,0,0,1,0
2777.0,9,Healthcare,2,1111.78,2.5,1,0,0,0,1,0
873.92,14,Money Transfer,5,415.64,2.1,0,0,1,0,2,0
4871.5,9,Money Transfer,4,4402.21,1.11,0,0,0,0,3,0
695.35,13,Shopping,3,369.64,1.88,0,0,0,0,9,0
5301.05,8,Money Transfer,3,5794.75,0.91,0,0,0,0,5,0
2551.73,16,Education,1,2266.27,1.13,1,0,0,0,1,0
26071.72,17,Other,2,5415.54,4.81,0,0,0,0,2,0
64.3,7,Money Transfer,2,700.89,0.09,0,0,0,0,3,0
245.55,13,Money Transfer,2,374.79,0.66,1,0,0,1,1,0
1380.49,6,Travel,3,1505.71,0.92,0,0,0,0,6,0
3214.33,15,Education,2,1378.15,2.33,1,0,0,0,1,0
84.67,10,Food,2,1024.87,0.08,1,0,0,0,1,0
7547.43,14,Money Transfer,1,5991.49,1.26,0,0,0,0,3,0
9149.98,14,Money Transfer,2,3412.66,2.68,1,0,0,0,1,0
8889.66,20,Travel,3,2250.25,3.95,0,0,0,0,3,0
506.86,14,Shopping,7,619.97,0.82,0,1,0,0,9,0
2995.73,15,Food,1,2685.86,1.12,0,0,1,1,4,0
3301.8,12,Money Transfer,4,2636.99,1.25,0,0,0,0,5,0
5408.97,21,Bills,2,1296.31,4.17,0,0,0,0,2,0
30598.75,18,Shopping,2,4957.35,6.17,0,0,1,0,2,0
18.81,10,Food,1,628.85,0.03,0,0,0,1,2,0
578.68,19,Money Transfer,3,859.93,0.67,0,0,0,1,4,1
682.41,12,Food,5,417.56,1.63,0,0,0,0,3,0
60169.2,19,Shopping,4,3156.51,19.06,0,1,0,2,2,1
2082.53,18,Food,3,2050.0,1.02,1,1,0,0,1,0
940.76,9,Food,3,980.85,0.96,0,0,0,1,4,0
1877.93,17,Food,4,622.03,3.02,0,0,0,0,4,0
153.62,10,Food,2,373.76,0.41,1,0,0,0,1,0
2454.44,10,Travel,3,628.35,3.91,0,0,1,0,4,0
6901.01,10,Bills,3,1386.89,4.98,0,0,0,0,6,0
958.91,17,Rent,1,811.07,1.18,1,0,0,1,1,0
939.21,9,Bills,2,839.52,1.12,0,0,0,0,2,0
5921.18,0,Money Transfer,4,4051.31,1.46,0,0,0,0,6,0
3149.57,17,Shopping,1,1603.0,1.96,0,0,0,0,2,0
1162.96,8,Shopping,4,2651.82,0.44,0,0,0,0,5,0
317.67,7,Money Transfer,5,365.46,0.87,1,0,0,0,1,0
2821.09,10,Bills,1,1117.9,2.52,1,0,0,0,1,0
582.52,12,Travel,2,1474.19,0.4,1,0,0,2,1,1
496.6,13,Bills,5,671.35,0.74,0,0,0,0,11,0
729.45,5,Money Transfer,3,530.49,1.38,1,0,0,0,1,0
51240.17,22,Money Transfer,2,3976.61,12.89,0,0,0,0,6,1
8255.34,17,Shopping,5,5347.17,1.54,0,0,0,0,2,0
357.03,11,Money Transfer,2,447.75,0.8,1,0,0,0,1,0
1227.21,11,Money Transfer,2,1072.69,1.14,1,0,0,2,1,0
7342.14,13,Shopping,3,6018.44,1.22,0,0,0,0,2,0
20.1,16,Shopping,2,456.28,0.04,1,0,0,0,1,0
2337.12,8,Food,3,2157.27,1.08,0,0,0,0,8,0
23345.81,9,Travel,3,6750.28,3.46,0,0,1,1,7,0
9098.47,19,Other,2,7188.48,1.27,1,0,0,0,1,1
57.56,10,Recharge,4,1446.94,0.04,0,0,0,0,4,0
960.02,12,Food,1,619.74,1.55,0,1,1,0,2,1
816.29,19,Money Transfer,3,706.35,1.16,0,0,0,0,12,0
6085.03,16,Food,6,4266.58,1.43,1,0,0,0,1,0
60.66,11,Bills,2,4668.28,0.01,0,0,0,0,2,0
2727.84,16,Shopping,2,1985.14,1.37,1,0,0,0,1,0
4224.6,1,Money Transfer,3,2915.74,1.45,0,0,0,0,4,1
2717.87,17,Bills,4,2724.26,1.0,1,0,0,0,1,0
7301.32,13,Money Transfer,2,2251.53,3.24,0,1,0,0,3,0
31.36,18,Food,1,3460.92,0.01,0,0,0,0,9,0
3798.17,21,Food,3,2381.65,1.59,0,0,0,0,2,0
457.06,20,Shopping,5,1674.43,0.27,0,0,1,0,2,0
944.89,20,Money Transfer,7,786.79,1.2,0,0,0,0,2,0
8274.26,14,Money Transfer,4,2751.85,3.01,0,1,0,0,2,0
1815.14,11,Shopping,3,1454.49,1.25,0,0,0,0,2,0
1174.88,13,Shopping,5,928.67,1.27,0,0,0,0,2,0
4414.94,17,Bills,1,3214.59,1.37,0,0,0,0,18,0
39061.91,19,Rent,3,2447.54,15.96,1,0,0,0,1,1
5018.07,9,Money Transfer,1,5286.05,0.95,1,0,1,0,1,1
835.86,20,Rent,2,625.53,1.34,1,0,0,0,1,0
6251.43,18,Healthcare,5,2185.52,2.86,0,0,1,0,3,0
3860.11,22,Rent,2,804.06,4.8,1,0,1,0,1,0
10407.17,19,Money Transfer,4,4510.33,2.31,0,0,1,0,8,0
148.54,10,Education,5,488.65,0.3,0,0,0,3,3,0
1946.24,7,Bills,4,2221.65,0.88,0,0,0,1,7,0
4075.82,7,Shopping,3,3118.5,1.31,0,0,0,0,2,0
1774.87,10,Bills,3,1089.08,1.63,1,0,0,0,1,0
6258.48,15,Money Transfer,3,5847.82,1.07,1,0,0,0,1,0
3249.36,18,Money Transfer,7,3723.61,0.87,0,0,0,1,2,0
2138.39,20,Shopping,8,928.23,2.3,1,0,0,0,1,1
231.85,16,Shopping,3,313.63,0.74,0,0,0,0,5,0
3624.15,0,Travel,3,933.44,3.88,0,0,0,0,5,0
545.63,9,Money Transfer,2,894.59,0.61,0,0,0,0,4,0
4637.59,7,Money Transfer,1,4272.52,1.09,0,0,0,0,7,0
7511.06,11,Travel,5,6446.87,1.17,0,0,0,1,3,0
2149.76,13,Bills,3,431.48,4.98,0,0,1,0,2,0
1163.02,4,Shopping,4,1447.18,0.8,0,0,0,0,3,0
82027.76,11,Food,3,1730.65,47.4,1,0,0,3,1,1
357.14,9,Shopping,2,475.53,0.75,0,0,0,0,3,0
1139.79,16,Bills,2,1153.21,0.99,0,1,0,0,3,0
1191.26,13,Food,3,986.49,1.21,0,0,0,0,5,0
1335.55,13,Healthcare,2,1682.39,0.79,0,0,0,0,2,0
4238.4,12,Shopping,3,2248.17,1.89,1,0,0,0,1,1
5105.9,21,Shopping,2,2488.18,2.05,0,0,0,0,3,0
373.89,9,Rent,4,564.7,0.66,0,0,0,2,5,0
4450.26,14,Rent,1,3317.46,1.34,0,0,0,0,10,0
18474.4,17,Shopping,4,2342.8,7.89,1,0,0,1,1,0
8553.81,14,Recharge,3,4258.02,2.01,0,0,0,0,4,0
1979.25,20,Shopping,2,1373.94,1.44,0,0,0,0,3,0
5235.27,12,Rent,3,4337.9,1.21,1,0,0,0,1,0
5943.2,13,Bills,4,3914.82,1.52,0,0,0,0,4,0
3396.92,7,Money Transfer,2,1338.57,2.54,1,0,0,0,1,0
1016.89,15,Bills,1,1163.79,0.87,0,0,1,0,5,0
18079.93,10,Shopping,3,5160.47,3.5,0,0,0,0,4,0
4989.3,8,Money Transfer,1,2560.52,1.95,0,0,0,0,4,0
23684.39,14,Shopping,3,5042.1,4.7,1,0,0,0,1,0
3129.9,14,Shopping,3,3169.97,0.99,0,0,0,0,8,0
1436.33,6,Recharge,3,1991.66,0.72,0,0,1,0,7,0
319.86,17,Shopping,2,521.64,0.61,0,0,0,0,7,0
1122.63,16,Food,1,920.24,1.22,0,0,0,0,2,0
25258.78,9,Money Transfer,6,6543.66,3.86,0,0,0,0,2,0
1398.26,13,Money Transfer,1,992.66,1.41,1,0,0,0,1,0
596.71,17,Recharge,5,476.21,1.25,1,0,0,1,1,0
2998.2,14,Shopping,2,2513.05,1.19,1,0,0,0,1,1
3529.59,12,Food,4,2683.69,1.32,0,0,0,0,3,0
776.86,11,Healthcare,6,905.0,0.86,0,0,0,0,2,1
1321.66,15,Food,4,936.04,1.41,0,0,0,0,3,0
2298.51,21,Recharge,2,1439.03,1.6,0,0,0,0,3,0
477.02,16,Shopping,4,339.65,1.4,0,0,0,1,7,0
11856.12,6,Money Transfer,2,3103.37,3.82,0,1,0,0,6,0
1194.87,13,Rent,3,986.5,1.21,0,0,0,0,4,0
1991.19,20,Travel,3,3760.55,0.53,0,0,0,0,5,0
1899.2,7,Other,5,3220.82,0.59,1,1,0,1,1,0
2834.54,23,Rent,2,2249.3,1.26,1,0,0,0,1,0
915.35,21,Food,4,1007.14,0.91,0,0,0,0,2,0
44862.19,6,Shopping,1,1607.38,27.91,0,0,0,0,3,1
558.61,21,Food,2,1359.26,0.41,0,0,0,0,5,0
810.06,11,Money Transfer,4,1044.88,0.78,0,0,0,0,2,0
5234.55,19,Other,2,3692.59,1.42,0,0,0,0,8,0
3490.61,12,Food,5,1489.25,2.34,0,0,0,0,5,0
1228.45,12,Money Transfer,5,3518.59,0.35,1,0,0,0,1,0
366.74,16,Shopping,4,500.12,0.73,0,0,0,0,2,0
776.99,18,Shopping,4,573.63,1.35,0,0,0,0,15,0
72939.78,3,Shopping,4,7115.31,10.25,0,0,0,0,2,1
54881.01,15,Rent,3,1895.11,28.96,0,0,1,0,2,1
1417.62,9,Education,2,1583.18,0.9,1,0,1,0,1,0
1781.29,11,Food,3,1633.02,1.09,0,0,0,0,2,0
1110.73,11,Food,4,736.35,1.51,0,0,0,0,4,0
10936.22,13,Shopping,1,2583.03,4.23,1,0,1,3,1,1
1107.01,11,Education,5,459.46,2.41,0,0,0,0,6,0
1881.09,7,Travel,4,1833.11,1.03,0,0,0,0,7,0
616.83,8,Shopping,1,1822.37,0.34,0,0,0,0,5,0
3767.94,3,Travel,5,4720.08,0.8,0,0,0,0,7,0
7458.37,13,Food,6,1644.48,4.54,1,0,0,3,1,1
411.25,21,Shopping,2,565.34,0.73,0,0,0,0,2,0
2493.69,7,Money Transfer,2,1830.71,1.36,1,0,0,0,1,0
1567.19,21,Money Transfer,2,472.39,3.32,0,0,0,0,6,0
26678.68,17,Shopping,2,710.21,37.56,0,0,0,2,9,1
469.38,16,Healthcare,3,356.88,1.32,1,0,0,1,1,0
1245.88,16,Bills,4,1596.17,0.78,0,0,0,0,3,0
569.44,19,Food,2,458.98,1.24,1,0,1,0,1,0
1726.37,7,Money Transfer,2,1440.73,1.2,0,0,0,1,2,0
8404.64,13,Money Transfer,1,5164.04,1.63,0,0,0,1,2,0
2597.12,17,Food,2,2589.81,1.0,0,0,0,1,5,0
1445.82,15,Food,4,445.03,3.25,1,0,0,2,1,0
1122.12,19,Shopping,3,756.97,1.48,1,0,0,0,1,0
55.91,6,Money Transfer,5,2315.68,0.02,1,0,1,1,1,1
1760.53,17,Bills,3,4351.73,0.4,1,0,0,0,1,0
242.21,14,Money Transfer,6,360.25,0.67,0,0,0,1,3,1
76664.4,12,Shopping,3,3312.69,23.14,1,0,0,0,1,1
2560.43,11,Bills,5,1785.2,1.43,0,0,0,0,2,0
1300.33,15,Shopping,4,1721.75,0.76,0,1,0,0,4,0
8118.22,20,Rent,2,5998.17,1.35,0,0,0,1,2,0
11284.5,13,Shopping,4,2778.45,4.06,0,0,0,0,7,0
36.18,19,Money Transfer,2,3716.24,0.01,0,0,0,2,5,0
16526.49,12,Bills,2,1086.51,15.21,1,0,1,0,1,1
2559.7,7,Money Transfer,3,1754.86,1.46,1,0,0,0,1,0
1494.24,6,Shopping,4,2020.02,0.74,0,0,0,1,7,0
3862.86,5,Education,1,998.39,3.87,0,0,0,0,2,0
1999.63,12,Education,2,1820.19,1.1,0,0,0,2,2,0
3583.35,11,Education,3,786.08,4.56,0,0,0,0,5,0
1097.92,17,Shopping,3,578.56,1.9,1,0,0,0,1,0
66272.47,17,Money Transfer,3,1143.04,57.98,0,0,0,2,2,1
2490.16,5,Other,4,2719.82,0.92,0,0,0,1,4,1
32644.15,9,Bills,5,4762.5,6.85,0,0,0,0,6,0
396.54,10,Shopping,3,1401.53,0.28,0,0,0,0,7,0
16840.29,14,Shopping,2,2153.15,7.82,0,0,0,0,2,0
36402.16,8,Money Transfer,6,495.73,73.43,0,1,0,1,6,1
4867.74,8,Recharge,4,4526.85,1.08,1,1,0,0,1,0
4335.66,21,Food,5,1813.31,2.39,0,0,0,0,2,0
3162.52,18,Money Transfer,3,3028.2,1.04,1,0,0,0,1,0
3913.39,9,Shopping,2,3147.64,1.24,1,0,0,0,1,0
884.45,12,Food,3,833.45,1.06,0,0,0,0,4,0
8072.79,11,Bills,2,1655.88,4.88,1,0,0,0,1,0
5616.87,18,Money Transfer,3,6115.7,0.92,0,0,0,0,3,0
1284.85,14,Bills,2,469.04,2.74,0,0,0,0,2,0
3251.8,8,Healthcare,4,2368.22,1.37,1,0,0,3,1,0
8491.76,17,Shopping,2,6198.86,1.37,0,0,0,0,4,0
1047.12,12,Food,3,943.5,1.11,0,0,0,0,4,0
2884.11,10,Rent,5,3857.72,0.75,0,1,0,0,4,0
5747.16,11,Bills,6,5183.27,1.11,0,0,0,0,5,0
2099.62,13,Food,3,2774.47,0.76,0,0,0,0,2,0
30.98,11,Food,2,773.56,0.04,0,0,0,0,15,0
674.88,10,Bills,2,1031.64,0.65,1,1,0,0,1,0
519.58,12,Money Transfer,2,365.64,1.42,0,0,1,0,3,0
6722.07,1,Recharge,1,3504.98,1.92,0,0,0,0,10,0
4896.5,18,Food,3,3710.16,1.32,1,0,0,0,1,0
9874.18,8,Shopping,1,2102.89,4.7,1,0,0,0,1,0
1032.86,5,Travel,1,1082.42,0.95,0,0,1,0,3,0
355.84,16,Bills,5,443.86,0.8,0,0,1,0,5,0
5644.03,18,Money Transfer,1,2817.48,2.0,0,0,0,0,2,0
1646.81,18,Education,4,2633.79,0.63,0,0,0,0,6,0
782.13,13,Recharge,2,4687.12,0.17,1,0,0,3,1,0
1850.28,9,Rent,3,2660.35,0.7,0,0,0,0,6,0
5202.07,17,Other,3,3475.76,1.5,1,0,1,0,1,0
3950.31,17,Shopping,1,2766.44,1.43,0,0,0,0,3,0
940.94,10,Shopping,4,2093.0,0.45,0,0,0,0,2,0
4679.96,20,Shopping,5,1302.26,3.59,0,0,0,0,2,1
14430.9,7,Recharge,3,4483.17,3.22,0,0,0,0,2,0
1338.35,22,Food,1,2194.67,0.61,0,0,0,0,2,0
1503.52,19,Shopping,3,1214.56,1.24,0,1,1,0,6,1
447.35,17,Money Transfer,4,456.89,0.98,0,1,0,0,4,0
774.93,21,Food,4,918.27,0.84,0,0,0,0,2,0
83.93,17,Shopping,1,1712.39,0.05,1,0,0,0,1,0
667.33,9,Education,2,880.43,0.76,0,0,0,0,6,0
753.03,12,Bills,2,750.08,1.0,0,0,0,0,6,0
3619.1,6,Money Transfer,2,1649.09,2.19,0,0,0,1,2,0
735.49,12,Healthcare,7,635.0,1.16,0,0,1,0,4,0
6996.29,17,Money Transfer,2,3200.68,2.19,0,0,0,0,2,0
1674.82,12,Other,4,1492.25,1.12,1,0,0,0,1,0
2410.78,11,Food,3,1835.39,1.31,0,0,1,0,2,0
482.96,15,Food,3,587.0,0.82,0,0,0,0,4,0
685.8,19,Shopping,3,1006.35,0.68,0,0,0,0,5,0
60320.67,5,Education,3,1250.01,48.26,0,0,0,0,6,1
2408.11,12,Money Transfer,2,3272.46,0.74,1,0,0,0,1,0
4234.38,8,Shopping,4,2946.67,1.44,0,0,0,0,2,0
948.2,17,Shopping,2,754.11,1.26,1,1,0,0,1,0
83378.39,7,Food,5,2023.64,41.2,0,0,0,0,4,1
65.25,16,Food,4,802.19,0.08,1,0,0,0,1,0
43313.58,10,Travel,3,8298.59,5.22,0,0,0,0,3,0
78642.2,9,Recharge,2,5770.45,13.63,0,0,1,0,4,1
73159.24,21,Shopping,3,1791.17,40.84,0,1,1,0,5,1
2064.43,1,Travel,4,2460.58,0.84,1,0,0,0,1,0
8169.97,12,Shopping,5,3209.91,2.55,1,0,0,0,1,0
1738.62,1,Education,4,2597.77,0.67,1,0,0,0,1,0
3022.97,13,Bills,6,2466.12,1.23,0,0,0,0,3,0
26026.68,13,Food,3,6030.06,4.32,1,0,0,1,1,1
2037.51,11,Travel,3,1933.45,1.05,1,1,0,1,1,0
5606.23,8,Money Transfer,4,2120.58,2.64,0,0,0,0,16,0
3981.02,11,Money Transfer,4,3706.06,1.07,0,0,0,0,2,0
7562.82,16,Bills,3,2295.0,3.3,0,0,1,0,2,0
3114.0,18,Money Transfer,4,2676.46,1.16,1,0,0,0,1,0
746.67,14,Money Transfer,5,780.23,0.96,0,0,0,0,3,0
726.13,15,Money Transfer,2,1135.29,0.64,0,0,0,0,2,0
672.84,9,Bills,4,586.83,1.15,0,0,0,0,3,0
7259.08,10,Money Transfer,4,1568.54,4.63,0,0,0,0,3,0
1455.16,8,Shopping,2,1394.95,1.04,0,0,0,0,10,0
3872.3,10,Travel,5,10856.9,0.36,1,0,0,1,1,0
7078.04,9,Bills,2,2000.48,3.54,0,0,0,0,3,0
83063.22,14,Shopping,2,3078.95,26.98,0,0,0,0,2,1
1538.73,14,Shopping,4,1031.68,1.49,0,0,0,0,2,0
1970.41,21,Shopping,2,3505.96,0.56,1,0,0,1,1,0
2768.38,9,Money Transfer,1,2018.52,1.37,0,1,0,0,4,0
12092.17,16,Money Transfer,2,2449.19,4.94,1,0,0,0,1,0
3224.64,18,Travel,3,927.75,3.48,0,0,0,0,2,0
496.82,14,Food,5,1731.88,0.29,0,0,0,0,2,1
3714.38,10,Food,1,2109.4,1.76,0,0,0,1,2,0
2053.94,10,Money Transfer,2,1900.91,1.08,0,0,0,0,2,0
22946.71,4,Bills,4,4741.29,4.84,1,0,1,0,1,1
4977.47,10,Money Transfer,4,4413.83,1.13,0,0,0,0,2,0
5149.75,17,Other,1,6671.84,0.77,1,0,0,0,1,0
4645.37,5,Food,1,2281.62,2.04,1,0,0,1,1,0
7003.45,9,Shopping,2,6730.48,1.04,0,0,0,0,5,0
3394.53,17,Travel,8,3515.95,0.97,0,0,1,0,6,0
35935.68,18,Money Transfer,4,868.53,41.38,0,0,1,2,4,1
1687.68,13,Travel,4,1303.73,1.29,0,0,0,1,3,0
23.12,17,Shopping,5,790.18,0.03,0,0,0,1,5,0
451.99,12,Shopping,5,307.57,1.47,1,0,0,1,1,0
546.09,8,Education,4,674.97,0.81,0,0,1,0,3,0
224.69,12,Shopping,1,307.32,0.73,1,0,0,2,1,0
4080.34,15,Bills,4,2590.3,1.58,0,0,0,1,5,0
4425.7,21,Rent,2,1297.77,3.41,0,0,0,0,3,0
1221.09,6,Food,4,974.64,1.25,0,0,0,0,5,0
3077.27,13,Travel,2,2881.76,1.07,0,0,0,0,5,0
3154.5,11,Money Transfer,4,3516.05,0.9,0,0,0,0,2,1
7343.06,13,Money Transfer,1,6961.68,1.05,0,0,0,0,2,0
1767.34,2,Shopping,2,2149.07,0.82,1,0,1,0,1,1
5517.02,11,Shopping,1,1414.24,3.9,0,0,0,1,3,0
1101.28,18,Money Transfer,8,955.6,1.15,0,0,0,0,4,0
1373.78,14,Food,2,752.59,1.83,1,0,0,2,1,0
728.73,13,Recharge,4,730.98,1.0,0,0,0,0,13,0
1068.28,10,Education,4,1247.27,0.86,0,0,0,0,11,0
8761.47,10,Bills,6,8943.53,0.98,1,0,0,0,1,0
366.4,12,Bills,1,301.54,1.22,0,0,0,0,4,0
659.23,19,Food,3,695.38,0.95,1,0,0,0,1,0
622.16,22,Rent,2,675.73,0.92,0,1,1,0,4,0
4896.29,12,Recharge,3,2572.92,1.9,0,0,0,0,3,0
2226.5,12,Travel,4,1082.3,2.06,0,0,1,0,5,0
872.48,19,Food,3,1400.03,0.62,0,0,0,0,2,0
609.55,12,Shopping,4,589.62,1.03,0,0,1,0,6,0
1015.68,14,Money Transfer,2,1234.54,0.82,0,0,0,3,6,0
554.5,9,Money Transfer,3,496.06,1.12,0,0,1,0,4,0
1368.7,17,Education,4,1670.73,0.82,0,0,0,0,2,0
542.97,14,Food,4,485.53,1.12,0,0,0,1,3,0
8716.86,18,Money Transfer,1,3113.53,2.8,0,0,0,0,4,0
1054.5,18,Other,3,1804.98,0.58,0,0,0,0,11,0
2456.34,9,Shopping,2,2617.03,0.94,1,0,0,1,1,0
1089.08,17,Money Transfer,4,1275.91,0.85,0,0,0,0,2,0
20639.26,18,Shopping,2,1164.8,17.72,0,0,0,0,5,0
1490.15,11,Travel,2,486.07,3.07,0,0,0,0,2,0
5631.39,8,Recharge,3,1635.66,3.44,0,0,0,3,4,0
2141.08,0,Rent,2,1600.64,1.34,1,0,0,0,1,0
1561.79,13,Education,3,1436.35,1.09,0,0,0,0,4,0
1817.03,11,Rent,3,2728.32,0.67,0,0,0,0,4,0
14270.5,14,Recharge,3,3516.24,4.06,0,0,0,0,3,0
12698.8,9,Bills,3,2801.02,4.53,0,0,0,0,5,0
775.5,19,Bills,3,579.59,1.34,0,0,0,1,6,0
2361.04,10,Shopping,3,2051.43,1.15,0,0,0,0,5,0
471.79,9,Healthcare,1,450.72,1.05,1,0,0,0,1,0
89.43,13,Travel,1,2435.17,0.04,0,0,0,0,4,0
78689.57,13,Money Transfer,2,1165.81,67.5,0,0,0,0,2,0
72392.26,9,Bills,5,555.85,130.24,0,0,0,0,2,1
7259.95,10,Rent,3,3865.57,1.88,0,0,0,0,6,0
1127.12,8,Education,2,2013.49,0.56,0,0,0,1,3,0
3660.52,17,Shopping,2,1088.54,3.36,0,0,0,0,2,0
492.85,18,Travel,2,356.18,1.38,0,0,0,0,5,0
38706.34,13,Food,2,1687.26,22.94,0,0,1,0,3,0
13432.21,17,Shopping,2,4920.4,2.73,0,0,0,1,6,0
1671.89,17,Shopping,2,1933.11,0.86,1,0,0,0,1,0
11.32,8,Shopping,3,6713.67,0.0,0,0,0,0,5,0
634.3,22,Money Transfer,3,564.07,1.12,1,0,0,0,1,0
81198.57,18,Money Transfer,3,1812.07,44.81,1,0,0,1,1,1
3673.01,9,Food,3,3180.19,1.15,1,0,0,0,1,0
1238.34,9,Rent,4,1642.04,0.75,1,0,0,0,1,0
518.54,8,Rent,2,471.87,1.1,0,0,0,1,4,0
2785.39,8,Travel,1,1873.91,1.49,0,0,0,0,3,0
2140.52,17,Shopping,1,2002.93,1.07,1,0,0,1,1,0
7616.4,13,Recharge,2,2648.22,2.88,1,1,0,1,1,1
3588.49,18,Education,5,2877.92,1.25,1,0,0,0,1,0
1112.06,17,Food,3,2951.47,0.38,0,0,0,0,2,0
2472.83,15,Food,2,2260.19,1.09,0,0,1,0,2,0
3061.05,17,Recharge,1,737.59,4.15,1,0,1,0,1,1
1577.42,1,Shopping,3,1232.24,1.28,0,0,0,0,6,0
4210.32,11,Shopping,6,2994.04,1.41,0,0,0,0,6,0
3304.42,16,Shopping,2,5820.12,0.57,1,0,0,1,1,0
691.57,0,Bills,6,448.03,1.54,1,0,0,0,1,0
1805.9,3,Shopping,2,1680.37,1.07,0,0,0,0,4,0
60.72,19,Food,2,974.51,0.06,0,0,0,0,6,0
2054.65,16,Other,4,759.72,2.7,1,0,0,0,1,1
2531.3,10,Education,7,1568.71,1.61,0,0,0,0,7,0
1679.04,17,Food,2,1976.94,0.85,1,0,0,0,1,0
307.88,18,Shopping,6,317.68,0.97,0,0,0,0,3,0
4176.91,10,Bills,2,3027.12,1.38,1,0,0,0,1,0
2964.79,4,Food,3,3385.46,0.88,0,0,0,0,8,0
24812.17,21,Shopping,5,6360.8,3.9,0,1,1,0,2,1
686.69,11,Shopping,3,658.63,1.04,0,0,0,0,3,0
1873.87,7,Recharge,2,1924.98,0.97,1,0,0,0,1,1
4928.87,13,Food,4,1301.19,3.79,0,0,0,0,2,0
886.85,18,Bills,2,1033.88,0.86,0,0,0,1,4,0
73573.63,9,Education,2,1800.96,40.85,0,1,0,0,11,1
32.7,10,Food,2,3045.03,0.01,0,1,0,0,14,0
159.75,10,Money Transfer,1,341.98,0.47,0,0,0,0,5,0
6198.92,23,Money Transfer,1,6576.17,0.94,0,0,0,0,6,0
3777.93,9,Money Transfer,2,3288.19,1.15,0,1,0,0,10,0
51861.89,15,Money Transfer,3,2803.66,18.5,1,0,0,0,1,0
2866.24,20,Bills,2,2871.72,1.0,1,1,0,0,1,0
54110.27,8,Food,3,1186.96,45.59,1,0,0,0,1,1
1511.73,22,Recharge,2,2807.04,0.54,0,0,0,0,2,0
1519.6,21,Money Transfer,2,1180.23,1.29,0,0,0,0,9,0
1554.47,19,Food,1,4421.53,0.35,0,0,0,0,3,0
992.32,9,Food,3,651.12,1.52,0,0,0,1,3,0
962.37,16,Food,2,922.44,1.04,0,0,0,0,5,0
6041.5,18,Travel,2,1742.67,3.47,0,0,0,0,8,0
315.04,22,Shopping,6,992.11,0.32,0,0,1,1,4,1
1497.52,9,Money Transfer,1,1293.71,1.16,0,0,0,0,7,0
1658.34,18,Shopping,4,1520.59,1.09,1,0,1,0,1,0
2917.32,11,Money Transfer,2,3792.72,0.77,0,0,0,1,2,0
3413.48,9,Money Transfer,2,1633.16,2.09,0,0,0,0,2,0
757.9,12,Food,2,1110.25,0.68,0,0,1,0,2,1
1615.77,18,Healthcare,5,812.4,1.99,1,0,0,0,1,0
1409.06,13,Food,3,1245.7,1.13,0,0,1,0,7,0
6866.74,14,Travel,3,1605.23,4.28,0,1,0,0,2,1
3150.36,23,Money Transfer,3,2767.57,1.14,0,0,0,0,3,0
662.57,12,Food,5,532.25,1.24,1,0,0,0,1,0
67.54,15,Shopping,5,750.95,0.09,0,0,0,0,10,0
1506.42,11,Rent,3,1159.46,1.3,0,0,0,0,3,0
1029.6,12,Money Transfer,5,1104.44,0.93,1,0,0,0,1,0
1124.86,17,Money Transfer,2,1194.9,0.94,1,0,0,0,1,0
2996.69,21,Shopping,2,3139.6,0.95,0,0,1,1,21,0
3905.17,14,Shopping,2,1005.22,3.88,0,0,0,0,11,0
1566.29,18,Rent,3,1554.51,1.01,0,0,0,0,3,0
3128.41,7,Other,6,2060.25,1.52,0,0,0,0,3,0
665.97,9,Money Transfer,3,775.56,0.86,0,0,0,0,7,0
3315.49,13,Money Transfer,2,2582.97,1.28,0,0,0,0,4,0
2291.1,1,Shopping,4,1725.8,1.33,0,0,0,0,8,0
1976.9,10,Food,4,1365.6,1.45,0,0,0,0,2,0
4749.13,14,Rent,4,3287.27,1.44,0,0,0,0,11,0
1127.68,1,Shopping,1,802.28,1.41,0,0,0,0,3,0
20533.34,10,Money Transfer,3,4164.76,4.93,0,0,0,0,3,1
1371.36,14,Shopping,1,1782.06,0.77,1,0,0,0,1,1
3131.64,15,Shopping,6,1991.09,1.57,0,0,0,0,3,0
17768.94,20,Shopping,3,4043.84,4.39,0,0,1,0,5,1
3238.28,16,Shopping,4,3362.62,0.96,0,0,0,0,2,0
1756.25,12,Shopping,7,1956.37,0.9,0,0,0,3,2,1
9998.1,21,Money Transfer,2,2818.43,3.55,0,1,0,0,2,1
1385.42,18,Bills,4,1322.33,1.05,0,0,0,0,10,0
2583.36,9,Food,6,1726.86,1.5,0,0,0,0,2,0
369.56,8,Money Transfer,2,415.34,0.89,1,0,0,0,1,0
543.92,16,Rent,4,469.48,1.16,1,0,0,3,1,0
3067.22,14,Recharge,3,3483.45,0.88,0,0,0,3,5,0
588.47,18,Money Transfer,3,410.75,1.43,0,0,0,0,3,0
88.41,17,Shopping,4,634.09,0.14,1,0,0,0,1,0
17.81,16,Food,2,3159.87,0.01,0,0,1,0,2,1
38009.67,22,Shopping,3,302.06,125.83,0,0,0,0,7,1
962.67,14,Money Transfer,4,897.33,1.07,0,0,0,1,9,0
261.85,7,Money Transfer,2,1878.89,0.14,1,0,0,0,1,1
1631.45,19,Education,1,1928.96,0.85,1,0,0,0,1,0
4211.35,10,Money Transfer,3,3002.28,1.4,1,0,0,0,1,0
657.21,18,Travel,2,1569.13,0.42,0,0,0,0,6,0
21723.66,21,Other,4,1581.83,13.73,1,0,0,0,1,0
2269.76,17,Shopping,5,2625.81,0.86,1,0,0,0,1,0
1418.64,15,Rent,2,1542.72,0.92,1,0,0,0,1,0
2206.21,13,Money Transfer,6,1987.94,1.11,0,0,0,0,7,0
4575.66,11,Money Transfer,4,4405.03,1.04,0,0,0,0,4,1
1455.21,11,Money Transfer,1,1223.84,1.19,0,0,0,3,3,0
706.69,16,Recharge,3,1175.41,0.6,0,0,0,0,5,0
239.33,17,Travel,1,306.4,0.78,0,0,1,0,4,0
37.38,16,Food,3,2010.78,0.02,0,0,0,0,4,0
25414.34,9,Money Transfer,1,354.4,71.71,1,0,0,0,1,1
39534.04,13,Bills,2,1562.66,25.3,0,0,0,0,3,0
5250.78,18,Healthcare,1,3235.5,1.62,0,0,1,0,4,0
5792.35,13,Bills,2,1737.0,3.33,0,0,0,0,3,0
773.79,14,Shopping,6,865.58,0.89,1,0,0,1,1,0
1964.75,18,Food,3,3076.62,0.64,1,0,0,2,1,0
468.12,16,Shopping,4,865.78,0.54,0,0,0,0,10,0
3633.85,12,Rent,1,2677.13,1.36,0,0,0,0,4,0
2686.0,20,Shopping,2,1996.09,1.35,0,0,0,0,4,0
1183.56,8,Food,4,635.39,1.86,0,0,0,0,4,0
9653.72,23,Travel,5,4539.52,2.13,1,0,1,0,1,0
2451.59,7,Shopping,4,703.11,3.49,1,0,0,0,1,0
10169.75,1,Money Transfer,5,8516.47,1.19,0,0,0,0,2,0
945.75,20,Money Transfer,1,313.21,3.02,0,0,0,1,2,1
458.39,10,Money Transfer,5,850.48,0.54,0,0,0,0,5,0
403.54,17,Shopping,2,701.34,0.58,1,0,0,0,1,0
51640.71,18,Money Transfer,4,325.37,158.71,1,0,0,0,1,0
4410.02,19,Bills,2,2672.66,1.65,1,0,0,0,1,0
3990.43,23,Shopping,3,2428.13,1.64,0,0,0,0,2,0
2626.85,10,Shopping,3,3129.43,0.84,1,0,0,0,1,1
33.67,17,Money Transfer,4,833.98,0.04,1,0,0,0,1,0
1069.2,7,Healthcare,5,1357.66,0.79,1,0,0,0,1,0
37108.78,12,Food,1,2237.17,16.59,1,0,0,2,1,0
5936.72,19,Travel,5,1342.93,4.42,0,0,0,0,2,0
11609.44,11,Money Transfer,4,2451.18,4.74,0,0,0,0,3,0
84622.81,15,Food,6,2109.09,40.12,0,1,0,0,2,1
623.81,13,Shopping,6,519.19,1.2,1,0,1,0,1,0
4473.5,16,Food,3,3033.98,1.47,0,0,0,0,2,0
3315.59,22,Recharge,2,2595.69,1.28,0,0,0,1,6,0
1138.47,5,Food,1,2219.94,0.51,1,0,0,0,1,0
502.43,15,Education,2,603.35,0.83,0,0,0,0,9,0
1023.09,19,Travel,5,861.55,1.19,0,0,0,0,2,0
1308.34,13,Shopping,4,1199.13,1.09,1,0,0,0,1,0
552.27,6,Recharge,4,891.13,0.62,1,0,0,0,1,0
1019.82,14,Shopping,2,765.35,1.33,1,0,0,2,1,0
14543.73,11,Food,6,3245.86,4.48,0,0,0,0,3,0
1502.28,8,Shopping,4,2130.16,0.71,0,0,0,0,2,0
2463.83,19,Shopping,4,1800.29,1.37,0,0,0,0,5,0
672.38,14,Money Transfer,3,761.02,0.88,0,0,0,0,4,0
4633.42,21,Rent,3,4803.55,0.96,0,0,0,2,2,0
2641.35,18,Money Transfer,1,681.93,3.87,0,0,0,1,3,0
3767.52,17,Food,2,3152.11,1.2,0,0,1,0,3,0
2590.22,0,Shopping,4,6422.48,0.4,1,0,0,0,1,0
1991.83,12,Shopping,1,2637.52,0.76,1,1,0,0,1,0
7787.85,9,Food,3,9195.37,0.85,0,0,0,0,2,0
38.89,20,Money Transfer,2,2195.09,0.02,1,0,0,0,1,0
910.89,8,Travel,1,741.38,1.23,0,0,0,0,2,0
41106.56,10,Food,1,710.27,57.87,0,0,1,0,3,0
826.92,14,Bills,3,1006.32,0.82,0,0,0,0,3,0
858.61,10,Travel,3,312.88,2.74,1,0,0,0,1,0
1809.67,9,Money Transfer,1,2360.56,0.77,1,0,0,2,1,0
429.63,15,Travel,4,863.2,0.5,1,0,0,0,1,0
3453.46,7,Rent,2,3339.1,1.03,1,0,0,0,1,0
1759.43,5,Money Transfer,2,1100.99,1.6,0,0,0,0,2,0
1336.2,11,Bills,4,1476.92,0.9,0,0,0,3,2,0
6657.04,17,Money Transfer,2,6370.12,1.05,1,1,0,0,1,1
335.75,14,Bills,5,799.14,0.42,1,0,0,0,1,0
7797.67,12,Bills,4,2599.42,3.0,0,0,0,0,2,0
3460.78,14,Education,3,2832.56,1.22,1,0,0,0,1,0
625.85,11,Recharge,2,749.54,0.83,1,0,0,0,1,0
1632.8,21,Money Transfer,3,1551.26,1.05,0,0,0,0,2,1
1310.34,5,Money Transfer,5,1075.97,1.22,1,0,0,0,1,1
12110.32,16,Food,2,2960.4,4.09,0,0,0,0,6,0
1322.01,20,Money Transfer,1,2053.45,0.64,0,0,0,0,4,0
19087.47,18,Food,4,1463.22,13.04,0,0,1,0,2,1
1113.07,9,Travel,2,3020.23,0.37,1,0,0,1,1,0
450.94,10,Travel,2,782.55,0.58,1,0,0,1,1,0
2852.45,17,Money Transfer,4,2821.6,1.01,1,0,0,0,1,0
42437.86,6,Shopping,1,3909.46,10.86,1,0,0,0,1,1
2388.42,18,Money Transfer,3,4095.92,0.58,0,0,0,0,2,0
8346.86,17,Shopping,3,3055.74,2.73,1,0,0,0,1,0
1757.75,17,Recharge,1,1243.69,1.41,0,0,0,0,7,0
27658.23,7,Money Transfer,4,7512.19,3.68,0,0,0,0,10,0
783.04,17,Shopping,2,1159.29,0.68,0,0,0,2,4,0
1959.37,16,Shopping,1,2132.11,0.92,0,0,1,1,5,0
1990.68,19,Food,1,616.14,3.23,1,0,0,0,1,0
78.72,4,Food,3,7382.5,0.01,0,1,0,0,4,1
2550.17,2,Money Transfer,3,2491.23,1.02,1,0,0,0,1,0
9457.11,11,Shopping,6,2819.81,3.35,0,0,0,0,10,0
487.36,8,Money Transfer,2,422.47,1.15,0,0,0,0,4,1
4759.23,14,Money Transfer,3,2894.63,1.64,0,0,0,0,2,0
1963.26,20,Travel,4,2982.77,0.66,0,1,0,0,5,0
2604.13,12,Food,2,2305.29,1.13,1,0,0,2,1,0
945.42,19,Money Transfer,3,921.33,1.03,0,0,0,0,2,0
971.45,0,Shopping,5,1510.93,0.64,0,0,0,0,7,0
669.22,8,Other,6,510.64,1.31,1,0,0,0,1,0
1140.91,3,Money Transfer,2,1448.18,0.79,0,0,0,0,4,1
486.68,11,Travel,3,803.07,0.61,0,0,0,0,2,0
869.83,20,Shopping,4,1072.91,0.81,0,0,0,0,2,0
1438.01,7,Money Transfer,2,619.42,2.32,0,0,0,1,4,0
3051.62,15,Shopping,2,770.58,3.96,0,0,0,0,7,0
112.79,13,Money Transfer,3,443.39,0.25,1,0,1,0,1,0
7870.41,21,Healthcare,1,4844.09,1.62,1,0,0,1,1,1
54873.26,7,Money Transfer,3,1660.61,33.04,0,0,0,0,2,1
72667.86,9,Shopping,1,1209.74,60.07,0,0,0,0,3,1
1416.48,3,Shopping,4,1678.41,0.84,0,0,0,0,2,0
9490.69,12,Money Transfer,3,2081.37,4.56,0,0,0,1,5,0
4259.48,10,Shopping,3,4889.09,0.87,0,0,0,0,5,0
713.59,19,Shopping,1,654.34,1.09,0,0,0,0,2,0
28963.3,15,Bills,1,930.61,31.12,1,0,0,0,1,0
6261.37,15,Money Transfer,3,6997.73,0.89,1,0,0,1,1,0
2024.66,14,Rent,7,1135.08,1.78,0,0,0,3,2,0
325.09,7,Recharge,3,341.08,0.95,0,0,0,0,8,0
732.23,12,Shopping,2,587.55,1.25,0,0,0,2,3,0
1028.26,23,Healthcare,1,348.05,2.95,0,0,0,0,3,0
6407.21,19,Money Transfer,2,8575.52,0.75,0,1,0,0,4,0
941.29,20,Education,3,888.49,1.06,1,0,0,0,1,0
3890.89,18,Food,1,4927.84,0.79,1,0,0,0,1,0
10243.38,7,Bills,3,10188.17,1.01,0,0,0,0,2,0
2835.73,9,Other,3,1948.61,1.46,0,0,0,0,15,0
398.48,0,Rent,6,360.77,1.1,0,0,0,0,6,0
652.42,10,Healthcare,3,453.2,1.44,0,0,0,0,4,0
2155.99,7,Money Transfer,3,1482.58,1.45,0,0,0,0,2,0
57032.61,13,Money Transfer,2,1238.1,46.06,0,0,0,0,3,0
3917.29,16,Money Transfer,2,1977.34,1.98,0,0,0,0,2,0
1193.51,19,Food,1,1339.97,0.89,0,0,0,0,4,0
17608.09,17,Shopping,1,5194.68,3.39,0,0,0,1,2,0
1849.62,21,Food,2,1677.28,1.1,1,0,0,1,1,0
10986.96,5,Food,4,2429.9,4.52,1,0,0,0,1,1
3433.55,0,Bills,2,4382.47,0.78,0,0,0,0,3,0
2368.36,16,Bills,3,585.92,4.04,0,0,0,0,4,0
588.67,10,Money Transfer,2,769.84,0.76,1,0,0,0,1,0
601.35,10,Money Transfer,1,504.35,1.19,0,0,0,0,5,0
344.98,11,Rent,4,570.72,0.6,0,0,0,0,5,0
938.2,10,Shopping,3,1593.55,0.59,0,0,0,0,4,0
989.6,14,Shopping,4,997.32,0.99,0,0,0,0,4,0
5883.09,12,Money Transfer,3,1290.38,4.56,1,0,0,0,1,0
23748.57,14,Rent,2,7580.95,3.13,0,0,1,0,8,0
1651.23,16,Healthcare,3,606.79,2.72,1,0,0,0,1,0
1467.58,12,Food,2,1700.93,0.86,1,0,0,1,1,0
1889.2,10,Money Transfer,3,487.39,3.88,0,0,0,0,3,1
3734.65,8,Food,1,990.22,3.77,0,0,0,0,2,0
1859.16,11,Shopping,2,1649.59,1.13,0,0,0,0,8,0
23844.94,17,Money Transfer,3,5574.97,4.28,0,1,0,0,2,1
1614.12,18,Food,4,1193.36,1.35,1,0,0,0,1,0
383.66,16,Money Transfer,2,420.8,0.91,0,0,0,0,9,0
76041.31,9,Money Transfer,4,1184.32,64.21,0,0,0,0,3,1
1095.4,15,Other,1,583.54,1.88,0,0,0,0,3,0
339.34,15,Education,4,770.43,0.44,0,0,0,0,2,0
4497.99,13,Food,4,2032.63,2.21,0,0,0,0,6,0
2011.89,14,Food,2,425.65,4.73,1,0,1,0,1,0
1035.78,13,Food,4,1424.95,0.73,1,0,0,1,1,0
3723.13,14,Shopping,1,1992.41,1.87,0,0,0,0,2,0
1491.84,17,Money Transfer,3,1286.29,1.16,0,0,0,0,8,0
1365.12,7,Shopping,4,334.76,4.08,1,0,0,0,1,0
13537.49,17,Money Transfer,1,7922.9,1.71,1,0,0,0,1,0
5496.7,8,Food,6,1123.44,4.89,0,0,0,0,4,1
70617.39,6,Shopping,3,3013.83,23.43,0,0,0,1,5,0
3670.76,22,Healthcare,3,1009.2,3.64,0,0,0,0,2,0
1326.01,21,Recharge,2,1459.9,0.91,0,0,0,4,6,1
1387.16,5,Travel,3,1185.21,1.17,1,0,1,0,1,1
1244.66,12,Food,2,1054.87,1.18,0,0,0,1,2,0
283.24,9,Education,3,339.77,0.83,0,0,1,0,2,0
22609.66,13,Shopping,5,1103.38,20.49,0,0,0,0,2,0
294.83,19,Bills,5,4264.77,0.07,1,0,0,0,1,1
1336.36,21,Shopping,2,2410.41,0.55,0,0,0,0,2,0
593.84,16,Bills,6,582.87,1.02,1,0,0,0,1,0
2287.16,11,Rent,4,1909.95,1.2,0,0,1,0,4,0
11525.42,15,Education,1,4309.98,2.67,0,0,1,0,4,0
2619.21,11,Healthcare,6,2467.36,1.06,0,0,1,0,2,0
484.54,20,Shopping,1,589.75,0.82,0,0,1,1,2,1
3572.93,19,Money Transfer,4,3942.63,0.91,0,0,1,0,2,0
3976.73,14,Other,3,945.99,4.2,0,0,1,0,8,0
772.05,11,Money Transfer,1,1389.5,0.56,0,0,0,0,3,0
1092.27,10,Education,2,1644.33,0.66,0,0,0,0,4,0
4957.67,3,Food,3,3720.91,1.33,1,0,0,0,1,0
46838.92,18,Money Transfer,2,5128.49,9.13,1,0,0,0,1,1
11512.47,13,Rent,3,5077.76,2.27,1,0,0,1,1,0
25681.63,11,Shopping,2,314.37,81.69,0,0,1,0,2,0
2464.56,13,Bills,1,4889.31,0.5,0,0,0,0,4,0
472.44,18,Money Transfer,1,400.66,1.18,0,0,0,0,5,0
76.4,8,Money Transfer,2,856.09,0.09,0,0,0,0,4,0
559.89,19,Money Transfer,4,1602.45,0.35,0,0,0,0,7,0
2063.95,20,Food,7,1476.81,1.4,1,0,0,0,1,0
7137.13,21,Education,2,1970.64,3.62,0,0,0,0,6,0
6176.36,12,Other,3,1475.15,4.19,0,1,0,0,4,0
5993.2,9,Money Transfer,1,5202.86,1.15,1,1,0,0,1,0
1029.52,11,Bills,3,795.29,1.29,0,0,0,0,4,0
1015.34,11,Bills,3,876.43,1.16,0,0,0,0,3,0
24.45,9,Food,4,4862.99,0.01,0,0,0,3,2,0
543.67,15,Healthcare,3,443.72,1.23,1,0,0,1,1,0
1866.15,13,Shopping,1,1992.87,0.94,0,0,0,0,2,0
2437.37,19,Shopping,2,2360.77,1.03,1,1,0,0,1,0
36282.76,3,Education,4,1567.73,23.14,1,1,0,0,1,1
11473.89,16,Money Transfer,1,2432.87,4.72,0,0,0,0,6,1
335.33,18,Bills,3,641.38,0.52,0,0,1,3,3,0
9805.43,18,Recharge,2,3746.68,2.62,0,0,0,3,2,0
888.66,20,Shopping,4,571.53,1.55,0,0,0,1,2,0
1555.4,17,Education,3,1221.93,1.27,0,0,0,0,6,0
478.99,20,Money Transfer,5,440.83,1.09,0,0,0,0,2,1
1981.72,11,Money Transfer,1,1718.26,1.15,0,0,0,0,2,0
2268.93,13,Food,4,2294.21,0.99,0,0,0,0,5,0
5226.33,1,Recharge,3,5401.17,0.97,1,0,0,1,1,0
3331.51,0,Shopping,1,2720.14,1.22,0,0,0,0,4,0
1298.69,10,Money Transfer,1,1702.07,0.76,0,0,0,0,2,0
4194.11,7,Travel,2,5155.25,0.81,0,0,0,1,2,0
633.94,10,Travel,4,1471.66,0.43,0,0,0,0,5,0
1603.63,9,Travel,4,1782.7,0.9,0,0,0,0,14,0
1902.01,2,Shopping,2,1931.85,0.98,0,0,1,1,5,0
1396.96,20,Rent,3,1249.68,1.12,1,0,0,2,1,0
2009.37,0,Money Transfer,1,3581.66,0.56,1,0,0,0,1,1
3241.2,17,Bills,2,668.61,4.85,0,0,0,2,2,0
2176.58,8,Rent,4,1756.79,1.24,0,0,0,1,4,0
29981.25,20,Shopping,3,2605.75,11.51,0,0,0,2,2,1
21222.6,20,Healthcare,3,4517.69,4.7,0,0,1,0,7,0
5309.56,16,Shopping,2,4176.23,1.27,1,0,0,0,1,0
1654.51,16,Other,2,1579.41,1.05,1,0,0,0,1,0
2517.74,0,Travel,4,2154.85,1.17,1,0,0,0,1,1
3335.51,22,Bills,2,1202.28,2.77,0,0,1,0,4,0
2572.67,19,Rent,2,1436.6,1.79,0,0,0,0,2,0
14880.63,20,Shopping,2,4561.13,3.26,1,0,0,0,1,0
14274.38,16,Travel,6,5104.86,2.8,0,0,1,0,5,0
6655.66,11,Bills,2,4363.94,1.53,0,0,0,0,2,0
770.77,20,Travel,3,568.07,1.36,1,0,0,1,1,0
3291.02,10,Shopping,3,3715.82,0.89,1,0,0,0,1,0
15242.01,14,Bills,4,5634.36,2.71,0,0,0,0,9,0
1224.42,7,Bills,1,1106.83,1.11,0,0,0,0,8,0
1343.71,20,Food,5,1616.08,0.83,1,0,0,0,1,0
12185.14,8,Bills,6,3018.04,4.04,1,0,0,0,1,0
248.62,9,Bills,4,1786.29,0.14,0,0,0,0,3,1
33.8,14,Food,5,9360.16,0.0,0,0,0,0,4,0
1081.95,18,Shopping,1,1394.9,0.78,0,0,1,0,2,0
3648.47,15,Money Transfer,5,2552.81,1.43,0,0,0,1,3,1
76722.81,9,Shopping,4,3131.51,24.5,0,0,0,0,4,0
2089.3,0,Money Transfer,2,1526.55,1.37,0,0,1,2,9,1
4207.91,18,Money Transfer,4,3800.64,1.11,0,0,0,0,4,0
1831.54,22,Shopping,3,1722.0,1.06,1,1,0,0,1,0
1135.52,18,Money Transfer,3,1254.78,0.9,0,0,0,0,4,0
640.95,13,Shopping,3,505.36,1.27,1,0,0,0,1,0
71157.03,20,Bills,3,1199.83,59.31,0,0,0,0,2,1
1615.43,12,Healthcare,3,2683.24,0.6,0,0,0,1,3,0
84925.36,14,Shopping,2,4875.49,17.42,0,0,0,0,5,0
2753.1,13,Healthcare,2,821.86,3.35,1,0,0,0,1,0
573.13,13,Food,2,1089.97,0.53,0,0,1,0,6,0
1830.44,18,Rent,2,600.94,3.05,0,0,1,0,4,0
2043.15,14,Shopping,3,2412.33,0.85,1,0,0,0,1,0
10.0,11,Money Transfer,5,6102.48,0.0,1,0,0,0,1,0
6670.22,10,Bills,2,2143.74,3.11,1,0,0,0,1,0
8031.75,4,Travel,4,2027.86,3.96,0,1,0,0,5,1
3243.22,15,Shopping,3,1751.33,1.85,1,0,0,0,1,0
393.88,9,Shopping,1,466.71,0.84,1,0,0,0,1,0
6810.38,8,Money Transfer,2,2653.5,2.57,1,0,0,0,1,0
1673.22,16,Rent,1,1958.57,0.85,0,0,0,0,3,0
3536.66,16,Shopping,5,2249.69,1.57,0,0,1,0,2,0
5343.84,17,Rent,4,4423.38,1.21,1,0,1,0,1,0
1994.12,13,Bills,3,3058.13,0.65,0,0,0,0,9,0
4289.94,20,Recharge,3,3032.93,1.41,0,0,0,0,6,0
6115.28,21,Money Transfer,4,5015.67,1.22,0,1,0,0,2,1
6975.8,18,Recharge,1,8577.64,0.81,0,0,0,0,2,0
3525.19,16,Money Transfer,3,1867.01,1.89,0,0,0,3,3,0
1334.54,10,Money Transfer,2,507.5,2.63,0,0,0,0,4,0
6820.34,22,Shopping,1,1406.24,4.85,0,0,0,0,2,0
3736.3,10,Food,2,3088.72,1.21,0,0,0,0,3,0
1219.95,9,Other,3,350.61,3.48,0,0,0,0,2,0
318.47,12,Food,5,405.43,0.79,0,0,0,1,5,0
25.61,5,Money Transfer,3,425.13,0.06,0,1,1,0,3,1
2422.89,22,Food,3,2663.72,0.91,0,0,0,0,5,0
927.63,15,Shopping,3,1551.87,0.6,1,1,0,0,1,1
2431.51,14,Education,5,1128.52,2.15,0,0,0,0,7,0
73829.52,16,Money Transfer,3,500.92,147.39,0,0,0,0,5,1
5385.62,13,Money Transfer,3,2671.8,2.02,0,1,0,0,5,0
1209.08,3,Food,2,996.89,1.21,1,0,0,0,1,0
23538.21,15,Food,4,854.99,27.53,1,0,0,0,1,0
868.9,17,Shopping,5,2201.65,0.39,0,0,0,1,12,0
1982.94,12,Travel,3,1773.72,1.12,0,0,0,0,9,0
728.92,18,Shopping,2,1110.11,0.66,1,0,0,0,1,0
1885.15,9,Travel,2,2146.43,0.88,0,0,0,0,2,0
720.74,9,Bills,4,869.49,0.83,1,0,0,0,1,0
3469.3,8,Bills,3,3151.05,1.1,1,0,0,0,1,1
386.58,11,Food,1,768.87,0.5,1,0,0,0,1,0
504.69,19,Food,6,611.35,0.83,1,0,0,0,1,0
8662.96,19,Shopping,5,3045.5,2.84,0,0,0,0,3,1
12153.86,12,Bills,2,2515.14,4.83,1,0,0,1,1,0
313.43,15,Rent,4,663.01,0.47,0,0,0,0,14,0
62745.38,17,Money Transfer,1,522.44,120.1,0,0,0,0,3,0
11328.38,10,Rent,1,3580.73,3.16,0,0,1,0,2,0
12242.31,8,Shopping,2,2997.81,4.08,0,0,0,0,7,0
776.32,22,Food,4,1013.51,0.77,0,0,0,0,3,0
2142.67,15,Shopping,2,2232.34,0.96,1,0,0,0,1,0
1181.25,22,Travel,1,538.63,2.19,0,1,0,1,2,0
1564.28,11,Money Transfer,7,1573.22,0.99,0,0,0,0,2,0
298.57,17,Shopping,2,334.03,0.89,0,0,0,0,5,0
41.75,9,Money Transfer,2,1194.47,0.03,0,0,0,2,4,0
114.13,10,Shopping,2,440.02,0.26,0,0,0,0,2,0
1265.86,14,Rent,1,1460.35,0.87,0,0,0,0,2,0
1171.26,11,Travel,2,1285.74,0.91,0,1,0,0,3,0
480.44,8,Shopping,4,1357.82,0.35,0,0,0,0,2,0
150.71,10,Bills,1,383.5,0.39,1,0,0,0,1,0
2452.45,4,Shopping,1,1107.87,2.21,0,0,0,0,7,1
56130.32,17,Shopping,3,2842.63,19.75,0,0,0,0,4,1
434.07,13,Travel,2,1128.56,0.38,0,0,0,0,2,0
8588.6,7,Money Transfer,1,2560.57,3.35,0,0,0,0,3,0
968.91,8,Shopping,2,1130.18,0.86,1,0,0,0,1,0
874.89,7,Money Transfer,2,1290.59,0.68,0,0,0,1,3,0
2289.03,15,Rent,4,1793.76,1.28,0,0,0,0,4,0
4450.55,7,Bills,2,5717.04,0.78,0,0,0,0,3,0
661.32,17,Money Transfer,5,507.46,1.3,0,0,0,3,2,0
818.85,1,Bills,3,360.24,2.27,0,0,0,0,2,1
1862.8,10,Recharge,6,1985.49,0.94,0,0,1,1,5,1
4809.06,20,Money Transfer,3,5660.1,0.85,0,0,1,1,4,0
93.73,17,Recharge,5,8540.15,0.01,0,0,1,0,4,0
1977.96,6,Money Transfer,5,1491.54,1.33,1,0,0,0,1,0
1668.95,18,Healthcare,5,1436.28,1.16,0,0,0,0,3,0
2141.96,13,Shopping,3,2163.96,0.99,0,0,1,0,5,0
78208.58,19,Travel,3,1760.0,44.44,0,0,0,0,3,1
1990.56,15,Money Transfer,1,2109.65,0.94,0,0,0,0,5,0
5973.33,16,Money Transfer,2,4028.64,1.48,0,1,0,0,6,0
2330.96,23,Food,5,2768.93,0.84,1,0,0,2,1,1
1081.25,9,Travel,4,1536.46,0.7,0,0,0,2,2,0
1510.83,16,Shopping,2,1415.36,1.07,0,0,0,3,3,0
12.96,13,Shopping,2,2136.98,0.01,1,0,0,0,1,0
1570.07,4,Travel,4,1394.88,1.13,0,0,0,0,8,0
500.38,1,Food,4,1401.75,0.36,1,0,1,0,1,0
291.61,7,Healthcare,2,329.59,0.88,0,0,0,0,2,0
881.38,16,Bills,2,644.23,1.37,0,0,0,0,15,0
1147.67,14,Healthcare,2,1506.78,0.76,1,0,0,0,1,0
9045.58,14,Travel,3,3413.37,2.65,0,0,0,1,2,0
1142.95,3,Rent,1,888.13,1.29,0,0,0,0,2,0
1607.08,13,Shopping,6,1631.08,0.99,0,0,0,0,5,0
1055.1,20,Bills,3,1061.51,0.99,0,0,0,0,2,0
299.05,12,Food,4,499.28,0.6,1,0,0,0,1,0
6148.75,16,Shopping,2,6018.99,1.02,0,0,0,0,8,0
3577.86,18,Money Transfer,1,3771.79,0.95,0,0,0,0,2,0
347.69,18,Healthcare,4,447.14,0.78,0,0,1,0,4,0
3923.26,14,Money Transfer,1,2589.97,1.51,1,0,0,0,1,0
1718.26,19,Money Transfer,2,1068.72,1.61,1,0,0,2,1,0
6636.8,12,Money Transfer,4,9783.7,0.68,0,1,0,0,5,0
723.08,20,Shopping,3,948.19,0.76,1,0,0,0,1,0
1095.07,10,Money Transfer,2,791.0,1.38,0,0,0,1,2,0
1397.42,10,Money Transfer,2,1810.34,0.77,0,0,0,0,5,0
15.49,5,Shopping,5,3544.63,0.0,0,0,0,0,3,0
2039.86,18,Bills,8,684.9,2.98,0,0,0,0,4,0
20191.9,12,Money Transfer,2,2524.47,8.0,1,0,0,0,1,1
501.59,9,Bills,2,414.07,1.21,0,0,0,0,4,0
8551.57,9,Education,1,4822.5,1.77,1,0,0,0,1,0
448.21,20,Shopping,4,452.19,0.99,0,0,1,0,5,0
5150.93,19,Food,1,4720.98,1.09,0,0,0,1,3,0
1558.62,14,Money Transfer,2,1514.87,1.03,0,0,0,0,4,0
530.31,15,Education,5,1369.87,0.39,1,0,0,0,1,0
5645.68,13,Shopping,3,6822.04,0.83,0,0,0,0,2,0
5785.7,12,Travel,3,8659.82,0.67,0,0,0,0,5,0
28912.67,20,Food,6,2190.6,13.2,0,0,0,0,7,1
1589.8,8,Rent,5,544.72,2.92,1,0,0,0,1,0
2131.83,12,Shopping,1,1570.02,1.36,0,0,0,0,5,0
4497.37,11,Food,2,1655.84,2.72,1,0,0,0,1,0
991.89,13,Travel,1,1600.44,0.62,0,0,0,0,2,0
4405.35,13,Money Transfer,2,1817.02,2.42,0,0,1,2,8,0
361.18,14,Food,2,334.02,1.08,0,0,0,4,9,0
1839.76,8,Money Transfer,5,2535.81,0.73,1,0,0,0,1,0
1899.11,14,Travel,3,2543.1,0.75,1,0,0,0,1,0
888.85,10,Shopping,4,520.86,1.71,1,0,0,0,1,0
1247.53,9,Recharge,6,1820.15,0.69,0,0,0,0,2,0
64.9,6,Rent,3,1812.3,0.04,1,0,0,0,1,0
2350.43,18,Money Transfer,2,2364.82,0.99,0,0,0,0,2,0
1304.73,12,Shopping,2,460.68,2.83,1,0,0,0,1,0
2767.1,16,Shopping,3,2072.72,1.34,1,0,0,0,1,0
3185.6,17,Money Transfer,3,893.19,3.57,0,0,0,1,7,1
1069.88,16,Rent,2,1573.05,0.68,0,0,0,0,2,0
1906.3,13,Bills,3,2971.62,0.64,1,0,0,0,1,0
2205.45,12,Shopping,1,2501.35,0.88,0,1,0,1,3,0
2353.57,11,Money Transfer,5,527.86,4.46,0,0,0,2,9,1
2327.22,16,Money Transfer,3,1910.09,1.22,0,0,0,0,2,0
43701.51,13,Shopping,4,6559.56,6.66,0,0,0,0,3,1
500.78,19,Shopping,3,606.93,0.83,0,0,0,1,8,0
16158.57,19,Money Transfer,3,3750.04,4.31,0,0,0,0,2,0
3856.85,8,Money Transfer,2,2482.5,1.55,0,0,0,0,4,0
4749.4,8,Money Transfer,4,2977.02,1.6,0,0,1,0,2,0
2841.14,16,Food,2,896.21,3.17,0,0,0,0,10,0
3147.78,10,Food,3,911.14,3.45,0,0,0,0,2,0
6910.58,1,Shopping,3,4556.4,1.52,0,0,0,0,7,0
39.21,20,Money Transfer,2,1102.84,0.04,0,0,0,1,2,0
514.05,9,Healthcare,1,417.16,1.23,0,0,1,0,4,0
61.14,20,Money Transfer,3,1952.01,0.03,0,0,0,0,2,0
14.34,17,Travel,3,539.98,0.03,0,0,0,1,7,0
3291.1,18,Money Transfer,5,3166.61,1.04,0,0,0,0,3,1
50091.82,9,Bills,5,2147.73,23.32,1,0,1,0,1,1
3865.81,9,Bills,2,4039.06,0.96,1,0,0,0,1,0
3269.21,14,Food,4,3065.45,1.07,0,0,0,0,4,0
1427.32,8,Other,2,514.04,2.78,1,0,0,0,1,0
2232.97,10,Shopping,2,1163.58,1.92,0,0,0,0,4,0
1612.2,11,Shopping,3,2981.46,0.54,0,0,0,0,2,0
59925.04,8,Bills,3,1272.28,47.1,0,0,0,1,3,1
11208.58,9,Bills,6,6759.64,1.66,1,0,0,1,1,0
3084.62,18,Shopping,3,2695.48,1.14,1,0,1,1,1,0
1149.96,8,Rent,2,328.12,3.5,0,0,0,0,2,0
3884.34,2,Shopping,2,4116.26,0.94,0,0,0,0,4,0
1205.28,16,Rent,4,491.26,2.45,1,0,0,0,1,0
486.88,22,Bills,4,572.58,0.85,1,0,0,1,1,0
59.18,11,Money Transfer,3,2687.0,0.02,1,0,0,0,1,0
3377.32,7,Money Transfer,2,3904.05,0.87,0,0,0,0,6,0
25.75,15,Money Transfer,3,1683.52,0.02,0,0,1,0,3,0
978.44,20,Shopping,5,914.08,1.07,0,0,0,0,2,0
2036.71,18,Rent,3,1079.06,1.89,0,0,0,0,9,0
396.1,15,Food,4,1055.83,0.38,0,0,0,0,4,0
876.34,11,Other,2,1011.96,0.87,0,0,0,0,8,0
468.51,14,Bills,3,800.89,0.58,0,0,0,0,3,0
1048.07,7,Shopping,3,1989.67,0.53,1,0,0,0,1,0
88.95,16,Recharge,5,4451.96,0.02,0,0,1,0,4,0
701.0,17,Bills,1,960.32,0.73,1,0,0,0,1,0
59.78,22,Bills,4,671.97,0.09,0,0,0,1,2,0
1040.0,10,Money Transfer,3,3582.72,0.29,0,0,0,0,2,0
6728.9,1,Money Transfer,4,2737.12,2.46,1,0,0,0,1,0
3786.57,14,Money Transfer,3,5108.32,0.74,1,0,0,0,1,0
452.74,17,Shopping,4,625.7,0.72,0,0,1,1,2,1
35719.33,18,Shopping,2,580.4,61.54,0,0,1,1,5,0
1771.72,9,Shopping,4,1703.35,1.04,1,0,1,0,1,0
18.05,10,Money Transfer,4,2015.48,0.01,1,0,0,0,1,0
1040.38,14,Travel,1,1477.67,0.7,0,0,0,0,5,0
750.01,11,Money Transfer,3,1944.68,0.39,0,0,0,0,2,0
782.56,19,Shopping,2,658.05,1.19,0,0,0,0,8,0
1765.23,13,Healthcare,4,1475.73,1.2,0,0,0,0,2,0
2035.87,18,Healthcare,2,2231.79,0.91,0,0,0,0,5,0
1529.64,15,Bills,4,1320.38,1.16,1,0,0,1,1,0
2691.67,18,Other,2,2347.88,1.15,1,0,0,2,1,0
67.4,11,Food,4,1380.01,0.05,0,0,0,0,6,0
369.51,19,Healthcare,2,1030.56,0.36,0,0,0,2,8,0
819.07,10,Shopping,4,951.31,0.86,0,0,0,0,4,0
1789.96,14,Money Transfer,3,1252.49,1.43,0,0,0,2,5,1
378.11,9,Shopping,2,342.05,1.11,1,0,0,1,1,0
4012.35,13,Shopping,4,2287.57,1.75,0,0,0,0,4,0
10407.0,11,Shopping,2,3657.02,2.85,0,0,0,0,2,0
906.63,10,Food,3,1088.27,0.83,0,0,0,0,2,0
277.37,22,Bills,3,384.83,0.72,0,0,1,0,3,0
9543.49,8,Food,2,8086.24,1.18,1,1,0,0,1,0
904.17,18,Shopping,3,851.01,1.06,0,0,1,0,4,0
14.29,22,Bills,2,543.69,0.03,1,0,0,0,1,1
1506.13,1,Food,6,1130.96,1.33,0,0,0,0,3,0
3890.98,17,Money Transfer,3,2714.77,1.43,1,0,0,0,1,0
3654.46,10,Travel,2,926.44,3.94,0,0,0,0,4,0
2094.86,4,Rent,3,1838.94,1.14,1,1,0,0,1,1
39.53,12,Money Transfer,5,1266.78,0.03,1,0,0,1,1,0
2495.64,21,Recharge,3,525.53,4.75,1,0,0,1,1,1
748.14,0,Rent,2,1021.63,0.73,1,0,0,0,1,0
3931.0,15,Money Transfer,4,2622.92,1.5,1,0,0,0,1,0
1868.38,13,Recharge,3,2004.17,0.93,1,0,0,1,1,0
21021.27,19,Travel,1,529.65,39.69,0,1,0,0,2,1
319.78,6,Shopping,1,620.97,0.51,1,0,0,0,1,0
1494.18,16,Shopping,2,2142.64,0.7,0,0,0,2,8,0
1252.22,16,Shopping,4,3321.97,0.38,1,1,0,0,1,1
934.12,16,Food,2,1073.95,0.87,0,0,0,0,4,0
79.41,21,Money Transfer,1,1928.34,0.04,0,0,0,0,3,0
320.27,18,Shopping,1,636.79,0.5,0,1,0,0,3,0
1284.98,4,Healthcare,1,971.51,1.32,1,0,0,0,1,0
1099.46,13,Food,3,336.86,3.26,1,0,0,1,1,0
4029.1,12,Shopping,4,2931.97,1.37,0,0,0,1,5,0
1729.66,11,Money Transfer,2,1222.52,1.41,0,0,0,0,2,0
5239.89,13,Travel,3,3348.3,1.56,0,0,0,0,2,0
3394.7,12,Shopping,3,2518.1,1.35,0,0,0,1,3,0
2546.91,12,Rent,2,3476.28,0.73,0,0,0,0,2,0
1690.35,22,Bills,6,905.51,1.87,0,0,0,0,5,0
393.12,7,Money Transfer,4,668.46,0.59,0,0,0,1,4,0
34928.95,20,Food,4,6729.94,5.19,0,0,0,0,2,0
5558.67,13,Money Transfer,2,2574.24,2.16,0,0,0,0,5,1
2492.76,16,Shopping,3,3532.84,0.71,0,0,0,0,3,0
407.28,19,Shopping,3,323.8,1.26,0,0,0,1,3,0
1109.05,11,Money Transfer,5,1087.81,1.02,0,0,0,0,6,0
5935.39,12,Shopping,1,2744.34,2.16,0,0,0,0,2,0
30804.06,12,Shopping,2,446.14,69.05,0,0,0,0,4,1
1204.47,11,Bills,3,1808.05,0.67,0,0,0,0,3,0
1299.01,20,Other,6,1308.89,0.99,0,0,0,0,2,0
499.22,19,Bills,3,331.99,1.5,0,0,0,0,5,0
38.39,7,Education,3,784.48,0.05,1,0,0,0,1,0
612.38,7,Shopping,2,903.33,0.68,0,1,0,0,3,0
370.36,12,Healthcare,2,513.53,0.72,1,0,0,0,1,0
3614.87,7,Shopping,4,2097.15,1.72,1,0,0,1,1,0
3256.66,15,Healthcare,2,799.67,4.07,0,0,1,0,3,0
946.16,8,Other,4,885.37,1.07,0,0,0,1,2,0
2255.89,14,Travel,2,4413.22,0.51,1,0,0,0,1,0
1531.81,0,Other,1,1433.04,1.07,0,0,1,1,9,0
1676.81,11,Food,4,1196.02,1.4,0,0,0,0,2,0
1905.2,16,Rent,1,2616.4,0.73,0,0,0,0,3,0
73.27,13,Money Transfer,2,4626.59,0.02,0,0,0,0,3,0
690.1,22,Food,1,345.64,2.0,1,0,0,0,1,0
4649.53,19,Shopping,3,1370.35,3.39,0,0,0,0,4,0
2280.71,11,Food,4,1998.51,1.14,0,1,0,0,3,0
840.11,5,Other,2,990.39,0.85,0,1,0,0,2,0
2776.43,19,Shopping,3,2964.36,0.94,1,0,1,0,1,0
56064.34,20,Bills,2,6702.68,8.36,1,0,0,0,1,1
24002.96,18,Recharge,2,5470.01,4.39,0,1,0,0,7,1
3051.18,8,Healthcare,2,856.6,3.56,1,0,0,0,1,0
824.98,23,Healthcare,5,761.92,1.08,1,0,0,0,1,0
3629.52,10,Food,3,5984.45,0.61,1,0,0,0,1,0
2643.26,17,Other,2,1404.57,1.88,0,0,0,2,7,1
710.97,20,Bills,2,720.43,0.99,0,0,0,0,4,0
1758.23,9,Shopping,3,2509.63,0.7,0,0,0,1,6,0
3202.62,20,Money Transfer,2,902.39,3.55,0,0,0,1,7,1
80.19,11,Travel,2,859.7,0.09,0,0,0,0,8,0
4992.83,22,Shopping,2,4105.25,1.22,0,0,0,0,2,0
560.64,10,Food,4,619.16,0.91,0,0,1,1,2,0
1592.15,21,Food,2,419.81,3.79,0,0,0,0,5,0
589.24,5,Shopping,3,864.47,0.68,0,0,0,0,2,0
1542.78,17,Food,3,1980.85,0.78,1,0,0,1,1,0
2015.45,14,Bills,3,536.43,3.76,0,0,0,0,2,0
1876.22,13,Money Transfer,5,1448.2,1.3,0,0,1,0,4,0
2363.22,9,Shopping,3,2076.75,1.14,1,0,0,2,1,0
13465.24,17,Shopping,4,3699.72,3.64,0,0,1,0,5,0
697.09,9,Money Transfer,5,770.15,0.91,0,0,1,0,5,0
5886.01,14,Recharge,3,3360.29,1.75,1,0,0,0,1,1
644.49,10,Shopping,2,781.96,0.82,1,0,0,2,1,0
9439.15,21,Food,5,2332.88,4.05,1,0,0,0,1,0
1291.34,2,Shopping,3,1313.94,0.98,0,0,0,0,2,0
752.6,9,Money Transfer,3,519.25,1.45,0,0,0,0,3,0
3227.27,10,Bills,3,2554.83,1.26,0,0,0,0,2,0
2892.65,12,Travel,2,742.07,3.9,0,0,1,0,6,0
743.31,9,Shopping,2,649.81,1.14,1,0,0,0,1,0
1454.84,13,Money Transfer,2,1098.61,1.32,0,0,0,0,4,0
26.72,19,Shopping,6,2206.68,0.01,0,0,1,0,3,0
2835.72,17,Money Transfer,2,779.82,3.64,0,1,0,0,4,0
571.08,15,Food,2,665.27,0.86,0,0,1,0,2,0
248.85,7,Shopping,4,318.01,0.78,0,0,0,0,2,0
31538.23,17,Rent,4,1448.37,21.77,1,0,0,0,1,0
1696.15,8,Money Transfer,1,1307.54,1.3,1,1,0,0,1,0
700.93,18,Recharge,2,779.52,0.9,0,1,0,0,2,0
1397.39,10,Other,4,399.26,3.5,0,0,0,0,2,0
1847.51,12,Shopping,4,1309.47,1.41,1,0,0,1,1,0
9761.59,11,Bills,2,3093.85,3.16,0,0,0,0,5,0
5435.3,19,Money Transfer,3,2561.26,2.12,0,0,0,0,9,0
4648.91,8,Money Transfer,2,3849.25,1.21,0,0,0,0,3,0
350.79,14,Bills,3,317.33,1.11,1,0,0,1,1,0
1946.53,8,Recharge,6,6408.85,0.3,0,0,0,2,4,1
634.83,17,Healthcare,1,1051.78,0.6,1,0,0,0,1,0
10175.61,20,Food,3,8662.37,1.17,0,0,0,0,4,0
1018.38,12,Money Transfer,4,824.13,1.24,0,0,0,1,2,0
2980.66,13,Bills,2,1448.01,2.06,1,0,0,0,1,0
1606.22,20,Rent,4,1086.32,1.48,1,0,0,0,1,0
820.46,14,Food,1,1091.43,0.75,0,0,0,1,2,0
12680.12,13,Money Transfer,3,3624.51,3.5,0,0,0,0,4,1
5681.9,15,Food,7,2769.73,2.05,1,0,0,0,1,0
15870.7,17,Shopping,5,9025.36,1.76,1,0,0,0,1,0
9528.92,7,Shopping,2,2011.19,4.74,1,0,0,0,1,0
3554.09,18,Recharge,2,1420.02,2.5,0,0,0,0,3,0
1029.41,12,Shopping,3,469.91,2.19,0,0,1,0,2,0
14155.86,6,Money Transfer,4,10510.85,1.35,0,0,0,0,8,0
22078.54,18,Shopping,2,1743.45,12.66,0,0,0,0,4,0
10758.39,11,Shopping,4,2470.02,4.36,0,0,1,2,5,0
884.49,7,Shopping,6,1239.83,0.71,1,0,0,1,1,1
23.15,16,Shopping,1,1728.2,0.01,1,0,1,0,1,1
2290.45,19,Education,5,5443.18,0.42,0,0,1,0,3,0
780.21,20,Rent,3,627.64,1.24,1,1,0,0,1,0
682.25,21,Healthcare,2,922.51,0.74,0,0,0,0,6,0
50.07,19,Food,5,596.9,0.08,0,0,0,1,5,0
3294.44,0,Money Transfer,5,3128.26,1.05,1,0,0,0,1,1
227.85,12,Food,3,415.3,0.55,0,1,0,0,6,1
670.85,18,Money Transfer,5,453.28,1.48,1,0,1,0,1,1
1336.26,11,Bills,2,938.15,1.42,1,0,1,0,1,0
1444.12,15,Rent,4,1599.48,0.9,1,1,0,0,1,0
1854.52,15,Money Transfer,3,1238.41,1.5,0,0,0,0,2,0
331.52,11,Recharge,2,382.53,0.87,0,0,0,0,5,0
5371.07,20,Healthcare,3,5984.49,0.9,1,0,1,1,1,0
6142.36,13,Recharge,3,5798.7,1.06,0,0,0,2,5,0
91.77,13,Money Transfer,3,889.7,0.1,1,0,0,1,1,0
7073.66,23,Bills,2,2667.0,2.65,0,0,1,0,14,0
1402.9,13,Money Transfer,7,1855.41,0.76,0,0,0,0,6,0
1558.94,9,Money Transfer,3,788.02,1.98,0,0,0,0,4,0
461.23,14,Shopping,3,847.28,0.54,0,0,0,0,3,0
6499.34,18,Food,2,1516.09,4.29,1,0,0,0,1,0
5638.65,18,Shopping,2,1278.14,4.41,1,0,0,1,1,0
977.51,18,Money Transfer,2,919.6,1.06,0,0,0,0,2,0
9591.59,17,Education,3,3265.89,2.94,0,0,1,0,2,0
3246.58,10,Shopping,1,1482.14,2.19,0,0,0,3,4,0
10876.27,19,Shopping,4,2214.79,4.91,1,0,0,1,1,0
270.24,20,Shopping,3,677.68,0.4,0,0,0,0,3,0
5546.28,9,Healthcare,5,1672.52,3.32,0,0,0,0,4,0
791.53,8,Money Transfer,4,988.84,0.8,1,0,0,0,1,0
4867.47,22,Money Transfer,2,1645.36,2.96,0,0,0,0,5,0
3851.36,19,Bills,2,3032.2,1.27,0,0,0,0,2,0
3664.86,20,Bills,5,2936.93,1.25,1,0,1,0,1,0
856.04,20,Money Transfer,1,1087.14,0.79,1,0,0,0,1,0
1433.17,14,Travel,3,2433.14,0.59,1,0,0,0,1,0
24044.68,16,Bills,3,5403.26,4.45,1,0,0,0,1,0
619.96,14,Food,3,2068.71,0.3,0,0,0,0,3,0
785.76,5,Shopping,2,589.17,1.33,0,0,0,0,9,0
2320.85,17,Education,5,2349.34,0.99,0,0,0,0,7,0
507.23,13,Food,6,499.48,1.02,0,0,0,0,2,0
2427.06,16,Rent,2,4001.86,0.61,0,0,0,1,6,0
1409.85,13,Money Transfer,4,1608.66,0.88,0,0,1,0,9,0
621.45,13,Shopping,3,1175.45,0.53,1,0,0,0,1,0
343.12,8,Shopping,3,405.65,0.85,0,0,0,0,7,0
10.0,10,Bills,4,1162.74,0.01,0,0,1,0,17,0
2662.15,8,Shopping,3,4503.32,0.59,0,0,0,0,5,0
843.11,9,Money Transfer,4,338.17,2.49,0,0,0,0,2,0
70393.84,22,Food,2,1458.64,48.26,0,0,0,0,3,1
4092.58,8,Shopping,2,5116.7,0.8,0,0,0,0,2,0
854.93,10,Other,1,1204.08,0.71,0,0,0,3,16,0
1175.59,15,Shopping,3,1306.06,0.9,1,0,0,0,1,0
1518.35,15,Money Transfer,2,1855.34,0.82,0,0,0,0,7,0
1605.23,8,Money Transfer,2,1418.95,1.13,1,0,1,0,1,1
875.75,18,Shopping,3,632.36,1.38,1,0,0,0,1,0
71049.84,18,Shopping,3,333.71,212.91,0,0,0,0,8,0
8997.91,10,Travel,2,1994.03,4.51,0,0,0,0,6,0
867.89,10,Healthcare,3,4864.55,0.18,0,0,0,1,2,0
507.13,21,Shopping,1,502.42,1.01,0,0,0,0,9,0
782.6,19,Food,3,726.47,1.08,0,0,0,0,6,0
39984.22,17,Travel,1,1132.32,35.31,0,0,0,0,7,0
12702.47,6,Bills,2,3277.44,3.88,0,0,0,0,3,0
3341.16,12,Money Transfer,3,864.66,3.86,0,0,0,0,9,0
5475.74,14,Money Transfer,2,4147.56,1.32,0,0,0,4,5,1
53.95,9,Money Transfer,3,401.75,0.13,0,0,0,0,8,0
3382.49,13,Travel,1,5393.07,0.63,1,0,0,0,1,0
7452.95,15,Bills,2,1780.82,4.19,0,0,1,1,3,1
42684.13,11,Shopping,1,2235.4,19.09,0,0,0,0,6,0
1263.93,18,Money Transfer,2,1125.07,1.12,0,0,0,0,3,0
8200.0,19,Recharge,2,3041.82,2.7,0,0,0,0,5,0
701.89,11,Bills,3,627.96,1.12,0,0,0,0,11,0
95.82,19,Other,1,390.27,0.25,0,0,0,4,5,1
31391.01,7,Bills,1,1206.09,26.03,0,0,0,0,2,0
2568.93,19,Money Transfer,4,3759.72,0.68,1,0,0,0,1,1
3577.87,8,Food,3,2831.16,1.26,1,0,0,0,1,0
22112.85,6,Food,3,1610.51,13.73,0,0,0,0,4,0
3045.94,16,Shopping,5,1828.12,1.67,1,0,0,0,1,0
1640.41,13,Food,3,550.45,2.98,1,0,0,1,1,0
6358.99,20,Travel,5,3606.33,1.76,0,0,0,0,2,0
3134.67,11,Shopping,2,3083.29,1.02,0,0,0,1,6,0
2293.5,10,Bills,3,2223.27,1.03,1,0,0,0,1,0
2120.26,13,Food,5,1429.89,1.48,1,0,0,0,1,0
3736.21,13,Healthcare,1,6306.74,0.59,0,0,0,0,3,0
16264.65,11,Shopping,3,4102.01,3.97,1,0,0,0,1,0
2568.95,17,Rent,4,2161.26,1.19,1,1,0,0,1,0
42426.05,18,Food,2,1136.82,37.32,1,0,0,0,1,1
2631.3,19,Rent,3,2032.31,1.29,0,0,0,0,3,0
3037.63,22,Travel,2,1842.07,1.65,1,0,0,0,1,0
539.99,10,Bills,5,1202.29,0.45,0,0,0,0,8,0
3726.1,17,Shopping,4,959.26,3.88,1,0,0,0,1,0
907.57,12,Money Transfer,2,1240.64,0.73,0,0,0,0,9,0
941.14,16,Money Transfer,3,1835.59,0.51,0,0,0,0,5,0
909.34,13,Money Transfer,5,1305.93,0.7,0,0,0,0,5,0
1003.69,23,Recharge,2,850.7,1.18,1,0,0,0,1,0
8818.68,17,Bills,3,2876.05,3.07,0,0,0,0,4,0
79.46,21,Travel,3,1664.67,0.05,0,0,0,2,5,0
83.86,19,Travel,2,426.13,0.2,0,0,0,0,3,0
366.99,20,Money Transfer,3,1126.86,0.33,0,0,0,0,3,0
4768.67,18,Recharge,2,4191.73,1.14,1,0,0,0,1,0
2183.78,13,Travel,3,2833.43,0.77,0,0,0,0,2,0
816.59,10,Travel,1,1002.81,0.81,1,0,0,0,1,0
8717.05,11,Education,2,5310.44,1.64,0,0,0,0,11,0
543.91,1,Rent,3,443.45,1.23,0,0,0,0,4,0
26540.75,14,Bills,8,6150.41,4.32,1,0,0,0,1,1
913.14,13,Shopping,4,807.55,1.13,0,0,0,0,2,0
34241.3,14,Money Transfer,3,316.44,108.21,0,0,0,0,3,1
28787.77,22,Money Transfer,4,1323.88,21.74,1,0,0,0,1,1
1382.54,20,Other,3,1100.42,1.26,0,1,0,0,4,1
2466.4,8,Education,2,1694.19,1.46,1,0,0,0,1,0
11268.07,11,Travel,6,3168.18,3.56,0,0,0,0,2,0
2159.51,12,Travel,2,3626.2,0.6,0,0,0,2,3,0
2213.9,11,Food,3,1223.18,1.81,0,0,0,0,2,0
1573.75,18,Healthcare,2,1311.33,1.2,0,0,0,0,2,0
620.26,14,Money Transfer,6,588.68,1.05,0,0,0,0,6,0
126.98,15,Money Transfer,2,387.69,0.33,0,0,0,0,2,0
79.98,19,Shopping,1,2145.06,0.04,0,0,0,0,3,0
1399.36,18,Bills,2,419.89,3.33,0,0,0,0,6,0
2598.93,8,Travel,3,2682.52,0.97,1,1,0,0,1,0
5131.53,17,Money Transfer,2,1694.2,3.03,1,0,0,0,1,0
626.26,12,Shopping,2,698.47,0.9,0,0,0,0,5,0
1569.9,10,Bills,1,1695.89,0.93,0,0,1,0,3,0
638.38,5,Shopping,3,663.8,0.96,0,0,0,1,5,0
1798.45,13,Travel,4,1339.62,1.34,1,0,0,3,1,0
13421.11,11,Other,3,3193.04,4.2,0,0,0,0,6,0
4809.39,10,Money Transfer,2,1415.54,3.4,1,0,0,0,1,0
1046.29,17,Shopping,2,589.78,1.77,0,0,0,0,7,0
18798.88,18,Travel,5,2616.12,7.19,0,0,0,0,5,0
1106.53,10,Bills,1,672.13,1.65,0,0,0,0,3,0
1476.85,5,Food,3,2714.72,0.54,0,0,0,0,3,0
5291.58,19,Healthcare,1,1474.83,3.59,0,0,0,0,2,0
1714.31,0,Shopping,3,1388.39,1.23,1,0,0,0,1,1
292.6,21,Money Transfer,4,3732.12,0.08,0,0,0,0,2,0
3418.06,16,Travel,4,2519.53,1.36,0,0,0,0,4,0
231.24,11,Education,2,360.24,0.64,0,0,0,0,19,0
1472.35,10,Shopping,4,932.2,1.58,0,0,0,0,5,0
6772.19,0,Bills,4,3985.19,1.7,0,0,1,0,2,0
358.8,9,Food,3,333.29,1.08,0,0,0,0,4,0
5644.68,8,Money Transfer,4,1718.43,3.28,1,0,0,0,1,0
9698.5,15,Shopping,4,2642.36,3.67,0,0,1,0,2,0
2673.67,8,Education,4,2050.46,1.3,0,1,0,0,2,0
36387.53,14,Shopping,5,2872.81,12.67,0,0,0,0,19,1
2854.31,15,Money Transfer,1,2628.31,1.09,0,0,0,0,2,0
9777.89,10,Rent,2,2419.96,4.04,1,0,0,0,1,0
39426.01,3,Education,6,3402.1,11.59,1,0,0,0,1,1
1819.33,4,Travel,5,2167.65,0.84,0,0,0,0,4,0
1506.71,2,Bills,3,1226.76,1.23,1,0,0,0,1,0
2741.74,17,Rent,3,1449.28,1.89,0,0,0,0,6,0
3735.73,11,Food,1,2570.41,1.45,0,0,0,0,2,0
6451.46,18,Food,2,4061.9,1.59,0,1,0,0,2,0
47732.25,12,Bills,6,871.96,54.74,0,0,0,0,4,0
1613.35,13,Recharge,2,1053.6,1.53,0,0,0,0,2,0
4573.14,14,Shopping,3,5105.78,0.9,0,0,0,0,4,0
1819.78,17,Travel,5,1855.13,0.98,0,0,0,0,4,0
739.43,10,Shopping,4,654.93,1.13,0,0,1,0,4,0
5883.64,7,Food,3,2261.53,2.6,0,0,0,0,6,0
19315.99,14,Rent,1,8732.0,2.21,0,0,0,0,6,0
29072.24,11,Money Transfer,4,3421.51,8.5,0,0,0,0,4,0
2095.8,12,Money Transfer,4,2764.92,0.76,0,0,1,1,9,0
749.48,16,Food,4,719.86,1.04,1,0,0,0,1,0
13684.3,13,Money Transfer,5,4059.48,3.37,0,0,1,0,8,1
4875.95,15,Travel,7,1642.98,2.97,1,0,0,0,1,0
2229.68,14,Money Transfer,2,4261.51,0.52,1,0,0,1,1,0
78.75,17,Shopping,4,1020.4,0.08,0,0,1,0,5,0
718.64,17,Bills,3,415.31,1.73,0,0,0,0,2,0
1060.92,14,Rent,4,1463.19,0.73,0,0,1,0,2,0
426.74,16,Money Transfer,5,866.08,0.49,1,0,1,0,1,0
2710.77,19,Travel,4,2560.93,1.06,1,0,1,0,1,0
16903.79,12,Money Transfer,1,5968.27,2.83,1,0,0,0,1,0
3166.61,12,Shopping,2,2413.79,1.31,1,0,0,0,1,0
5550.98,18,Money Transfer,3,4223.61,1.31,0,0,0,0,3,0
63177.51,15,Healthcare,1,1386.03,45.58,0,0,0,0,4,1
4657.57,6,Food,3,2958.3,1.57,0,0,0,0,4,0
2965.73,20,Travel,2,3633.22,0.82,0,0,0,0,2,0
3007.1,3,Food,6,2533.62,1.19,0,0,0,0,8,1
2720.8,17,Shopping,4,1575.88,1.73,0,0,1,0,2,0
1786.86,18,Money Transfer,5,2069.65,0.86,1,0,0,0,1,0
1339.68,21,Bills,5,2470.2,0.54,0,0,0,0,9,0
3212.28,5,Shopping,1,825.25,3.89,0,0,0,0,3,0
2588.43,15,Rent,7,3285.33,0.79,0,0,0,0,10,0
3468.48,12,Rent,1,5704.04,0.61,0,0,0,0,2,0
1937.18,11,Money Transfer,4,1426.68,1.36,0,0,0,0,4,0
70894.42,7,Other,2,2473.57,28.66,1,0,0,0,1,1
1613.61,14,Shopping,3,2704.26,0.6,0,0,0,0,6,0
2100.35,13,Money Transfer,3,2253.8,0.93,1,0,1,0,1,1
2555.5,7,Shopping,1,1725.81,1.48,1,0,0,0,1,0
3496.24,15,Other,2,4141.36,0.84,1,0,1,0,1,0
768.1,17,Shopping,3,1372.6,0.56,0,0,0,0,3,0
427.96,18,Money Transfer,5,413.49,1.03,1,0,0,0,1,0
15458.06,20,Travel,1,3650.65,4.23,0,0,1,3,10,1
7856.22,12,Travel,2,2317.44,3.39,0,0,0,0,6,0
4612.45,21,Money Transfer,2,3705.94,1.24,0,0,0,1,5,1
401.02,19,Money Transfer,2,568.44,0.71,0,0,0,0,5,0
316.68,10,Money Transfer,5,356.22,0.89,0,0,0,0,7,0
25376.07,8,Rent,5,5202.82,4.88,0,0,0,1,6,1
827.88,12,Shopping,5,587.73,1.41,0,0,0,0,8,0
3449.35,12,Money Transfer,4,3286.03,1.05,0,0,0,1,8,0
4065.23,15,Rent,4,3419.03,1.19,1,0,0,0,1,0
2259.86,15,Rent,4,2520.16,0.9,1,0,0,0,1,0
784.41,17,Food,3,553.29,1.42,0,0,0,0,3,0
44806.72,14,Healthcare,3,2281.46,19.64,1,0,0,0,1,1
26302.14,7,Food,3,4258.21,6.18,1,0,1,2,1,0
1242.54,19,Shopping,1,1297.76,0.96,0,0,0,1,5,0
50.87,11,Shopping,2,1260.5,0.04,0,0,0,0,3,0
2065.66,22,Healthcare,4,1352.88,1.53,0,0,1,0,3,0
2074.84,7,Rent,2,454.54,4.56,0,0,1,0,9,0
4210.33,21,Shopping,2,4306.55,0.98,0,0,0,0,4,0
50702.11,7,Food,1,3961.12,12.8,0,0,0,1,2,1
9666.84,9,Food,4,11406.48,0.85,1,0,0,0,1,0
2880.75,5,Food,2,1883.85,1.53,0,0,0,0,2,1
1637.64,17,Rent,1,2803.93,0.58,1,0,0,0,1,1
826.26,19,Shopping,3,707.68,1.17,1,0,1,0,1,0
1830.21,12,Healthcare,2,2282.16,0.8,1,0,1,0,1,0
9841.64,20,Rent,3,2188.31,4.5,0,0,0,0,6,0
3898.57,15,Travel,2,4466.54,0.87,0,0,0,0,4,0
3320.98,16,Travel,3,3497.94,0.95,0,0,0,1,3,0
34194.88,19,Food,3,5318.71,6.43,0,0,1,0,7,1
4732.92,10,Money Transfer,7,3956.32,1.2,1,0,0,0,1,1
4163.87,11,Rent,5,3954.4,1.05,0,0,1,0,3,0
1859.85,20,Food,3,418.52,4.44,1,0,0,0,1,0
3864.13,20,Education,4,3667.0,1.05,0,0,0,0,7,0
2595.94,22,Healthcare,1,1983.29,1.31,0,0,0,0,2,0
5210.34,20,Shopping,1,1161.76,4.48,1,0,0,0,1,0
451.69,8,Shopping,1,404.71,1.12,1,0,0,1,1,0
11539.93,18,Healthcare,2,2337.94,4.94,0,1,0,0,6,0
1030.76,12,Travel,4,1016.03,1.01,1,0,0,0,1,0
1832.32,23,Education,5,1435.24,1.28,0,0,0,3,8,1
43675.79,13,Shopping,2,2360.73,18.5,0,0,0,2,2,0
4039.3,14,Food,3,4670.15,0.86,1,0,0,0,1,0
3468.12,14,Travel,3,3441.84,1.01,0,1,0,1,2,0
1692.14,11,Travel,4,1378.06,1.23,0,0,0,0,2,0
64094.39,6,Money Transfer,2,1183.2,54.17,0,1,0,1,3,1
777.02,20,Shopping,2,793.46,0.98,0,0,0,2,3,0
846.29,18,Food,2,1138.61,0.74,0,0,0,0,2,0
1451.89,8,Rent,3,511.88,2.84,0,0,0,0,2,0
19666.15,18,Money Transfer,3,6679.39,2.94,1,0,0,1,1,1
1682.64,16,Healthcare,2,1835.62,0.92,0,0,0,0,2,0
434.12,12,Money Transfer,3,546.14,0.79,0,0,0,0,2,0
1315.39,10,Bills,4,1083.2,1.21,0,0,0,0,3,0
1831.73,19,Shopping,2,1725.51,1.06,1,0,0,0,1,0
1253.45,17,Travel,2,1670.13,0.75,0,0,0,1,5,0
375.55,14,Other,2,365.07,1.03,0,1,0,0,4,0
7623.17,15,Shopping,4,5722.85,1.33,1,0,0,0,1,0
855.66,7,Shopping,6,879.78,0.97,0,0,0,0,2,0
1268.76,13,Money Transfer,2,329.37,3.85,0,0,0,0,9,0
282.05,9,Shopping,5,443.14,0.64,1,0,0,0,1,0
1290.22,9,Travel,4,1862.34,0.69,0,0,0,0,5,0
1623.46,16,Recharge,2,566.85,2.86,0,0,0,0,3,0
64.44,20,Money Transfer,3,376.72,0.17,0,0,0,0,3,0
29849.14,12,Rent,6,1159.38,25.75,0,0,0,0,4,0
2790.41,9,Money Transfer,1,2054.78,1.36,0,0,0,0,2,0
1226.41,16,Travel,3,513.49,2.39,1,0,0,0,1,0
1370.15,19,Shopping,3,976.62,1.4,0,0,0,0,7,0
462.26,17,Food,3,1273.57,0.36,0,0,0,0,4,0
1103.5,19,Food,3,612.68,1.8,0,0,0,0,3,1
1767.49,14,Food,4,1569.66,1.13,0,0,0,2,2,1
445.49,17,Shopping,3,460.32,0.97,0,0,0,1,2,0
861.17,8,Travel,4,385.74,2.23,0,0,0,0,5,0
1498.56,11,Shopping,3,1620.53,0.92,1,0,0,0,1,0
397.27,12,Shopping,1,812.79,0.49,0,0,0,0,6,0
459.3,14,Education,3,480.42,0.96,1,0,0,2,1,0
1533.18,20,Travel,3,1292.69,1.19,0,0,0,0,3,0
10239.81,19,Shopping,2,4740.17,2.16,0,0,0,0,2,0
4933.57,8,Shopping,5,2618.49,1.88,0,0,0,0,4,0
876.84,8,Shopping,2,3343.32,0.26,1,0,0,0,1,0
4123.15,11,Rent,4,3999.1,1.03,0,1,0,1,3,0
8076.37,10,Shopping,5,6776.81,1.19,0,0,0,0,6,0
2403.52,15,Shopping,5,2893.32,0.83,0,0,0,0,2,0
289.04,20,Money Transfer,1,1987.56,0.15,1,0,0,0,1,0
1297.04,21,Travel,2,1118.64,1.16,1,0,0,0,1,0
509.69,16,Food,4,660.82,0.77,0,0,0,0,3,0
2606.44,19,Travel,2,2388.84,1.09,1,0,0,0,1,0
12813.38,14,Shopping,2,9819.06,1.3,1,0,0,0,1,0
738.12,9,Healthcare,4,1433.83,0.51,0,0,0,0,2,0
17441.45,14,Bills,3,2615.15,6.67,1,0,0,0,1,0
2305.74,14,Bills,3,1530.08,1.51,1,0,0,0,1,0
91.84,17,Bills,4,1317.93,0.07,0,0,1,0,2,0
841.63,9,Recharge,1,1250.67,0.67,1,0,0,0,1,0
7164.82,11,Food,1,1564.39,4.58,1,0,0,0,1,0
1407.67,11,Shopping,2,1122.82,1.25,0,0,0,0,3,0
2724.03,21,Food,3,2786.52,0.98,1,0,0,4,1,1
13645.39,12,Travel,2,4032.54,3.38,1,0,0,0,1,0
1388.03,18,Travel,1,4160.28,0.33,0,0,0,0,4,0
490.84,17,Food,2,765.08,0.64,0,1,0,0,3,0
11476.71,10,Shopping,1,4372.48,2.62,1,0,0,0,1,0
4069.67,15,Money Transfer,3,1052.16,3.87,0,0,0,1,3,0
1028.9,20,Recharge,4,966.11,1.06,0,0,0,1,9,0
3232.05,13,Food,1,2635.3,1.23,0,0,0,1,9,0
815.52,21,Food,3,954.13,0.85,0,0,0,0,3,0
564.08,9,Rent,2,397.96,1.42,1,1,0,0,1,1
1307.69,6,Money Transfer,3,1142.03,1.15,0,0,1,0,2,1
9318.34,20,Recharge,2,2600.78,3.58,1,0,0,0,1,0
1428.33,19,Food,2,1012.71,1.41,0,0,0,0,2,0
10.0,23,Bills,1,2087.51,0.0,0,1,0,0,7,0
7011.28,16,Money Transfer,2,2242.49,3.13,0,0,0,3,2,1
3108.78,21,Food,2,2681.88,1.16,0,1,0,0,3,0
3940.53,19,Shopping,1,4393.73,0.9,1,0,0,0,1,1
896.61,19,Travel,1,1319.93,0.68,1,0,0,0,1,0
133.97,14,Money Transfer,3,627.67,0.21,0,0,0,0,15,0
950.9,12,Money Transfer,3,991.35,0.96,0,0,0,0,2,0
1772.95,21,Food,5,1318.67,1.34,1,0,0,0,1,0
2888.95,12,Recharge,1,2552.49,1.13,0,1,0,0,3,0
419.66,14,Shopping,4,323.78,1.3,0,0,0,0,4,0
1652.83,12,Bills,4,983.07,1.68,1,0,0,0,1,0
2941.62,14,Rent,2,3024.14,0.97,0,0,0,0,3,0
2072.65,13,Money Transfer,5,2300.28,0.9,0,0,0,2,2,1
4690.53,5,Shopping,1,2668.44,1.76,0,0,1,0,2,0
7151.4,19,Money Transfer,2,3306.55,2.16,1,0,0,0,1,0
59.56,12,Money Transfer,5,3052.1,0.02,0,0,0,0,3,0
2452.1,15,Shopping,3,2363.3,1.04,1,0,0,2,1,0
1806.03,8,Money Transfer,3,1342.59,1.35,0,0,1,0,6,0
8206.17,0,Recharge,2,7698.67,1.07,0,0,0,0,3,0
5345.3,10,Shopping,5,1815.27,2.94,0,0,0,2,8,0
956.07,17,Bills,2,707.9,1.35,0,0,0,0,3,0
586.94,7,Money Transfer,2,923.63,0.64,1,0,0,0,1,0
3275.87,20,Food,3,2428.93,1.35,0,0,0,0,2,0
14228.63,9,Rent,2,4956.24,2.87,0,0,0,0,4,0
20238.28,9,Shopping,2,654.4,30.93,0,0,0,0,2,1
396.16,9,Shopping,5,454.68,0.87,0,0,0,0,3,0
5649.23,1,Shopping,2,4139.59,1.36,1,0,1,0,1,1
7510.54,18,Shopping,3,4743.08,1.58,0,0,0,1,5,0
3725.0,19,Food,3,882.28,4.22,0,0,0,0,7,0
1642.6,15,Education,2,1152.6,1.43,0,0,0,0,2,0
25.91,9,Bills,5,2242.85,0.01,0,0,0,0,5,0
1683.63,10,Travel,1,1020.67,1.65,1,0,0,0,1,0
16984.14,13,Shopping,1,4074.35,4.17,1,0,0,0,1,1
387.06,21,Rent,3,504.87,0.77,0,0,0,0,2,0
14.89,10,Money Transfer,3,369.7,0.04,0,0,0,0,2,0
747.91,17,Shopping,3,720.85,1.04,0,0,0,0,3,0
627.28,12,Money Transfer,3,906.59,0.69,0,0,1,0,3,0
2411.57,10,Food,2,515.69,4.68,1,0,0,0,1,0
398.82,13,Money Transfer,5,422.31,0.94,1,1,0,0,1,1
2720.48,6,Money Transfer,3,2836.17,0.96,1,0,0,0,1,0
520.49,18,Bills,4,623.02,0.84,0,0,0,0,9,0
3239.2,10,Bills,4,4714.51,0.69,0,0,0,0,3,0
61538.51,17,Money Transfer,2,1125.96,54.65,0,0,0,0,6,1
11018.86,6,Recharge,3,2298.9,4.79,0,0,0,0,3,0
54.65,21,Healthcare,3,759.74,0.07,1,0,0,0,1,0
892.09,9,Money Transfer,2,794.75,1.12,0,0,0,1,3,0
2043.13,19,Money Transfer,3,1838.97,1.11,0,0,1,0,2,0
31703.82,18,Money Transfer,3,1780.4,17.81,0,0,0,1,2,1
4774.21,22,Healthcare,2,2935.5,1.63,0,0,0,0,2,0
585.22,13,Education,3,2852.48,0.21,0,0,0,3,3,1
1180.09,17,Shopping,3,2299.35,0.51,0,0,0,0,3,0
1015.0,11,Money Transfer,3,1373.26,0.74,1,0,0,0,1,0
4317.98,9,Food,1,4283.6,1.01,0,0,1,0,5,1
93.1,12,Money Transfer,2,2053.91,0.05,0,0,0,0,3,0
3092.65,8,Shopping,3,8625.39,0.36,0,0,0,2,3,0
29.68,22,Education,3,3380.35,0.01,0,0,0,0,4,0
398.81,7,Travel,1,381.58,1.05,1,0,0,0,1,0
792.21,15,Bills,2,995.77,0.8,0,0,0,0,8,0
6568.59,16,Education,4,1827.02,3.6,1,0,0,0,1,0
2413.77,14,Travel,2,2600.81,0.93,1,0,0,0,1,0
2479.77,16,Money Transfer,3,1738.66,1.43,0,0,0,0,5,0
31423.12,7,Food,3,3076.3,10.21,0,0,0,1,2,0
498.64,14,Shopping,2,897.96,0.56,0,0,0,0,5,0
369.7,10,Travel,3,665.82,0.56,0,0,0,0,2,0
357.47,21,Shopping,3,399.76,0.89,0,1,0,0,3,0
1961.06,18,Travel,4,1833.07,1.07,1,0,0,1,1,0
2867.45,22,Shopping,3,2400.02,1.19,0,0,0,0,4,0
659.58,4,Shopping,2,1010.55,0.65,1,0,1,0,1,0
926.43,10,Shopping,3,2011.51,0.46,0,0,0,0,7,0
557.58,9,Shopping,2,396.42,1.41,0,0,0,0,2,0
609.62,0,Travel,2,488.24,1.25,0,0,1,0,2,1
80692.64,10,Travel,1,2477.71,32.57,1,0,0,0,1,0
1109.8,16,Money Transfer,3,1126.16,0.99,0,0,0,1,11,1
2086.31,9,Shopping,4,2302.88,0.91,0,0,0,1,5,0
4554.71,14,Shopping,3,3507.84,1.3,0,0,0,0,2,0
2238.14,20,Shopping,1,3746.56,0.6,0,0,0,0,8,0
716.93,17,Shopping,2,640.1,1.12,0,0,0,0,8,1
1883.35,12,Recharge,3,1498.96,1.26,0,0,1,0,3,0
5796.96,11,Shopping,3,2683.17,2.16,1,0,0,0,1,0
2009.45,13,Money Transfer,4,2976.84,0.68,0,0,0,0,2,0
2603.17,9,Shopping,3,3064.1,0.85,0,0,0,0,2,0
1743.68,16,Shopping,2,766.18,2.28,0,0,0,0,2,0
667.0,11,Money Transfer,2,684.94,0.97,0,0,0,1,7,0
8540.54,19,Food,3,1904.93,4.48,1,0,0,0,1,0
7079.4,18,Shopping,5,2732.27,2.59,0,0,0,0,6,0
2568.01,15,Shopping,1,991.92,2.59,0,0,0,1,8,0
122.46,11,Money Transfer,2,499.08,0.25,0,0,0,0,5,0
2245.32,9,Shopping,3,2570.54,0.87,0,0,0,0,3,0
988.89,18,Shopping,3,941.24,1.05,0,0,0,0,3,0
2855.46,13,Healthcare,6,627.52,4.55,0,0,0,0,5,0
825.88,9,Food,3,587.72,1.41,1,0,0,0,1,0
3584.42,9,Food,3,980.77,3.65,0,1,0,0,4,1
1756.59,8,Money Transfer,2,1916.67,0.92,0,0,1,0,3,0
462.28,18,Money Transfer,1,1098.83,0.42,0,0,0,0,2,0
262.97,9,Food,2,337.58,0.78,0,0,0,0,5,0
557.44,14,Travel,2,483.48,1.15,1,0,0,0,1,0
766.04,13,Travel,4,917.76,0.83,0,0,0,1,7,0
2160.11,15,Shopping,1,2240.29,0.96,0,0,0,0,4,0
772.71,19,Money Transfer,9,486.68,1.59,0,0,0,0,3,0
2536.82,19,Money Transfer,4,1780.45,1.42,0,0,0,2,3,0
630.47,13,Education,3,529.87,1.19,1,0,0,0,1,0
81783.48,1,Food,2,727.98,112.34,0,0,0,0,3,1
658.64,12,Food,3,640.15,1.03,0,0,0,0,4,0
669.86,15,Shopping,4,425.27,1.58,1,0,0,0,1,0
56778.57,14,Food,3,2302.86,24.66,0,0,0,0,2,1
1873.14,16,Shopping,4,1420.52,1.32,0,1,0,0,6,0
8666.35,8,Money Transfer,1,3500.71,2.48,0,0,0,1,3,0
556.85,16,Shopping,2,487.43,1.14,0,0,1,0,3,1
54.91,9,Travel,2,581.41,0.09,1,0,0,0,1,0
71935.86,17,Shopping,3,958.7,75.03,0,0,0,0,3,0
8501.06,11,Money Transfer,3,2913.35,2.92,0,0,0,0,5,0
651.37,17,Recharge,5,956.88,0.68,0,0,0,2,2,0
5270.32,5,Shopping,4,1244.92,4.23,1,0,1,2,1,1
1588.57,12,Money Transfer,3,946.14,1.68,1,0,0,0,1,0
1523.95,17,Money Transfer,3,450.53,3.38,0,1,0,0,2,0
7027.06,9,Shopping,2,5347.23,1.31,0,0,0,0,4,0
1611.74,18,Bills,1,1731.48,0.93,1,0,0,0,1,0
1815.04,16,Shopping,4,3090.69,0.59,0,0,0,0,2,0
1754.55,15,Money Transfer,3,2233.18,0.79,0,0,0,0,3,0
1293.14,11,Food,1,1599.73,0.81,1,0,0,0,1,0
573.12,13,Food,3,469.12,1.22,1,0,0,0,1,0
2124.36,15,Travel,4,2152.69,0.99,0,0,0,0,3,0
2572.59,13,Rent,4,603.94,4.26,0,0,1,0,4,1
5617.99,17,Shopping,3,1263.16,4.45,0,0,0,0,3,0
2374.39,12,Travel,4,2085.34,1.14,0,0,0,0,4,0
8067.93,9,Food,4,3043.76,2.65,0,0,0,1,3,0
11569.52,9,Bills,2,2379.59,4.86,0,0,0,0,6,0
23046.66,0,Bills,3,2303.98,10.0,0,0,1,0,5,1
408.12,10,Bills,2,590.51,0.69,0,0,0,0,5,0
946.59,17,Money Transfer,2,1064.72,0.89,0,0,0,0,3,0
381.86,18,Money Transfer,2,378.95,1.01,0,0,0,0,15,0
2729.97,9,Bills,2,2587.98,1.05,1,0,0,1,1,0
6461.88,21,Money Transfer,3,5787.91,1.12,1,0,0,3,1,0
887.29,13,Shopping,1,852.02,1.04,0,1,0,0,5,0
504.42,20,Education,2,465.21,1.08,0,0,0,0,5,0
1460.02,17,Education,6,1461.8,1.0,0,0,0,0,5,0
3291.53,17,Money Transfer,3,3797.04,0.87,0,0,0,0,6,1
2181.26,6,Shopping,2,1745.23,1.25,0,0,0,3,2,0
316.09,9,Money Transfer,3,386.23,0.82,0,0,0,0,8,0
34259.92,0,Bills,2,6888.33,4.97,1,0,1,1,1,1
4745.07,17,Recharge,4,3475.28,1.37,0,0,0,0,8,0
635.69,11,Shopping,2,553.97,1.15,0,0,0,0,3,0
3896.31,18,Shopping,2,4887.22,0.8,1,1,0,1,1,0
1104.45,11,Education,4,1378.36,0.8,0,0,0,0,4,0
674.26,18,Money Transfer,3,1137.09,0.59,1,0,0,0,1,0
75210.24,8,Food,3,1412.65,53.24,1,0,0,0,1,0
5498.91,8,Healthcare,3,3538.59,1.55,1,0,0,0,1,0
7761.19,11,Shopping,1,2239.1,3.47,1,0,0,0,1,0
589.26,12,Food,1,409.94,1.44,0,1,0,0,5,0
3912.81,11,Shopping,2,5989.28,0.65,0,0,0,0,2,0
857.78,18,Money Transfer,4,587.85,1.46,0,0,0,0,11,0
749.28,7,Bills,4,2763.7,0.27,0,0,0,2,2,0
2659.44,11,Money Transfer,2,2119.76,1.25,0,0,0,0,6,0
1100.54,19,Other,2,673.81,1.63,0,0,0,0,10,0
1022.18,6,Food,2,636.98,1.6,1,0,1,0,1,0
3082.65,21,Money Transfer,1,3976.94,0.78,1,0,0,0,1,1
77744.03,22,Shopping,4,1279.56,60.76,0,0,0,0,2,1
9458.05,7,Money Transfer,2,2213.37,4.27,0,0,1,0,6,0
2043.15,10,Money Transfer,5,1562.38,1.31,0,0,1,0,6,1
2197.65,11,Shopping,6,2639.24,0.83,0,0,0,0,2,0
1072.97,18,Money Transfer,2,1474.45,0.73,1,0,1,2,1,0
852.67,15,Money Transfer,5,909.85,0.94,0,0,0,0,5,0
2890.72,16,Travel,4,1112.86,2.6,0,1,1,0,3,0
4932.25,18,Food,4,3827.18,1.29,1,1,0,0,1,0
1401.95,7,Travel,1,1436.12,0.98,0,0,0,0,5,0
40.0,19,Shopping,5,732.18,0.05,0,0,0,0,9,0
2109.16,17,Shopping,7,5209.17,0.4,1,0,0,0,1,0
3172.07,15,Food,2,3166.65,1.0,1,0,1,0,1,0
314.67,20,Money Transfer,4,403.1,0.78,0,0,0,0,5,0
67712.59,17,Shopping,1,12634.11,5.36,0,0,0,0,3,1
1733.46,9,Bills,2,2436.97,0.71,0,0,0,1,13,0
2723.52,12,Bills,4,614.41,4.43,0,0,0,0,7,1
2133.31,13,Food,3,787.29,2.71,1,0,0,1,1,0
2675.13,5,Shopping,5,2422.39,1.1,0,0,0,1,4,0
4317.96,21,Bills,2,3023.48,1.43,0,0,0,0,3,0
33264.85,8,Food,2,791.7,42.02,1,0,1,0,1,1
2217.83,17,Bills,6,834.63,2.66,1,0,0,1,1,0
754.16,13,Bills,2,960.42,0.79,0,0,0,0,3,0
2772.88,2,Bills,1,1940.43,1.43,0,0,1,0,2,0
645.0,20,Money Transfer,3,639.34,1.01,0,0,0,0,3,0
568.19,19,Shopping,2,498.16,1.14,1,0,0,0,1,0
1043.1,14,Travel,6,2344.6,0.44,0,0,0,0,3,0
3144.82,9,Food,3,3018.06,1.04,0,0,0,0,2,0
50736.33,7,Travel,6,1551.01,32.71,0,0,0,0,7,1
5264.1,11,Shopping,5,1114.13,4.72,0,0,0,0,2,0
1225.96,10,Shopping,3,1318.28,0.93,0,1,0,1,6,0
4868.73,13,Recharge,2,1185.04,4.11,0,0,0,0,2,0
8549.31,22,Travel,3,6093.3,1.4,0,0,0,0,3,0
3215.94,15,Recharge,3,2930.53,1.1,1,0,0,0,1,0
58426.74,20,Bills,5,719.95,81.15,0,0,0,0,5,1
622.91,16,Food,2,1172.67,0.53,0,0,0,0,6,0
5729.02,13,Food,1,1713.52,3.34,0,0,0,0,5,0
50686.57,19,Education,5,2008.73,25.23,0,0,0,0,3,1
7172.73,13,Food,2,1436.62,4.99,0,0,0,1,2,0
5226.8,19,Food,5,3290.52,1.59,0,0,0,1,3,0
6568.84,10,Shopping,2,2926.78,2.24,0,0,0,0,9,0
5808.97,8,Money Transfer,6,1566.33,3.71,0,0,0,0,3,1
75616.96,19,Travel,2,3768.77,20.06,0,0,0,0,9,1
3083.94,15,Rent,2,2803.19,1.1,0,0,0,0,2,0
1931.72,20,Shopping,1,3013.86,0.64,0,0,0,0,6,0
6316.27,21,Money Transfer,2,5938.89,1.06,0,0,0,1,4,0
542.08,5,Shopping,5,857.79,0.63,0,0,0,0,5,0
71495.8,13,Shopping,4,860.69,83.07,0,0,0,1,4,0
7878.72,11,Money Transfer,4,4256.03,1.85,0,0,0,0,2,0
3124.84,16,Recharge,3,2962.93,1.05,0,0,0,0,4,0
5027.5,18,Money Transfer,4,4999.96,1.01,0,0,0,0,8,0
475.04,10,Shopping,3,417.38,1.14,0,0,0,0,2,0
1476.33,14,Shopping,2,2078.78,0.71,0,0,0,0,9,0
995.68,17,Travel,6,581.19,1.71,1,0,1,0,1,0
1344.5,8,Money Transfer,2,1561.75,0.86,1,0,0,1,1,1
2668.2,18,Bills,2,604.75,4.41,0,0,0,0,2,0
2061.91,15,Food,2,546.7,3.77,0,0,0,1,6,0
78041.2,21,Bills,1,322.04,242.33,1,0,0,4,1,1
2401.1,11,Rent,3,2090.82,1.15,0,0,0,0,4,0
932.67,7,Travel,7,1100.57,0.85,0,0,0,0,3,0
16601.46,13,Rent,3,500.06,33.2,1,0,1,0,1,0
56242.81,6,Recharge,3,1001.72,56.15,1,1,0,0,1,1
1946.89,22,Food,3,633.1,3.08,1,0,0,0,1,0
25.48,4,Money Transfer,3,5415.72,0.0,0,0,0,0,3,1
1675.86,17,Rent,6,994.21,1.69,0,0,0,0,2,0
4743.3,14,Shopping,1,1031.51,4.6,1,0,0,0,1,0
12943.87,11,Travel,2,3597.05,3.6,0,0,0,0,10,0
9155.08,6,Shopping,3,2178.17,4.2,0,0,0,1,5,1
2093.16,15,Food,4,2529.24,0.83,0,0,0,0,3,0
1973.07,15,Rent,2,2119.09,0.93,0,0,0,0,3,0
4267.0,10,Food,2,5560.34,0.77,1,0,0,2,1,0
690.69,20,Bills,4,717.48,0.96,0,0,0,0,3,0
29487.53,10,Bills,5,8424.18,3.5,0,0,0,0,9,0
3853.42,13,Bills,2,3499.68,1.1,0,0,0,0,7,0
1461.63,14,Shopping,4,1900.37,0.77,1,0,0,0,1,0
2262.91,7,Shopping,3,2254.46,1.0,1,0,0,0,1,0
2561.11,21,Travel,1,2183.65,1.17,0,1,0,0,10,0
512.82,11,Money Transfer,3,408.31,1.26,1,0,0,0,1,0
36190.03,6,Money Transfer,3,742.66,48.73,0,0,0,0,3,1
20436.34,12,Shopping,2,6161.41,3.32,1,0,0,0,1,0
70820.3,15,Rent,2,1675.83,42.26,0,0,1,1,6,1
29997.35,14,Shopping,4,1155.69,25.96,1,0,1,0,1,1
12007.0,17,Education,2,2884.16,4.16,0,0,1,0,3,0
5590.75,5,Shopping,3,1638.17,3.41,1,0,0,1,1,0
226.43,10,Food,4,323.85,0.7,1,1,0,2,1,0
73862.01,18,Shopping,3,2698.87,27.37,0,0,0,0,3,0
1586.6,6,Food,1,2671.64,0.59,1,0,0,0,1,0
21.42,19,Money Transfer,4,624.9,0.03,1,0,1,1,1,1
6901.39,7,Recharge,2,5949.63,1.16,1,0,0,0,1,0
2216.85,19,Education,2,756.27,2.93,1,0,0,1,1,0
3349.91,11,Money Transfer,2,1401.65,2.39,0,0,0,0,10,0
453.68,15,Recharge,3,519.36,0.87,0,0,0,0,2,0
2295.97,8,Other,2,1964.15,1.17,0,0,0,0,6,0
3092.92,6,Bills,1,1147.31,2.7,0,0,0,0,2,0
956.66,9,Bills,4,1084.22,0.88,1,0,0,0,1,0
3907.17,8,Shopping,1,3457.79,1.13,0,0,0,0,4,0
80.98,11,Food,4,317.29,0.26,1,0,0,0,1,0
9909.6,14,Shopping,2,3178.6,3.12,0,0,0,0,3,0
1798.52,15,Shopping,3,1825.22,0.99,1,0,0,0,1,0
8212.93,18,Other,2,7996.37,1.03,0,0,0,0,4,0
1395.78,16,Money Transfer,3,1902.43,0.73,0,0,0,2,7,1
304.35,15,Travel,3,402.55,0.76,0,0,0,0,9,0
68695.8,12,Bills,5,393.55,174.55,0,0,0,0,3,1
13587.31,13,Education,3,4164.4,3.26,0,0,0,0,3,0
3227.98,12,Other,5,3612.36,0.89,1,0,0,0,1,0
1002.12,19,Shopping,1,1064.06,0.94,0,0,1,0,5,0
1488.85,9,Shopping,2,2032.36,0.73,0,0,1,0,9,0
790.36,0,Money Transfer,3,1510.58,0.52,0,0,0,0,2,0
4775.37,16,Shopping,2,6449.22,0.74,0,0,0,2,5,0
3991.86,9,Shopping,4,5690.91,0.7,0,0,0,0,5,0
8265.21,20,Money Transfer,3,7725.28,1.07,0,0,0,0,5,0
3347.28,19,Bills,3,3923.89,0.85,0,0,0,0,4,0
4094.29,6,Food,6,4625.36,0.89,1,0,0,2,1,0
624.78,7,Money Transfer,2,740.96,0.84,0,0,0,0,4,0
80.18,13,Food,3,3500.21,0.02,1,0,0,0,1,0
1273.86,15,Shopping,3,2521.09,0.51,0,0,0,0,4,0
7697.8,10,Shopping,2,6223.95,1.24,1,0,1,0,1,0
4052.33,17,Bills,4,1824.44,2.22,0,0,1,0,8,0
597.64,15,Food,3,460.23,1.3,0,0,0,1,5,0
75.72,11,Bills,3,1937.66,0.04,0,0,0,0,4,0
7016.86,2,Shopping,3,2388.39,2.94,1,0,0,0,1,0
1289.59,17,Bills,3,747.97,1.72,0,0,0,0,5,0
6008.52,9,Food,3,1201.91,5.0,0,1,1,0,6,0
1357.34,19,Food,2,1942.6,0.7,0,0,0,0,4,0
930.54,12,Food,3,1143.43,0.81,0,0,0,0,11,0
3311.67,15,Education,5,1145.86,2.89,1,0,0,0,1,0
53138.13,19,Food,2,557.07,95.39,0,0,0,0,4,1
4977.99,19,Food,2,5386.68,0.92,0,0,0,1,3,0
7213.99,11,Other,3,2798.89,2.58,1,0,0,0,1,0
318.75,9,Bills,4,302.24,1.05,0,0,0,0,4,0
3085.76,18,Money Transfer,7,2911.41,1.06,0,0,0,0,5,0
3559.33,12,Travel,2,2723.31,1.31,1,1,0,0,1,0
835.24,9,Money Transfer,6,317.6,2.63,0,0,0,0,5,0
3547.01,20,Shopping,2,1130.53,3.14,1,0,0,0,1,0
1112.5,9,Food,7,1979.95,0.56,0,0,0,0,3,0
1026.85,2,Recharge,2,1385.13,0.74,0,0,0,0,5,0
3569.61,1,Recharge,2,3009.03,1.19,1,0,0,0,1,1
837.61,15,Money Transfer,6,1297.53,0.65,0,0,0,1,3,0
850.83,16,Food,4,600.73,1.42,0,0,0,3,2,0
5345.64,11,Shopping,1,7044.91,0.76,0,0,0,0,3,0
859.59,11,Other,2,798.82,1.08,0,0,0,2,2,0
982.44,11,Other,6,2576.56,0.38,1,0,0,1,1,0
2689.36,16,Food,3,578.1,4.65,1,0,0,0,1,0
2404.88,5,Bills,2,1018.21,2.36,0,1,0,0,6,0
1293.39,20,Travel,2,1350.2,0.96,1,0,0,0,1,0
40.32,9,Food,3,684.26,0.06,1,0,1,0,1,0
88.32,23,Shopping,4,1375.97,0.06,1,0,0,0,1,0
1111.15,8,Money Transfer,5,607.77,1.83,1,0,1,0,1,0
2272.19,18,Travel,1,1773.71,1.28,1,0,0,0,1,0
76957.72,9,Travel,4,2261.62,34.03,1,0,0,1,1,1
582.39,6,Money Transfer,1,416.04,1.4,1,0,0,0,1,0
3508.97,19,Healthcare,2,3988.14,0.88,1,0,0,0,1,0
2971.63,19,Shopping,2,668.53,4.45,1,0,0,0,1,0
23205.44,12,Money Transfer,2,759.65,30.55,1,0,1,0,1,1
1669.19,17,Travel,4,2249.02,0.74,0,0,0,0,3,0
1417.4,14,Travel,3,1438.54,0.99,0,0,0,0,4,0
1873.75,19,Food,3,1545.49,1.21,0,0,0,0,3,0
1022.61,11,Rent,4,546.86,1.87,0,0,0,0,3,0
30088.87,14,Shopping,3,3249.37,9.26,0,0,0,1,2,0
2593.94,13,Food,4,2027.75,1.28,0,0,0,0,3,0
951.49,11,Food,1,561.84,1.69,0,1,0,2,7,1
1547.11,20,Shopping,1,1143.13,1.35,0,0,1,0,3,0
2859.36,8,Travel,5,3293.2,0.87,1,0,0,0,1,0
4740.02,8,Money Transfer,2,1812.27,2.62,0,0,0,0,3,0
36.97,15,Food,5,507.03,0.07,0,0,0,0,3,0
576.79,16,Bills,6,1139.62,0.51,0,0,0,0,2,0
487.14,9,Shopping,2,800.38,0.61,0,0,0,0,3,0
2054.73,12,Shopping,3,1611.67,1.27,0,0,0,0,4,0
4946.22,21,Bills,2,3636.86,1.36,1,0,0,2,1,1
3055.86,10,Food,2,1331.71,2.29,0,0,1,0,2,0
1172.73,16,Travel,2,1322.4,0.89,0,0,0,0,5,0
4426.34,17,Bills,1,4543.64,0.97,0,0,0,0,3,0
1274.84,13,Bills,2,1845.23,0.69,1,1,0,1,1,0
1452.54,21,Healthcare,3,1803.27,0.81,0,0,0,1,5,0
980.15,17,Food,2,846.64,1.16,0,0,0,0,8,0
1945.88,13,Money Transfer,3,1984.42,0.98,0,0,0,0,6,0
1670.21,14,Money Transfer,2,1844.06,0.91,0,0,0,0,2,0
1433.04,17,Shopping,7,1210.07,1.18,0,0,0,0,3,0
8578.28,15,Food,3,8719.08,0.98,0,0,0,0,3,0
5426.16,19,Rent,5,4145.06,1.31,0,0,0,1,4,0
3323.08,11,Recharge,3,2792.35,1.19,0,0,0,0,4,0
4674.48,10,Food,1,1687.39,2.77,1,0,0,0,1,0
1007.83,9,Food,3,1416.01,0.71,0,0,0,0,6,0
1257.67,4,Money Transfer,4,667.99,1.88,0,0,0,0,6,0
1437.16,4,Shopping,2,956.83,1.5,0,0,0,0,2,0
8132.28,19,Shopping,3,2976.68,2.73,1,0,0,1,1,0
44.25,16,Money Transfer,4,1388.42,0.03,0,0,1,0,3,0
5758.76,16,Shopping,3,4150.84,1.39,0,0,0,0,2,0
739.75,15,Food,2,588.12,1.26,0,0,1,0,4,0
1182.69,19,Education,2,1577.97,0.75,0,0,0,0,2,0
3002.69,13,Education,3,2174.14,1.38,1,0,0,0,1,1
1677.09,19,Food,2,1609.36,1.04,0,0,0,0,6,0
4199.19,11,Shopping,2,4260.49,0.99,0,0,0,0,3,0
8398.05,20,Education,3,8512.37,0.99,1,0,0,0,1,0
428.47,17,Education,4,521.6,0.82,0,0,0,0,4,0
321.69,10,Shopping,4,550.58,0.58,0,0,0,0,4,0
310.79,14,Travel,4,551.34,0.56,1,1,0,0,1,0
2728.51,14,Rent,2,2357.62,1.16,0,0,0,1,10,0
40538.85,8,Bills,1,1139.33,35.58,0,0,0,0,2,1
56.82,15,Other,1,2679.03,0.02,0,0,0,1,8,0
10.0,11,Shopping,3,1235.98,0.01,1,0,0,3,1,1
9170.83,5,Recharge,6,2078.05,4.41,0,0,0,0,3,1
4449.39,21,Food,3,2944.31,1.51,0,0,0,0,3,0
1897.2,16,Other,2,1730.19,1.1,0,0,0,0,14,0
2505.57,19,Money Transfer,6,1695.81,1.48,0,0,0,1,2,0
929.7,16,Bills,5,466.27,1.99,1,0,1,0,1,1
2426.26,11,Shopping,1,1252.13,1.94,0,0,0,0,6,0
2215.13,14,Money Transfer,3,1720.5,1.29,1,1,0,2,1,1
15.6,16,Shopping,3,1415.75,0.01,0,1,0,1,7,0
2297.19,21,Other,4,4458.78,0.52,1,1,0,0,1,0
4372.06,10,Bills,3,4566.22,0.96,0,0,0,0,3,0
4891.8,19,Education,2,3405.91,1.44,0,0,0,0,4,1
898.52,20,Recharge,2,1146.87,0.78,0,0,1,0,2,0
1223.52,16,Shopping,3,2574.06,0.48,0,0,0,1,6,0
5734.88,21,Money Transfer,5,1205.41,4.76,0,0,0,1,3,1
2488.83,12,Shopping,2,776.53,3.21,0,0,0,0,2,0
1189.32,21,Shopping,1,1055.86,1.13,0,0,1,0,2,0
349.48,17,Shopping,4,432.5,0.81,1,0,0,0,1,0
29042.78,4,Money Transfer,4,1025.64,28.32,0,0,0,0,3,1
5633.66,20,Rent,2,1411.61,3.99,0,0,1,0,2,0
7065.0,13,Shopping,4,5901.31,1.2,0,0,0,0,2,0
65373.86,13,Shopping,3,976.83,66.92,0,0,0,0,9,0
4838.53,14,Shopping,1,4489.37,1.08,1,0,0,0,1,0
61044.5,8,Other,1,767.79,79.51,0,0,0,0,6,0
644.71,13,Bills,3,681.45,0.95,0,0,0,0,11,0
1546.32,19,Healthcare,3,1617.38,0.96,0,0,0,0,5,0
5899.67,1,Money Transfer,3,2309.34,2.55,1,0,0,1,1,1
325.77,10,Rent,2,381.62,0.85,0,0,1,0,6,0
101.7,0,Bills,4,749.69,0.14,1,0,0,1,1,0
1675.6,12,Money Transfer,2,1394.8,1.2,0,0,0,0,2,0
665.89,17,Rent,3,1023.56,0.65,0,0,0,1,14,0
2238.58,18,Shopping,3,2544.52,0.88,0,0,1,0,2,0
1366.41,21,Shopping,3,1588.3,0.86,0,0,1,1,3,0
511.16,15,Rent,2,614.61,0.83,0,0,0,1,2,0
2764.42,10,Money Transfer,3,4347.69,0.64,0,0,0,0,2,0
1884.03,20,Travel,5,923.86,2.04,0,0,1,0,3,1
72136.25,18,Shopping,2,2664.36,27.07,0,0,0,0,9,1
8439.0,15,Shopping,5,3024.74,2.79,1,0,0,0,1,1
14886.96,17,Bills,3,6242.0,2.38,1,0,0,0,1,0
1826.89,20,Shopping,2,1542.3,1.18,1,0,0,0,1,0
1850.5,17,Money Transfer,3,2022.03,0.92,1,1,0,0,1,1
78275.03,11,Education,2,1034.01,75.7,1,0,0,0,1,1
49730.74,17,Shopping,3,2340.77,21.25,1,0,0,0,1,1
81553.61,4,Shopping,3,1420.45,57.41,0,0,0,0,3,1
2100.98,12,Money Transfer,4,1336.14,1.57,1,0,0,0,1,0
2980.64,12,Money Transfer,5,3781.65,0.79,0,0,0,0,3,0
799.61,8,Food,2,392.65,2.04,1,0,0,0,1,0
3607.32,2,Bills,2,4146.15,0.87,0,0,1,0,8,0
2851.65,8,Shopping,1,3739.83,0.76,0,0,0,0,2,0
3800.0,16,Food,1,1570.73,2.42,1,0,0,1,1,0
6566.31,18,Money Transfer,3,1512.74,4.34,0,0,0,0,6,1
819.2,23,Shopping,3,1108.41,0.74,0,0,1,0,2,0
7130.3,11,Food,1,9561.7,0.75,0,0,0,0,5,0
623.41,15,Rent,4,512.13,1.22,0,0,0,1,2,0
1934.49,21,Money Transfer,3,1905.82,1.02,0,0,0,0,2,1
2609.62,8,Shopping,2,2360.47,1.11,0,0,0,0,2,0
5799.29,17,Money Transfer,6,5201.6,1.11,0,0,0,2,3,1
80893.82,18,Money Transfer,3,3027.1,26.72,0,0,0,2,2,1
1358.6,7,Bills,2,2158.31,0.63,0,0,0,0,2,0
194.65,19,Shopping,4,523.59,0.37,0,0,0,0,4,0
1571.14,18,Money Transfer,6,1142.36,1.38,0,1,1,0,2,1
973.23,3,Money Transfer,3,569.06,1.71,0,0,0,0,4,0
3372.31,7,Travel,2,4134.76,0.82,0,0,0,0,4,0
3262.92,5,Food,3,2792.6,1.17,0,0,0,0,4,0
2230.75,11,Food,4,2850.43,0.78,0,0,0,0,2,0
2091.13,14,Bills,2,2201.32,0.95,1,0,0,0,1,0
5929.07,14,Education,2,1573.2,3.77,0,0,0,0,4,0
695.59,10,Money Transfer,1,592.47,1.17,0,0,0,0,7,0
60239.09,20,Food,4,1020.04,59.06,0,0,0,1,3,1
1960.06,11,Bills,2,565.04,3.47,0,0,0,0,3,0
12244.9,5,Other,3,2623.2,4.67,0,1,0,0,3,0
2894.44,10,Education,3,614.33,4.71,0,0,0,0,3,0
1470.54,14,Money Transfer,3,2479.88,0.59,0,0,0,0,19,0
58509.71,12,Shopping,4,2421.27,24.16,1,0,0,0,1,1
17756.36,10,Money Transfer,3,1406.82,12.62,1,1,0,0,1,1
2534.43,8,Travel,3,561.52,4.51,0,0,0,1,10,0
1328.14,18,Money Transfer,5,980.48,1.35,0,0,0,0,2,0
1170.0,23,Money Transfer,1,994.44,1.18,0,0,0,0,3,0
3108.84,11,Bills,3,2469.46,1.26,0,0,0,0,4,0
1003.16,12,Money Transfer,2,517.35,1.94,0,0,0,0,4,0
3143.72,15,Education,3,3479.69,0.9,0,1,0,1,3,0
2409.65,17,Money Transfer,4,2876.38,0.84,0,0,0,0,2,0
2438.0,12,Money Transfer,5,671.11,3.63,0,1,0,1,3,0
5233.14,20,Money Transfer,1,2585.97,2.02,0,0,0,0,4,0
2993.71,14,Bills,2,2287.5,1.31,0,0,0,0,6,0
12745.4,13,Shopping,2,2781.85,4.58,1,0,0,0,1,0
571.68,16,Shopping,2,676.92,0.84,1,0,0,0,1,0
2147.44,21,Healthcare,5,608.68,3.53,0,0,0,0,2,1
2689.31,18,Shopping,4,785.68,3.42,0,0,0,2,4,0
1177.24,4,Food,3,1119.91,1.05,0,0,0,0,2,0
2713.18,11,Food,4,3140.86,0.86,1,0,0,0,1,0
3542.07,13,Money Transfer,4,2710.42,1.31,1,0,0,0,1,0
89.89,11,Food,4,4973.35,0.02,0,1,0,0,6,0
77639.07,17,Shopping,5,408.75,189.94,0,0,0,0,2,0
279.74,19,Food,4,320.92,0.87,0,0,0,0,2,0
2296.41,17,Money Transfer,4,2461.99,0.93,0,0,0,3,3,0
1589.97,23,Food,4,889.53,1.79,1,0,0,1,1,0
3715.85,10,Shopping,4,1031.85,3.6,0,0,0,1,2,0
57642.87,19,Food,1,1724.57,33.42,0,0,0,0,4,1
236.3,18,Shopping,4,494.48,0.48,0,0,0,0,4,0
17.46,11,Rent,5,2152.49,0.01,0,0,1,0,5,0
170.04,17,Shopping,1,1007.87,0.17,0,0,0,1,2,0
6699.1,7,Shopping,3,2102.91,3.19,0,0,0,0,2,0
2336.14,18,Bills,3,3532.46,0.66,0,0,0,0,5,0
465.35,14,Rent,5,637.8,0.73,1,0,1,0,1,0
50365.72,10,Recharge,2,5109.26,9.86,0,0,0,1,4,1
1166.66,16,Healthcare,2,1661.68,0.7,0,0,0,0,7,0
43573.85,16,Food,3,4913.42,8.87,1,0,0,0,1,0
36.28,9,Shopping,3,719.14,0.05,1,0,0,0,1,0
5162.17,3,Money Transfer,2,1969.97,2.62,0,0,0,0,3,1
1123.74,12,Bills,1,1231.19,0.91,1,0,1,0,1,0
1315.75,14,Money Transfer,1,2978.77,0.44,0,0,0,0,6,0
2597.73,19,Shopping,2,1976.11,1.31,1,0,1,0,1,0
3963.63,20,Food,3,1528.03,2.59,0,0,0,0,2,0
4653.14,14,Bills,3,4695.02,0.99,0,0,0,0,7,0
3454.4,17,Bills,2,1152.11,3.0,1,0,0,0,1,0
1065.2,12,Shopping,2,747.18,1.43,0,0,0,0,7,0
1955.84,17,Travel,5,1986.15,0.98,1,0,0,0,1,0
6446.0,9,Shopping,2,2060.84,3.13,0,0,0,0,7,0
1442.32,11,Shopping,4,1340.77,1.08,0,1,0,0,2,0
3551.6,16,Education,5,1500.1,2.37,1,0,0,0,1,0
8273.0,1,Shopping,2,6073.99,1.36,0,0,0,0,2,0
2052.22,17,Rent,1,2674.79,0.77,0,0,0,0,2,0
630.26,19,Shopping,3,510.98,1.23,1,1,0,0,1,1
1474.9,12,Education,1,729.16,2.02,0,0,0,0,2,0
3645.47,13,Bills,1,6981.99,0.52,0,0,0,0,4,0
1083.02,19,Food,4,2633.39,0.41,0,0,0,0,5,0
5040.41,18,Bills,4,4738.14,1.06,0,0,1,0,5,0
1017.02,10,Shopping,1,951.97,1.07,0,0,0,2,4,0
61197.97,11,Money Transfer,5,2737.7,22.35,1,0,1,0,1,1
2906.88,16,Money Transfer,3,2553.19,1.14,0,0,0,0,2,0
1012.28,14,Shopping,2,928.41,1.09,1,0,0,0,1,0
19.04,8,Money Transfer,2,1740.58,0.01,1,0,0,0,1,0
2607.93,11,Recharge,1,2077.12,1.26,0,0,0,0,4,0
879.02,20,Shopping,3,1480.99,0.59,0,0,0,0,5,0
2476.4,17,Rent,3,3459.89,0.72,0,0,0,0,5,0
2877.31,22,Shopping,3,3520.16,0.82,0,0,0,0,7,0
12166.8,18,Shopping,5,3722.04,3.27,0,0,0,0,3,0
2963.34,21,Recharge,1,3228.07,0.92,0,0,0,1,18,0
1581.5,9,Money Transfer,4,1505.27,1.05,0,0,1,0,2,0
50740.27,18,Money Transfer,3,1164.64,43.57,0,0,0,0,7,1
4683.37,1,Bills,1,3504.15,1.34,1,0,0,0,1,0
2885.67,16,Shopping,3,1512.73,1.91,1,0,0,0,1,0
2037.72,13,Money Transfer,2,809.14,2.52,0,0,0,0,3,1
6756.08,11,Money Transfer,5,1574.3,4.29,1,0,0,0,1,0
1922.77,19,Food,1,575.36,3.34,1,1,1,0,1,1
41.43,19,Other,3,2417.62,0.02,1,0,0,0,1,0
1731.23,2,Bills,1,1036.84,1.67,0,0,0,0,5,1
2091.3,15,Money Transfer,3,843.59,2.48,0,0,0,0,8,0
14101.93,11,Bills,3,5943.35,2.37,0,1,0,0,2,0
2593.85,12,Shopping,3,3000.09,0.86,0,0,0,1,11,0
1929.2,19,Shopping,5,3084.22,0.63,0,1,0,0,5,1
2603.82,11,Shopping,2,2059.37,1.26,1,0,0,0,1,0
16122.32,21,Money Transfer,3,3589.36,4.49,0,1,0,0,3,0
3604.59,9,Money Transfer,3,2862.54,1.26,0,0,0,1,12,0
51815.58,16,Food,1,1943.81,26.66,0,0,0,0,6,1
4186.43,16,Recharge,1,6145.3,0.68,0,0,0,0,2,0
2167.56,10,Money Transfer,2,682.85,3.17,0,0,0,0,2,0
6799.61,11,Money Transfer,5,5468.5,1.24,0,0,0,0,5,0
811.89,19,Shopping,2,1223.81,0.66,0,0,0,1,3,0
4081.83,18,Shopping,2,1652.92,2.47,1,0,0,0,1,0
61714.53,11,Food,2,535.71,115.2,0,0,0,0,2,1
53780.69,14,Money Transfer,2,1698.17,31.67,0,0,0,1,4,1
7566.31,6,Bills,3,2000.47,3.78,1,1,0,0,1,0
50278.03,9,Shopping,4,11235.93,4.47,0,0,0,1,4,0
5223.94,13,Shopping,3,6953.89,0.75,0,0,0,0,4,0
7571.03,6,Money Transfer,1,6407.67,1.18,1,0,0,0,1,1
548.26,19,Shopping,2,1070.95,0.51,0,0,0,0,2,1
10854.72,17,Shopping,5,8833.06,1.23,0,0,0,1,8,0
18696.4,21,Travel,3,1394.12,13.41,0,0,0,0,4,1
2791.62,17,Shopping,3,3736.99,0.75,0,0,0,3,5,0
886.71,21,Food,2,738.76,1.2,0,0,1,1,3,0
7278.82,14,Rent,1,1568.79,4.64,1,0,1,0,1,0
7724.47,15,Shopping,2,6387.15,1.21,0,0,0,0,3,0
7855.67,22,Money Transfer,2,5588.5,1.41,0,0,0,0,5,0
2716.59,16,Bills,4,2372.11,1.15,1,0,0,0,1,0
76.6,3,Money Transfer,1,3177.42,0.02,1,0,0,0,1,1
1294.1,17,Bills,4,649.38,1.99,0,0,0,0,2,0
2030.13,20,Shopping,5,2602.03,0.78,0,0,0,1,2,0
2454.09,18,Bills,4,2032.44,1.21,0,0,0,1,12,0
77356.38,15,Shopping,3,472.83,163.6,1,0,0,0,1,0
667.05,16,Travel,2,516.16,1.29,0,0,0,0,2,0
928.77,23,Food,1,506.62,1.83,0,0,0,0,5,0
1288.58,7,Recharge,3,2619.57,0.49,0,0,0,0,3,0
428.07,16,Money Transfer,2,575.07,0.74,0,0,0,0,3,0
1353.55,10,Shopping,2,1435.1,0.94,0,0,0,0,4,0
872.37,16,Shopping,2,1094.85,0.8,1,0,0,0,1,0
44.55,15,Bills,3,1739.33,0.03,0,0,0,0,9,0
3268.67,8,Food,2,2506.44,1.3,1,0,0,0,1,0
2987.21,9,Bills,4,2377.74,1.26,1,0,0,0,1,0
5850.92,15,Shopping,8,1604.42,3.65,0,0,0,0,2,1
1440.01,8,Money Transfer,3,1423.64,1.01,0,0,0,0,4,0
1963.79,10,Shopping,3,1212.94,1.62,1,0,0,0,1,0
9747.9,19,Healthcare,3,3863.73,2.52,1,0,0,0,1,0
1029.23,11,Food,4,1023.15,1.01,1,0,0,0,1,0
866.83,13,Recharge,5,840.45,1.03,1,0,0,0,1,0
3542.89,21,Rent,3,2747.83,1.29,1,0,0,0,1,0
1071.75,9,Food,5,1102.65,0.97,0,0,0,0,2,0
18025.58,12,Travel,5,3679.15,4.9,1,0,0,0,1,0
624.34,15,Money Transfer,3,1015.2,0.61,0,0,0,0,2,0
3438.49,18,Bills,3,2478.86,1.39,0,1,0,0,2,0
488.74,20,Healthcare,2,383.08,1.28,0,0,0,0,4,0
73052.57,20,Education,1,1176.69,62.08,1,1,0,0,1,1
1698.46,18,Travel,5,1056.76,1.61,0,0,0,1,2,0
6214.18,9,Rent,1,3353.73,1.85,0,0,0,0,5,0
7551.05,2,Rent,4,6443.27,1.17,0,0,0,0,13,0
1231.1,12,Healthcare,2,1412.08,0.87,0,0,1,0,3,0
5314.68,8,Shopping,2,3435.66,1.55,0,0,0,0,2,0
7127.59,17,Travel,2,2465.32,2.89,0,0,0,0,3,0
20775.78,16,Travel,2,6461.42,3.22,0,0,0,1,2,0
3538.43,5,Food,1,3299.85,1.07,1,0,1,0,1,0
830.06,19,Other,4,445.16,1.86,0,0,0,0,2,0
74.79,10,Money Transfer,1,2548.66,0.03,0,0,0,0,11,0
1636.61,12,Money Transfer,4,1680.23,0.97,0,0,0,0,3,0
440.87,16,Shopping,6,329.83,1.34,1,0,0,0,1,0
394.09,12,Money Transfer,2,820.98,0.48,0,0,0,0,9,0
2430.54,12,Rent,4,4886.24,0.5,0,0,0,0,2,0
4515.45,6,Money Transfer,3,4988.14,0.91,0,0,0,0,2,0
3831.18,12,Bills,1,3186.67,1.2,0,0,0,0,3,0
17.9,18,Recharge,5,7509.38,0.0,0,0,0,0,3,0
906.54,20,Shopping,1,3256.88,0.28,1,0,0,0,1,0
522.65,12,Money Transfer,4,318.46,1.64,0,0,0,1,2,0
805.74,12,Recharge,3,911.0,0.88,0,0,0,0,2,0
186.55,17,Shopping,2,355.99,0.52,0,0,0,0,4,0
303.09,21,Shopping,2,477.9,0.63,1,1,0,2,1,1
873.6,10,Shopping,4,744.56,1.17,0,0,0,0,4,0
1229.38,12,Food,3,1560.52,0.79,1,0,0,0,1,0
4402.96,18,Shopping,3,3685.44,1.19,0,0,0,0,2,0
3866.34,15,Healthcare,2,3864.47,1.0,0,0,0,0,2,0
3489.31,7,Money Transfer,4,2023.75,1.72,0,0,0,0,14,0
3679.34,16,Money Transfer,3,5040.36,0.73,0,0,0,0,3,0
59980.04,9,Shopping,1,1547.89,38.75,0,0,1,0,5,1
38052.26,14,Money Transfer,1,4257.39,8.94,0,0,0,0,3,0
4182.69,14,Food,1,1389.46,3.01,0,0,0,0,12,0
864.64,19,Bills,2,884.38,0.98,1,1,0,0,1,0
53.56,13,Bills,1,4767.36,0.01,0,0,0,0,3,0
2157.35,10,Food,3,1183.65,1.82,0,0,0,1,5,0
1931.72,9,Recharge,3,1559.96,1.24,0,0,0,0,3,0
4381.68,19,Bills,2,1017.8,4.31,0,0,0,0,7,0
901.57,8,Bills,5,2256.94,0.4,0,0,0,0,3,0
3926.64,12,Shopping,3,9848.25,0.4,0,0,0,0,5,0
272.75,9,Shopping,2,346.52,0.79,1,0,1,0,1,1
5895.19,18,Shopping,2,4441.92,1.33,1,0,1,1,1,0
10.0,13,Food,3,307.08,0.03,0,0,0,0,2,0
1446.78,11,Money Transfer,4,1115.25,1.3,0,1,0,0,6,0
2608.3,11,Money Transfer,4,632.37,4.12,0,0,1,0,2,0
3639.26,19,Education,2,2848.98,1.28,0,0,0,0,3,0
370.45,14,Recharge,1,393.49,0.94,0,0,0,0,2,0
1822.8,17,Recharge,3,1751.31,1.04,0,0,0,0,5,0
3789.75,20,Money Transfer,3,929.01,4.08,1,0,0,0,1,0
877.73,20,Travel,1,558.28,1.57,0,0,0,0,3,0
13012.69,11,Rent,1,2959.7,4.4,0,0,0,0,3,0
1697.78,21,Shopping,4,741.28,2.29,0,0,0,0,2,0
723.97,2,Shopping,3,755.73,0.96,0,0,0,0,4,0
1025.77,11,Money Transfer,5,879.04,1.17,1,1,1,0,1,1
2214.21,20,Money Transfer,3,1890.74,1.17,0,0,1,0,6,0
1825.37,10,Bills,2,2240.09,0.81,0,0,0,0,2,0
439.18,10,Shopping,4,331.97,1.32,0,0,0,0,5,0
634.72,10,Travel,2,798.42,0.79,0,1,0,0,2,0
1232.26,15,Food,3,1314.88,0.94,1,0,0,0,1,0
4030.67,12,Rent,4,1026.18,3.93,0,0,0,0,2,0
2852.61,17,Money Transfer,1,4180.15,0.68,0,0,0,2,5,0
15262.47,20,Rent,4,3089.63,4.94,0,0,0,0,4,0
7863.87,16,Food,3,2069.77,3.8,0,0,0,0,2,1
773.54,9,Money Transfer,4,1042.6,0.74,0,0,1,0,8,0
2776.99,21,Shopping,1,2471.19,1.12,0,0,0,0,2,0
1995.79,10,Shopping,2,3640.05,0.55,0,0,0,0,2,0
28170.13,8,Food,5,1926.21,14.62,1,0,0,0,1,1
5725.48,7,Recharge,1,3062.31,1.87,1,0,0,0,1,0
3069.21,14,Money Transfer,5,2788.9,1.1,0,0,0,0,2,0
46101.11,7,Travel,2,1826.43,25.24,1,0,0,1,1,1
3733.75,8,Food,4,973.62,3.83,0,0,0,0,2,1
3616.96,10,Recharge,2,2765.21,1.31,0,0,0,0,6,0
76661.36,10,Bills,3,717.02,106.92,0,0,0,0,2,1
5272.21,15,Food,5,3021.25,1.75,0,0,1,2,2,1
5068.08,18,Food,4,3238.38,1.57,1,1,0,3,1,1
4833.8,18,Recharge,3,3408.21,1.42,1,0,0,0,1,0
1006.37,10,Money Transfer,5,1452.71,0.69,1,0,1,0,1,0
648.71,10,Money Transfer,4,684.82,0.95,0,0,0,0,3,0
161.58,22,Shopping,2,489.1,0.33,0,0,0,0,3,0
4061.52,0,Bills,4,2748.15,1.48,1,0,0,0,1,0
3614.52,19,Bills,4,4212.93,0.86,0,0,0,0,2,0
1163.18,9,Shopping,3,2194.0,0.53,0,0,0,0,3,0
1274.48,21,Food,5,580.21,2.2,0,0,0,0,5,0
13.08,11,Money Transfer,3,5217.2,0.0,0,1,0,1,2,0
80.0,12,Shopping,3,8434.52,0.01,1,0,1,0,1,0
6241.45,17,Other,4,1322.52,4.72,0,0,0,1,4,0
1555.83,15,Shopping,4,1926.19,0.81,0,0,0,0,3,0
2248.85,11,Shopping,4,3002.9,0.75,0,0,1,0,6,0
2302.69,14,Food,3,2699.91,0.85,1,0,1,0,1,0
6636.61,17,Travel,3,6483.7,1.02,0,0,1,0,5,0
548.36,4,Shopping,3,519.66,1.06,1,0,0,1,1,0
1887.24,0,Food,5,1864.61,1.01,0,0,0,0,3,0
3468.08,13,Food,3,2419.38,1.43,1,0,0,0,1,0
3417.95,8,Shopping,2,4274.71,0.8,1,0,0,0,1,0
42.61,16,Shopping,2,4030.22,0.01,0,0,0,1,3,0
5177.8,9,Food,1,7170.07,0.72,0,0,1,0,2,0
2260.11,12,Rent,4,1591.68,1.42,0,0,0,0,2,0
5552.03,9,Recharge,3,3497.6,1.59,0,0,0,2,3,0
1376.68,14,Bills,8,1303.25,1.06,0,0,0,0,2,0
28631.58,7,Other,3,1287.7,22.23,0,0,0,1,4,1
1108.49,2,Rent,2,825.88,1.34,1,0,1,0,1,1
74.05,5,Healthcare,2,3369.1,0.02,0,0,0,0,4,1
9085.73,21,Money Transfer,3,7960.04,1.14,0,0,0,1,3,0
87.75,8,Money Transfer,2,833.11,0.11,0,1,0,0,2,0
666.06,17,Shopping,3,403.98,1.65,1,0,0,0,1,0
5638.74,6,Shopping,4,3342.6,1.69,1,0,0,0,1,0
10.37,7,Travel,2,2042.74,0.01,1,0,1,3,1,1
6365.1,14,Money Transfer,3,6080.47,1.05,1,0,1,1,1,0
2131.72,13,Shopping,3,823.21,2.59,0,0,0,0,9,0
214.26,21,Food,3,432.62,0.5,0,0,0,0,7,0
73.53,21,Rent,3,1520.66,0.05,0,0,0,0,3,0
398.62,18,Food,3,460.81,0.87,1,0,0,0,1,0
3745.72,15,Money Transfer,4,846.35,4.43,0,0,0,0,7,0
269.93,13,Bills,3,542.37,0.5,0,0,0,0,4,0
1592.29,11,Bills,2,756.79,2.1,1,0,0,0,1,0
238.4,21,Money Transfer,2,501.98,0.47,0,0,0,1,2,0
6380.15,15,Money Transfer,5,5838.73,1.09,0,0,1,1,3,1
3012.49,15,Money Transfer,3,887.72,3.39,1,1,0,2,1,0
5322.77,9,Bills,3,1356.25,3.92,1,0,1,0,1,0
12302.86,5,Money Transfer,1,4419.84,2.78,0,1,0,0,2,0
1287.65,21,Shopping,3,2335.98,0.55,1,1,1,0,1,0
7059.16,11,Shopping,1,2032.38,3.47,1,0,1,0,1,0
2878.32,12,Money Transfer,2,2500.84,1.15,1,0,0,0,1,0
2914.78,7,Money Transfer,3,3477.1,0.84,0,0,0,0,7,0
1066.78,19,Bills,3,4081.85,0.26,0,0,0,0,5,0
2250.76,2,Shopping,4,2152.22,1.05,0,0,0,0,2,0
47.88,19,Money Transfer,4,4273.21,0.01,0,0,0,0,2,0
1798.12,8,Bills,2,1679.83,1.07,0,0,0,0,4,0
10.0,20,Bills,2,884.55,0.01,0,0,0,0,2,0
7823.92,17,Money Transfer,3,4117.63,1.9,1,0,0,0,1,1
8179.29,8,Money Transfer,6,1703.52,4.8,0,0,0,0,4,0
3326.25,14,Money Transfer,1,4558.67,0.73,1,0,0,0,1,0
278.16,11,Recharge,4,373.79,0.74,0,0,0,0,2,0
742.94,9,Shopping,2,1212.05,0.61,0,1,0,1,6,0
8469.57,19,Recharge,5,5614.98,1.51,1,0,0,0,1,0
492.32,12,Travel,1,816.99,0.6,0,0,0,0,4,0
25027.42,12,Food,3,5410.83,4.63,1,0,0,0,1,0
6114.55,8,Shopping,1,5838.59,1.05,0,0,0,0,14,0
3149.35,12,Money Transfer,2,4148.9,0.76,0,1,0,0,4,0
2148.39,19,Money Transfer,2,1792.83,1.2,0,0,0,0,10,0
1672.22,11,Shopping,1,2174.01,0.77,0,0,0,0,4,0
31.27,21,Food,3,3967.1,0.01,1,0,0,1,1,0
27475.31,21,Other,3,2992.17,9.18,0,1,0,0,8,0
7119.88,8,Food,4,2090.11,3.41,0,0,0,0,3,0
6174.19,9,Travel,1,7557.42,0.82,0,0,0,0,3,0
11092.93,19,Shopping,3,2383.2,4.65,0,0,0,2,2,0
5963.04,12,Money Transfer,4,6975.03,0.85,1,0,0,0,1,0
1659.89,0,Shopping,3,406.38,4.08,0,0,0,0,3,1
908.43,10,Food,2,569.31,1.6,0,0,0,0,2,0
1742.11,15,Recharge,3,1380.89,1.26,0,0,0,0,6,0
1154.16,18,Food,3,1174.69,0.98,1,0,0,0,1,0
4702.47,8,Shopping,3,3047.95,1.54,0,0,0,0,3,0
25254.93,7,Money Transfer,2,615.15,41.05,0,0,0,1,6,0
8844.22,20,Food,4,7020.62,1.26,1,0,0,0,1,0
19.07,17,Money Transfer,6,981.18,0.02,1,0,1,0,1,0
5391.01,15,Bills,4,1308.42,4.12,1,0,0,0,1,1
2219.97,18,Bills,4,878.22,2.53,0,0,0,0,3,0
1186.34,12,Food,2,1858.78,0.64,0,0,0,0,2,0
1379.98,18,Money Transfer,3,408.75,3.38,0,0,0,0,10,0
705.36,11,Rent,4,591.85,1.19,0,0,0,0,3,0
2776.96,10,Shopping,4,2765.32,1.0,0,0,1,0,3,0
827.84,17,Money Transfer,3,671.54,1.23,0,0,0,1,7,0
63.85,12,Money Transfer,4,783.39,0.08,1,0,0,0,1,0
14.57,22,Travel,4,3134.91,0.0,0,0,0,0,3,0
1368.57,11,Food,6,476.3,2.87,0,0,1,0,3,0
6060.87,20,Shopping,2,1335.57,4.54,1,0,0,0,1,0
530.21,21,Money Transfer,7,342.0,1.55,0,0,0,0,8,1
829.82,10,Shopping,4,1066.59,0.78,0,0,0,0,4,0
5299.9,18,Shopping,3,2461.05,2.15,0,0,0,0,7,0
34343.75,12,Bills,1,469.96,73.08,0,1,0,1,12,1
3732.26,20,Shopping,2,4246.05,0.88,0,0,0,0,2,0
3694.95,13,Money Transfer,4,4624.31,0.8,0,0,0,0,5,0
853.7,17,Shopping,3,499.66,1.71,0,0,0,0,3,0
1108.51,13,Education,1,8726.22,0.13,0,0,0,1,11,0
528.05,9,Food,3,935.67,0.56,1,0,0,0,1,0
480.26,9,Shopping,2,458.13,1.05,1,0,0,0,1,0
383.93,12,Money Transfer,2,309.14,1.24,1,0,0,3,1,1
776.51,18,Travel,2,1245.24,0.62,1,0,0,0,1,0
2245.69,15,Healthcare,3,2088.73,1.08,0,0,0,1,2,0
650.41,17,Shopping,2,1026.72,0.63,1,1,0,0,1,0
14863.43,10,Education,4,3562.09,4.17,1,0,0,0,1,0
2631.55,13,Recharge,2,2569.65,1.02,1,0,0,0,1,0
401.7,5,Recharge,2,1075.86,0.37,0,0,0,3,2,1
68647.0,18,Food,5,2685.76,25.56,1,0,0,0,1,1
5475.92,23,Food,2,5378.83,1.02,0,0,0,0,2,0
561.41,12,Money Transfer,2,475.89,1.18,1,0,0,0,1,0
1334.3,0,Bills,2,957.78,1.39,0,0,0,0,3,0
57319.69,8,Food,2,1420.26,40.36,1,0,0,0,1,1
1613.94,16,Travel,3,1540.44,1.05,1,0,0,3,1,0
7233.0,15,Money Transfer,4,1706.36,4.24,0,0,1,0,2,0
1601.69,18,Travel,2,943.63,1.7,0,0,0,0,6,0
70370.73,10,Bills,3,2280.71,30.85,0,0,0,0,5,0
1966.12,18,Shopping,4,2164.58,0.91,0,0,0,0,9,0
2004.07,17,Bills,3,1852.19,1.08,0,0,1,0,2,0
562.21,11,Food,5,517.38,1.09,0,0,0,0,2,0
1130.25,14,Bills,2,1466.6,0.77,0,1,0,1,10,0
2320.45,8,Money Transfer,1,1092.74,2.12,0,0,1,0,2,0
25440.42,13,Money Transfer,2,1515.69,16.78,1,0,0,0,1,1
18346.58,19,Recharge,2,4888.8,3.75,0,0,0,0,5,1
5272.39,12,Rent,3,1478.91,3.57,1,0,0,1,1,0
398.07,19,Bills,1,325.34,1.22,0,0,0,0,4,0
4054.79,15,Money Transfer,1,1339.94,3.03,1,0,0,0,1,0
3398.73,9,Money Transfer,1,3393.13,1.0,1,0,0,0,1,0
10543.08,15,Money Transfer,2,3025.93,3.48,0,0,0,0,2,0
6716.02,13,Food,4,1596.53,4.21,1,0,1,0,1,0
4080.45,12,Money Transfer,4,817.27,4.99,0,0,1,0,7,0
1438.98,7,Shopping,2,1426.18,1.01,0,0,0,0,4,0
7804.6,12,Rent,3,1792.97,4.35,0,0,0,0,2,0
17550.62,6,Shopping,3,15000.0,1.17,0,0,0,0,3,0
2126.45,7,Other,4,2159.98,0.98,0,0,0,0,4,0
2347.06,12,Healthcare,4,2433.07,0.96,0,0,1,0,4,0
35037.11,10,Money Transfer,1,1517.16,23.09,0,0,0,0,2,0
1086.82,20,Travel,3,1087.88,1.0,0,0,0,0,7,0
8922.6,11,Money Transfer,3,3317.51,2.69,0,0,0,0,8,0
6773.91,18,Travel,5,1529.51,4.43,1,0,0,0,1,0
41855.4,14,Bills,1,9728.74,4.3,0,0,0,0,7,0
1285.2,17,Healthcare,3,1399.56,0.92,0,0,0,0,4,0
350.93,10,Money Transfer,5,426.76,0.82,0,0,0,0,7,0
3309.0,21,Bills,1,2365.54,1.4,0,0,1,0,2,0
101.94,14,Rent,2,385.98,0.26,0,0,0,0,4,0
514.07,19,Other,1,819.03,0.63,1,0,0,0,1,0
866.59,11,Shopping,5,1085.79,0.8,0,0,1,0,4,0
12118.8,7,Food,2,2721.16,4.45,0,0,0,1,3,1
64312.33,16,Food,2,1527.03,42.12,0,0,0,0,2,1
698.07,0,Travel,2,352.32,1.98,0,0,0,0,4,0
1619.04,13,Shopping,1,2026.79,0.8,0,0,0,0,3,0
1549.44,9,Recharge,3,1254.13,1.24,0,0,0,0,5,0
5904.65,16,Shopping,2,4888.07,1.21,0,1,0,0,6,0
1190.19,22,Food,1,1546.09,0.77,0,0,0,1,5,0
2919.73,13,Shopping,2,2521.82,1.16,0,0,0,0,2,1
2202.15,18,Money Transfer,4,744.62,2.96,0,0,0,0,11,1
7385.04,13,Food,1,2876.13,2.57,0,0,0,0,3,0
10742.92,13,Money Transfer,5,2597.49,4.14,0,0,0,0,2,0
25.91,21,Shopping,5,4519.67,0.01,1,0,0,1,1,1
250.13,20,Shopping,4,361.93,0.69,0,0,0,0,13,0
930.67,18,Money Transfer,2,1367.95,0.68,0,0,0,0,3,0
28693.1,10,Bills,1,2346.24,12.23,1,0,0,0,1,1
77.91,14,Recharge,1,480.0,0.16,0,0,0,0,2,0
80061.08,9,Shopping,5,1251.58,63.97,0,0,0,0,2,0
23478.63,12,Money Transfer,3,5429.72,4.32,0,1,0,0,9,0
510.27,13,Shopping,2,1330.65,0.38,0,0,0,0,2,0
7418.17,19,Shopping,2,7908.71,0.94,0,0,0,1,2,0
494.64,20,Food,3,405.33,1.22,0,0,0,0,5,0
9366.69,12,Food,2,2577.44,3.63,0,0,0,0,2,0
3809.65,1,Shopping,2,1865.86,2.04,1,0,0,0,1,0
1754.92,19,Shopping,9,1549.61,1.13,0,0,0,0,5,0
6111.04,8,Shopping,5,6663.38,0.92,0,0,0,0,7,0
1145.75,15,Bills,1,549.95,2.08,1,0,1,0,1,0
3257.44,2,Other,4,4374.04,0.74,0,1,0,0,6,1
1436.89,12,Shopping,3,2415.35,0.59,0,0,0,1,2,0
431.73,22,Shopping,4,839.55,0.51,1,0,0,2,1,0
18147.66,7,Education,7,4474.95,4.06,1,1,0,0,1,1
1174.78,12,Recharge,2,1309.59,0.9,1,0,0,0,1,0
3853.4,11,Money Transfer,2,3329.82,1.16,0,0,0,0,2,0
36810.34,20,Shopping,2,1186.3,31.03,1,0,0,2,1,1
43184.88,19,Shopping,3,3726.02,11.59,1,0,0,0,1,0
2528.63,10,Food,6,2122.2,1.19,0,0,0,0,4,0
862.25,6,Money Transfer,3,573.67,1.5,0,0,0,0,4,0
480.47,16,Shopping,4,2187.95,0.22,0,0,1,0,5,0
2611.56,11,Food,3,682.29,3.83,1,0,0,0,1,0
3188.38,16,Shopping,5,1255.61,2.54,1,0,0,0,1,0
64.42,3,Bills,7,636.03,0.1,0,0,0,1,2,1
256.65,8,Money Transfer,1,340.07,0.75,0,0,0,0,2,0
865.81,17,Shopping,4,728.6,1.19,0,0,0,0,5,0
895.78,9,Food,1,1683.61,0.53,0,0,0,0,3,0
1601.86,19,Money Transfer,3,1482.48,1.08,0,0,0,0,8,0
30.65,5,Other,1,1553.06,0.02,1,0,0,0,1,1
500.62,9,Food,2,812.28,0.62,0,0,0,0,2,0
2993.49,23,Rent,2,2380.25,1.26,0,1,0,0,2,0
2426.65,12,Travel,2,2492.91,0.97,1,0,0,0,1,0
1298.01,17,Rent,5,1097.61,1.18,0,0,0,0,3,0
94.03,9,Recharge,3,4134.11,0.02,1,0,0,0,1,0
1864.45,15,Money Transfer,3,2159.2,0.86,0,0,0,2,4,0
3533.26,17,Food,7,2547.14,1.39,1,0,0,0,1,0
536.85,11,Shopping,2,884.67,0.61,0,0,0,0,6,0
266.79,19,Money Transfer,2,301.1,0.89,1,0,0,2,1,1
4158.47,15,Bills,4,3909.48,1.06,0,0,0,0,2,0
69.3,12,Bills,5,3411.05,0.02,1,0,0,1,1,0
282.21,14,Shopping,2,536.64,0.53,1,0,0,0,1,0
55272.0,15,Shopping,5,1143.43,48.34,0,0,1,0,4,1
1218.02,8,Bills,2,2248.96,0.54,0,0,0,0,5,0
10771.7,12,Recharge,2,2200.57,4.89,0,0,0,2,4,0
4105.89,11,Shopping,5,3843.51,1.07,0,0,0,0,2,0
239.34,12,Money Transfer,3,572.04,0.42,0,0,0,0,14,0
4953.64,18,Money Transfer,1,1311.62,3.78,0,0,0,0,2,0
381.16,13,Education,4,484.11,0.79,1,0,0,1,1,0
2850.93,21,Shopping,6,1188.54,2.4,0,0,0,0,16,1
38.9,10,Shopping,4,327.4,0.12,0,0,0,0,11,0
4066.96,12,Bills,2,4413.83,0.92,0,0,0,0,3,0
5482.21,18,Shopping,3,1647.76,3.33,1,0,0,0,1,0
55259.69,14,Money Transfer,4,3712.44,14.89,1,1,0,0,1,1
83782.69,14,Money Transfer,3,411.19,203.76,0,0,1,0,3,1
601.23,5,Money Transfer,1,764.52,0.79,0,1,0,1,5,0
700.77,12,Money Transfer,4,840.48,0.83,1,1,0,0,1,0
56434.41,10,Food,4,1180.0,47.83,0,0,0,0,4,1
6624.92,23,Shopping,3,3222.97,2.06,1,0,0,0,1,0
3296.41,11,Food,3,1179.6,2.79,0,0,0,0,6,0
2442.2,19,Bills,4,712.16,3.43,0,0,1,1,3,0
505.12,16,Bills,2,420.96,1.2,0,0,0,0,13,0
73.86,11,Shopping,7,449.09,0.16,0,1,0,0,4,0
37.8,14,Shopping,1,2869.16,0.01,0,0,1,0,2,0
2103.65,19,Rent,4,1359.18,1.55,1,0,0,0,1,0
3489.08,19,Money Transfer,3,2631.52,1.33,0,0,0,0,3,0
2234.36,8,Money Transfer,5,2363.89,0.95,1,0,0,0,1,0
24.22,11,Travel,6,561.8,0.04,0,0,0,0,7,0
67.78,11,Shopping,1,577.54,0.12,1,0,0,1,1,0
8700.9,4,Shopping,2,2834.21,3.07,0,0,0,0,6,1
53182.4,15,Money Transfer,4,2599.51,20.46,0,1,0,0,2,1
2428.91,19,Travel,1,1154.76,2.1,1,0,0,1,1,1
576.09,12,Shopping,3,445.05,1.29,0,1,0,0,2,0
27479.83,17,Food,6,321.91,85.36,0,0,0,0,4,1
1715.39,16,Rent,1,911.82,1.88,0,0,0,0,3,0
83804.2,11,Education,1,316.68,264.63,1,0,0,0,1,1
852.77,8,Recharge,2,770.63,1.11,1,0,0,1,1,0
941.18,17,Rent,8,1278.96,0.74,0,0,0,0,2,0
494.83,19,Shopping,9,533.0,0.93,0,0,1,0,2,1
192.78,17,Money Transfer,5,498.22,0.39,0,0,0,0,6,0
4422.23,1,Shopping,4,4381.64,1.01,0,0,0,0,3,0
1814.15,9,Travel,1,1885.1,0.96,1,0,0,1,1,0
6709.87,6,Bills,3,5205.05,1.29,1,1,0,1,1,0
1181.29,15,Travel,4,1063.89,1.11,1,0,0,0,1,0
9153.23,18,Bills,4,2334.99,3.92,0,0,0,0,4,0
748.64,7,Money Transfer,5,712.25,1.05,0,0,0,0,6,0
5529.56,19,Shopping,3,2033.81,2.72,0,0,0,0,5,0
66.61,14,Travel,3,549.81,0.12,0,0,0,0,5,0
53.95,17,Money Transfer,2,303.75,0.18,1,0,0,0,1,0
5032.96,22,Travel,4,5126.49,0.98,0,0,0,0,13,0
932.75,6,Rent,2,1757.0,0.53,1,0,0,1,1,0
20658.7,20,Shopping,1,5009.67,4.12,0,0,0,0,5,0
924.09,8,Other,1,1031.18,0.9,1,1,0,0,1,0
1035.8,12,Shopping,2,1014.92,1.02,1,0,0,0,1,0
3760.15,19,Other,2,1221.45,3.08,0,0,1,3,2,0
12327.8,20,Other,2,2503.77,4.92,1,0,1,0,1,1
1584.38,13,Bills,2,1801.69,0.88,0,0,0,0,2,0
3202.04,15,Food,3,4971.02,0.64,0,0,1,0,2,0
401.33,17,Food,6,346.39,1.16,0,0,0,0,3,0
10973.39,19,Education,3,2517.01,4.36,0,0,0,0,4,0
33666.46,7,Rent,1,1021.74,32.95,1,0,0,1,1,1
60786.58,18,Money Transfer,5,657.72,92.42,1,0,1,0,1,1
2207.81,13,Food,4,1585.48,1.39,0,0,0,0,5,0
90.52,13,Money Transfer,2,1565.99,0.06,0,0,1,0,3,0
469.64,12,Money Transfer,5,565.24,0.83,0,0,0,0,3,0
877.74,14,Money Transfer,1,705.93,1.24,0,0,0,0,12,0
940.49,21,Food,2,1244.15,0.76,0,1,0,0,2,0
2775.18,14,Education,2,1246.12,2.23,1,0,0,0,1,0
2150.24,21,Shopping,3,987.74,2.18,0,0,1,0,4,0
307.28,9,Recharge,5,589.46,0.52,0,0,0,0,5,0
119.77,17,Travel,4,307.89,0.39,0,0,1,0,2,0
4364.03,18,Bills,6,6625.96,0.66,0,0,0,0,4,0
4577.59,16,Food,1,5472.3,0.84,0,0,0,0,3,0
30709.88,15,Bills,3,1489.75,20.61,0,0,0,0,2,1
22211.89,14,Shopping,6,9855.7,2.25,1,0,1,0,1,0
2674.45,19,Bills,3,2315.64,1.15,1,0,0,0,1,0
401.26,18,Shopping,2,428.42,0.94,0,0,0,0,2,0
1958.78,7,Education,3,525.44,3.73,0,0,0,0,2,0
4467.25,19,Other,2,4760.87,0.94,0,0,0,0,6,0
2457.48,12,Rent,2,2089.91,1.18,1,0,1,0,1,0
2785.04,10,Shopping,1,3634.82,0.77,1,1,0,0,1,0
3997.3,19,Bills,2,4413.77,0.91,1,0,0,0,1,0
1977.92,12,Rent,3,1369.38,1.44,0,0,0,0,4,0
517.36,18,Education,1,389.54,1.33,0,0,0,0,3,0
567.24,10,Shopping,3,675.48,0.84,0,0,0,0,3,0
330.77,0,Shopping,6,424.0,0.78,1,0,0,0,1,0
2128.72,13,Other,3,676.5,3.15,0,0,0,0,3,1
1053.43,7,Travel,4,1251.37,0.84,0,0,1,0,5,0
330.27,17,Bills,2,526.42,0.63,0,0,0,0,4,0
902.53,10,Money Transfer,5,628.32,1.44,0,0,0,0,2,0
4859.75,12,Travel,2,1362.48,3.57,1,0,0,0,1,0
50.65,6,Food,3,1048.39,0.05,0,0,0,0,6,0
1973.93,10,Food,1,1434.84,1.38,0,0,0,0,3,0
1359.62,18,Travel,3,1309.2,1.04,0,0,0,0,7,0
1467.98,8,Food,4,2161.5,0.68,0,0,0,3,2,1
6206.29,16,Money Transfer,4,5281.74,1.18,1,1,0,2,1,0
34.02,20,Rent,3,505.45,0.07,0,0,0,2,2,0
2242.44,16,Bills,4,488.17,4.59,0,0,0,0,2,1
35.84,18,Shopping,5,3748.81,0.01,0,0,1,0,3,0
3977.66,7,Travel,3,1570.84,2.53,0,0,0,0,5,0
2473.69,10,Shopping,4,2917.5,0.85,1,0,0,0,1,0
3073.21,20,Food,3,736.7,4.17,1,0,1,0,1,0
3165.99,17,Travel,2,3477.52,0.91,1,0,0,0,1,0
6885.83,16,Shopping,2,4935.01,1.4,0,0,0,0,8,0
1937.22,16,Shopping,1,2116.53,0.92,1,0,0,0,1,0
356.61,12,Shopping,2,501.45,0.71,0,0,0,1,2,0
4780.52,5,Food,1,4361.89,1.1,0,0,0,0,2,0
9357.29,18,Bills,1,3130.62,2.99,0,0,0,0,3,0
3692.08,16,Shopping,4,2801.66,1.32,0,0,0,0,6,0
630.72,13,Travel,3,367.36,1.72,1,0,0,0,1,0
1912.88,20,Money Transfer,5,3187.68,0.6,1,0,1,1,1,0
2654.75,11,Money Transfer,2,567.2,4.68,0,0,0,0,2,0
962.25,10,Recharge,4,752.75,1.28,0,0,0,0,2,0
3778.3,19,Money Transfer,3,1849.26,2.04,0,0,0,0,2,0
1252.88,18,Money Transfer,3,854.15,1.47,0,0,1,0,2,0
2052.07,14,Shopping,3,2249.01,0.91,0,0,0,0,6,0
1213.13,8,Shopping,5,1986.01,0.61,0,0,0,0,6,0
55466.79,9,Rent,3,506.02,109.61,0,0,0,0,5,1
2336.0,16,Shopping,5,2220.88,1.05,0,0,0,0,4,0
3727.47,12,Food,3,4937.57,0.75,1,0,0,1,1,0
2692.16,19,Money Transfer,5,616.22,4.37,1,0,0,0,1,0
2206.36,21,Food,3,1936.15,1.14,0,0,1,0,4,0
873.51,18,Shopping,4,1053.02,0.83,0,1,0,0,3,0
1807.97,12,Rent,4,1407.84,1.28,0,0,0,0,4,0
890.89,18,Food,4,908.89,0.98,0,0,0,0,4,0
18755.73,11,Healthcare,6,1086.88,17.26,0,0,0,0,7,0
237.55,8,Shopping,2,352.81,0.67,0,0,0,0,3,0
9056.66,3,Recharge,5,7487.01,1.21,1,0,0,0,1,1
1180.15,12,Food,3,2064.53,0.57,1,0,0,0,1,0
6272.89,20,Food,3,1550.21,4.05,0,0,0,0,2,0
70.2,10,Money Transfer,5,1171.28,0.06,0,0,0,1,4,0
6817.61,9,Shopping,1,1695.31,4.02,1,0,0,1,1,1
35736.57,22,Shopping,2,1160.77,30.79,1,0,0,1,1,1
742.01,2,Food,3,1103.06,0.67,0,0,1,0,19,1
3601.16,18,Money Transfer,2,1422.34,2.53,0,0,0,1,2,0
52434.72,11,Recharge,3,881.29,59.5,1,1,0,0,1,1
492.92,4,Money Transfer,5,657.32,0.75,1,0,0,0,1,1
93.47,20,Shopping,5,1763.93,0.05,0,0,0,0,6,0
7854.04,8,Travel,2,3630.03,2.16,0,0,0,0,5,0
818.75,14,Rent,3,598.53,1.37,0,0,0,0,3,0
319.56,10,Food,3,359.91,0.89,0,0,0,4,3,0
911.5,6,Travel,3,810.19,1.13,0,0,0,0,9,0
9937.7,5,Recharge,3,7316.67,1.36,1,0,0,0,1,0
3498.98,7,Bills,2,3476.42,1.01,0,0,0,0,2,0
2543.14,6,Travel,4,1930.82,1.32,1,0,0,0,1,0
21851.99,18,Travel,1,5067.46,4.31,0,0,0,1,2,1
1616.64,13,Healthcare,6,1360.72,1.19,0,0,0,0,2,0
11874.91,11,Rent,3,7664.13,1.55,0,0,0,1,9,0
45.49,12,Shopping,3,932.53,0.05,0,1,0,0,2,0
1008.42,20,Rent,2,794.71,1.27,0,0,0,0,6,0
10374.35,20,Shopping,5,2129.24,4.87,0,0,0,0,5,1
5048.56,17,Food,4,1155.11,4.37,1,1,0,0,1,0
2068.22,19,Food,3,2072.06,1.0,0,0,1,0,10,0
1080.32,11,Food,2,954.91,1.13,0,0,0,1,3,0
49.8,12,Shopping,2,2031.82,0.02,0,0,0,0,3,0
3130.95,15,Travel,3,880.7,3.56,1,0,0,1,1,1
317.14,16,Money Transfer,2,394.17,0.8,0,0,0,0,4,0
2399.34,13,Food,2,4677.54,0.51,1,0,0,0,1,0
50314.03,12,Food,2,4165.21,12.08,1,1,0,0,1,1
7280.02,22,Money Transfer,4,6660.34,1.09,1,0,0,0,1,0
49897.3,18,Shopping,5,2569.15,19.42,0,0,0,0,2,1
3982.03,12,Shopping,2,2366.35,1.68,0,0,0,0,5,0
4863.17,17,Bills,4,1773.69,2.74,0,0,0,0,4,0
32529.67,10,Recharge,2,542.3,59.98,1,0,0,0,1,1
522.9,7,Food,4,677.6,0.77,0,0,1,0,5,0
912.04,11,Shopping,1,915.14,1.0,0,1,0,0,2,0
3964.11,12,Money Transfer,6,4275.66,0.93,1,0,0,2,1,1
220.42,1,Travel,1,641.84,0.34,1,0,0,1,1,1
7786.18,18,Bills,5,4912.15,1.59,0,0,0,0,5,0
4992.82,11,Shopping,2,1631.62,3.06,0,0,0,1,4,0
3131.14,15,Shopping,5,2563.08,1.22,1,0,0,0,1,1
496.17,6,Travel,6,510.26,0.97,1,0,0,0,1,0
1162.03,8,Money Transfer,3,864.1,1.34,1,0,0,1,1,0
3636.39,20,Rent,3,6028.52,0.6,0,1,0,0,5,0
27429.78,15,Shopping,2,857.01,32.01,0,0,0,0,8,1
594.71,21,Food,2,933.09,0.64,0,0,0,0,3,0
2136.44,23,Education,5,696.26,3.07,1,0,0,0,1,1
603.6,11,Healthcare,4,548.76,1.1,0,0,1,0,2,1
725.41,10,Food,2,778.09,0.93,0,0,0,0,19,0
7695.41,19,Money Transfer,4,2150.64,3.58,0,0,0,0,8,0
86.82,23,Shopping,5,1393.76,0.06,0,0,0,0,14,0
2312.94,16,Food,2,1752.4,1.32,0,0,0,0,4,0
1815.98,18,Money Transfer,2,534.94,3.39,0,0,0,0,2,0
7675.8,18,Food,3,3216.14,2.39,0,0,0,0,7,0
1310.12,11,Money Transfer,3,3059.25,0.43,0,0,0,0,7,0
878.55,15,Shopping,2,339.29,2.59,1,0,0,0,1,0
1213.5,19,Shopping,2,1170.7,1.04,0,0,0,0,5,0
70.02,17,Money Transfer,2,428.25,0.16,0,0,0,0,8,0
11552.1,1,Shopping,5,3127.31,3.69,0,1,1,0,7,1
3070.4,11,Shopping,3,2705.93,1.13,0,0,0,0,4,0
3099.24,8,Other,2,4480.8,0.69,0,0,0,0,3,0
575.92,9,Money Transfer,4,785.49,0.73,0,0,0,0,5,0
1361.61,20,Food,1,1396.83,0.97,0,0,0,1,3,1
987.91,4,Education,2,667.09,1.48,0,0,0,0,2,0
810.83,9,Other,2,1135.2,0.71,1,0,0,0,1,0
37.58,11,Food,5,1629.58,0.02,0,0,0,0,3,0
296.92,15,Bills,3,398.65,0.74,0,0,0,1,2,0
76.54,14,Money Transfer,1,2558.66,0.03,0,0,1,0,3,0
2337.7,9,Money Transfer,1,1710.69,1.37,1,0,0,2,1,1
3157.9,8,Money Transfer,2,3478.53,0.91,0,0,0,0,3,0
152.07,9,Travel,2,870.87,0.17,0,0,0,0,4,0
5818.68,13,Travel,3,4505.45,1.29,0,0,0,0,5,0
11855.52,10,Money Transfer,3,12253.76,0.97,0,0,0,0,3,0
3139.42,21,Shopping,5,4830.6,0.65,0,0,0,1,4,1
9369.4,13,Food,1,3008.27,3.11,1,0,0,1,1,0
7353.48,5,Shopping,1,3311.9,2.22,1,0,0,0,1,0
8154.77,17,Food,3,1834.89,4.44,1,0,0,0,1,0
55569.65,11,Travel,3,679.64,81.76,0,0,1,0,6,1
1961.15,16,Travel,2,2334.41,0.84,0,0,1,0,3,0
1658.21,10,Bills,2,2545.34,0.65,0,0,0,0,2,0
8083.78,15,Education,2,7906.29,1.02,0,0,0,0,5,0
4402.3,18,Money Transfer,6,1702.85,2.59,1,0,0,0,1,0
722.67,20,Travel,8,869.86,0.83,1,0,0,0,1,0
2757.94,10,Food,4,2371.76,1.16,0,0,0,0,2,0
37.88,11,Shopping,3,7286.32,0.01,1,0,0,0,1,0
370.72,13,Shopping,2,651.11,0.57,0,0,0,0,2,0
595.14,20,Rent,4,1010.14,0.59,0,0,0,0,11,0
2644.12,20,Money Transfer,2,1705.13,1.55,0,0,0,0,3,0
1252.06,7,Food,3,635.86,1.97,0,0,1,2,3,0
137.17,8,Bills,5,340.45,0.4,0,0,0,1,3,0
935.74,13,Shopping,3,1039.72,0.9,0,0,0,0,2,0
3281.81,7,Shopping,2,3909.42,0.84,0,0,0,0,11,0
1844.35,11,Healthcare,2,379.99,4.85,0,0,0,0,11,0
1017.1,8,Shopping,3,1308.44,0.78,0,0,0,0,5,0
50421.73,16,Money Transfer,4,2885.39,17.47,1,0,0,0,1,0
17.26,21,Food,1,5810.7,0.0,0,0,0,0,6,0
44.69,23,Food,4,7917.44,0.01,1,1,0,0,1,1
46.28,11,Shopping,2,1286.63,0.04,0,0,0,0,3,0
6955.68,15,Shopping,1,5706.21,1.22,0,0,0,0,2,0
474.3,19,Shopping,3,364.91,1.3,1,0,1,0,1,0
2787.8,7,Food,3,2766.17,1.01,0,0,0,0,7,0
60717.88,17,Food,1,2152.76,28.2,0,0,0,0,10,0
3809.16,12,Shopping,4,816.68,4.66,0,0,0,0,7,0
6445.53,9,Food,1,1574.21,4.09,1,1,0,0,1,0
82.73,12,Bills,4,549.75,0.15,0,0,0,0,2,0
8294.85,6,Shopping,3,3994.65,2.08,0,1,0,0,9,0
1049.52,17,Money Transfer,1,1097.41,0.96,1,0,0,0,1,0
1332.39,10,Travel,3,2070.51,0.64,0,0,1,0,3,0
843.26,11,Rent,3,611.22,1.38,0,0,0,0,2,0
825.77,7,Money Transfer,5,715.58,1.15,1,1,0,0,1,0
41520.67,19,Food,4,8981.17,4.62,0,0,0,0,7,0
3129.29,13,Recharge,2,2817.69,1.11,1,0,0,0,1,0
9437.67,15,Bills,2,6184.97,1.53,0,0,0,1,3,0
565.36,14,Food,4,931.38,0.61,0,0,0,0,2,0
301.57,12,Travel,3,623.64,0.48,0,0,0,0,2,0
1380.81,9,Money Transfer,4,1558.75,0.89,1,0,1,0,1,1
1406.35,17,Food,1,1528.57,0.92,0,0,0,0,3,0
324.7,8,Money Transfer,4,646.15,0.5,0,0,0,3,13,0
2699.49,7,Shopping,3,2678.39,1.01,0,0,0,0,6,0
1199.06,17,Travel,6,1108.32,1.08,0,0,0,0,4,0
41180.03,9,Food,2,671.24,61.35,0,0,0,0,4,0
773.35,10,Money Transfer,3,1026.2,0.75,0,0,0,0,6,0
805.75,13,Recharge,4,1792.79,0.45,0,0,0,0,2,0
3034.9,13,Shopping,4,2633.43,1.15,0,0,0,0,3,0
1090.71,17,Money Transfer,8,1483.62,0.74,0,0,0,0,7,0
37162.41,16,Shopping,1,1642.25,22.63,0,0,0,1,4,1
502.52,16,Bills,5,569.28,0.88,1,0,0,0,1,0
18318.08,17,Travel,4,4730.65,3.87,0,0,0,0,5,0
23330.36,10,Money Transfer,5,5054.16,4.62,1,0,0,0,1,0
1280.64,11,Travel,3,2370.36,0.54,0,0,0,0,6,0
428.19,12,Money Transfer,2,332.02,1.29,0,0,0,0,5,0
2495.44,11,Bills,3,1686.34,1.48,0,0,0,0,5,0
1496.09,22,Money Transfer,2,2085.86,0.72,1,0,0,0,1,1
8590.13,18,Money Transfer,1,9716.61,0.88,0,0,0,0,11,0
11824.17,8,Recharge,3,10269.01,1.15,0,0,0,0,3,0
4241.99,0,Rent,3,3808.55,1.11,0,0,1,1,5,1
425.77,4,Shopping,3,418.73,1.02,0,0,0,0,3,0
17.79,10,Food,6,5814.31,0.0,0,0,0,0,2,0
49804.21,7,Healthcare,5,2007.22,24.81,1,0,0,0,1,0
3892.79,14,Money Transfer,3,3204.99,1.21,1,0,0,0,1,0
91.85,19,Shopping,1,1241.2,0.07,0,0,1,0,3,0
644.72,17,Money Transfer,5,993.32,0.65,1,0,0,0,1,0
1711.33,9,Money Transfer,3,1419.98,1.21,0,1,0,0,3,0
1762.21,12,Shopping,4,585.93,3.01,0,0,0,0,3,0
547.2,13,Food,2,1095.08,0.5,0,0,0,1,2,0
9225.4,18,Other,5,3808.63,2.42,1,0,0,0,1,0
981.28,19,Money Transfer,5,369.64,2.65,0,0,1,0,2,0
500.6,20,Money Transfer,4,594.39,0.84,0,0,0,0,6,0
396.08,14,Money Transfer,3,540.6,0.73,0,0,0,0,2,0
1347.28,17,Shopping,1,1228.74,1.1,0,0,0,0,2,0
9377.59,7,Education,5,10748.62,0.87,0,0,1,0,3,0
724.02,14,Money Transfer,3,642.69,1.13,0,0,0,0,3,0
593.28,10,Money Transfer,3,582.99,1.02,1,0,0,0,1,0
10.0,12,Food,3,4738.37,0.0,1,0,1,0,1,0
2761.92,16,Money Transfer,5,4147.5,0.67,0,0,0,0,2,0
199.82,10,Food,3,358.99,0.56,0,0,0,0,2,0
16328.33,5,Shopping,4,2807.65,5.82,0,0,0,0,2,0
5787.64,0,Bills,3,2218.01,2.61,0,0,0,0,2,0
1689.48,2,Healthcare,3,2927.82,0.58,1,0,0,0,1,0
1218.07,0,Food,6,1527.98,0.8,0,0,0,0,2,0
7993.45,7,Healthcare,2,8856.44,0.9,0,0,1,0,5,0
348.11,10,Shopping,4,380.71,0.91,0,0,0,0,3,0
2126.93,9,Money Transfer,2,780.7,2.72,0,0,0,0,6,0
44982.99,22,Food,3,1209.15,37.2,0,0,1,2,9,1
1479.12,10,Food,2,1375.38,1.08,0,0,0,0,8,0
20.9,8,Money Transfer,3,4877.34,0.0,1,0,0,0,1,0
561.36,14,Money Transfer,4,1777.78,0.32,0,0,0,0,2,0
80.95,19,Shopping,7,383.09,0.21,0,0,0,0,3,0
6113.32,16,Money Transfer,1,1243.23,4.92,0,0,0,0,6,0
1742.91,10,Shopping,3,1269.65,1.37,0,0,0,0,3,0
5018.14,14,Travel,2,6359.76,0.79,1,0,0,0,1,0
2859.89,17,Shopping,7,1945.71,1.47,0,0,0,0,3,0
1921.85,17,Shopping,3,2117.36,0.91,1,0,0,0,1,0
3551.65,16,Food,3,2548.48,1.39,0,0,0,0,6,0
14442.23,19,Food,2,2945.72,4.9,0,0,1,0,3,1
1470.53,19,Education,5,2114.4,0.7,0,0,0,0,3,0
1443.48,15,Food,1,787.35,1.83,1,0,0,0,1,0
1826.92,12,Money Transfer,4,4029.31,0.45,0,1,0,0,3,0
8274.85,16,Bills,3,2670.99,3.1,0,0,0,0,3,0
2950.66,18,Food,4,2737.73,1.08,0,0,1,3,3,0
11931.19,0,Shopping,3,10508.41,1.14,0,0,0,0,6,0
4174.24,23,Food,5,3219.87,1.3,0,0,0,0,5,0
4313.34,9,Recharge,2,3480.56,1.24,0,0,0,0,3,0
4434.79,13,Money Transfer,1,5743.64,0.77,0,0,0,2,7,1
653.57,19,Rent,4,594.94,1.1,0,0,0,1,2,0
5119.37,9,Shopping,3,1539.5,3.33,0,0,0,0,2,0
5029.86,13,Shopping,1,1863.93,2.7,0,0,0,0,3,0
2411.02,8,Money Transfer,2,1018.91,2.37,0,0,0,0,2,0
3744.21,12,Food,2,3591.95,1.04,0,0,0,0,2,0
3324.0,9,Shopping,4,2887.05,1.15,1,0,0,1,1,0
19.12,11,Recharge,3,2597.02,0.01,0,0,0,0,3,0
38013.94,11,Bills,3,10848.43,3.5,1,0,0,2,1,1
714.41,23,Food,2,840.49,0.85,1,0,0,0,1,0
76103.88,23,Bills,2,2693.55,28.25,1,0,0,0,1,0
1481.18,7,Shopping,3,1742.94,0.85,0,0,0,0,4,0
963.9,17,Money Transfer,2,975.73,0.99,1,0,0,0,1,0
835.76,5,Food,1,615.09,1.36,0,0,0,0,11,0
5029.93,3,Bills,5,4372.05,1.15,0,0,0,4,4,1
422.33,7,Bills,5,1928.99,0.22,0,0,0,0,2,0
3066.52,22,Rent,5,3436.66,0.89,0,0,0,0,3,0
2121.49,21,Healthcare,3,1718.79,1.23,1,0,0,0,1,0
640.67,9,Shopping,3,747.18,0.86,0,0,1,0,6,0
1135.77,8,Education,2,1041.26,1.09,1,0,0,0,1,0
2779.82,10,Other,5,1164.94,2.39,1,0,0,0,1,0
6853.86,14,Shopping,3,6797.11,1.01,0,0,0,0,4,0
363.37,14,Travel,5,310.17,1.17,0,0,1,0,2,0
6589.85,9,Shopping,3,7941.22,0.83,0,0,0,0,3,0
31657.68,18,Money Transfer,2,7383.68,4.29,0,1,1,1,6,1
14132.66,11,Money Transfer,7,10307.8,1.37,0,0,0,0,5,1
4123.49,20,Food,4,1465.3,2.81,0,0,0,0,2,0
4275.76,16,Recharge,5,6274.1,0.68,0,0,0,0,6,0
1422.28,12,Travel,1,1206.33,1.18,0,0,0,0,2,0
1356.05,18,Money Transfer,6,347.96,3.9,0,0,0,0,2,1
734.04,18,Bills,3,757.29,0.97,0,0,0,0,3,0
66513.24,10,Healthcare,2,5530.48,12.03,1,0,0,0,1,0
489.27,11,Shopping,6,324.95,1.51,0,0,0,0,3,0
2156.59,21,Other,3,1721.36,1.25,0,0,0,2,3,0
488.96,8,Shopping,1,441.5,1.11,0,1,0,1,6,0
794.07,4,Bills,3,907.37,0.88,0,0,0,0,2,0
954.7,13,Rent,1,465.99,2.05,1,0,0,0,1,0
17948.15,18,Shopping,4,3832.95,4.68,0,0,1,0,2,1
24.5,18,Money Transfer,2,1909.58,0.01,0,0,0,0,4,0
21358.6,20,Food,1,4482.97,4.76,0,0,0,0,3,0
1880.89,14,Money Transfer,3,2398.59,0.78,1,0,0,0,1,0
6784.08,7,Shopping,1,6674.64,1.02,0,0,0,0,2,0
1997.76,15,Food,1,1583.58,1.26,1,0,0,0,1,0
1240.12,18,Recharge,3,2132.54,0.58,0,0,0,0,4,0
1229.59,7,Money Transfer,1,1845.75,0.67,0,0,0,0,7,0
1033.57,8,Shopping,5,1491.88,0.69,1,0,0,1,1,0
12249.9,0,Money Transfer,3,3666.97,3.34,0,0,0,0,3,0
9595.32,15,Shopping,4,2161.74,4.44,0,0,0,0,3,0
3165.68,20,Bills,5,3208.84,0.99,0,0,0,0,2,0
3266.15,16,Bills,5,3078.27,1.06,0,0,0,0,2,0
747.25,22,Food,5,681.62,1.1,0,0,0,1,4,0
4083.29,6,Money Transfer,2,2190.52,1.86,0,1,0,0,2,0
475.84,20,Bills,3,700.87,0.68,0,0,1,0,8,0
85.44,18,Food,1,1875.79,0.05,0,0,0,0,3,0
2384.57,11,Bills,2,2336.61,1.02,1,0,0,1,1,0
6784.67,22,Food,4,10903.33,0.62,0,0,0,0,9,0
172.29,10,Bills,1,355.83,0.48,1,0,0,0,1,0
205.2,20,Food,2,472.22,0.43,0,0,0,0,5,0
89.26,19,Money Transfer,4,444.28,0.2,0,0,0,0,3,0
2043.39,18,Healthcare,3,1214.58,1.68,0,0,1,0,4,0
2962.66,14,Food,2,3402.59,0.87,0,0,0,0,3,0
63941.61,7,Food,2,3644.87,17.54,1,0,0,0,1,1
2246.27,14,Shopping,2,2703.94,0.83,0,0,0,0,2,0
4097.57,11,Food,1,4389.32,0.93,0,0,0,0,3,0
1188.76,18,Food,2,1001.78,1.19,0,0,1,0,3,0
46.51,18,Shopping,3,466.11,0.1,0,0,0,0,11,0
482.9,20,Shopping,1,407.84,1.18,0,0,0,1,3,0
11556.81,1,Food,3,3740.59,3.09,1,0,0,0,1,0
2369.14,18,Bills,3,2659.71,0.89,1,0,0,0,1,0
2193.3,21,Food,2,2458.86,0.89,0,0,0,0,5,0
946.03,18,Shopping,3,1047.05,0.9,0,0,0,0,7,0
697.31,8,Food,5,1160.19,0.6,0,0,0,0,3,0
12335.82,6,Shopping,1,6011.03,2.05,0,0,0,0,2,0
369.84,1,Money Transfer,4,418.68,0.88,0,0,0,0,6,0
14398.89,16,Shopping,3,2974.86,4.84,1,0,0,2,1,1
2048.38,16,Shopping,3,966.96,2.12,0,0,0,0,2,0
259.46,23,Shopping,5,371.71,0.7,0,0,1,0,2,0
3416.43,12,Money Transfer,4,2742.61,1.25,1,0,0,1,1,1
78.79,11,Shopping,3,1023.31,0.08,0,0,0,0,4,0
11865.29,16,Money Transfer,6,2605.2,4.55,1,0,0,0,1,0
1846.68,19,Money Transfer,2,2513.67,0.73,0,0,0,0,2,0
30.17,21,Money Transfer,1,1677.47,0.02,0,0,1,0,2,0
4382.7,18,Money Transfer,2,3004.06,1.46,0,0,0,0,3,0
1975.52,12,Bills,4,1865.96,1.06,1,1,1,0,1,1
601.97,16,Shopping,1,907.98,0.66,0,0,0,0,2,0
4211.44,19,Money Transfer,1,2684.45,1.57,1,0,0,0,1,0
3402.75,13,Shopping,2,1901.1,1.79,1,0,1,0,1,0
257.73,9,Shopping,2,323.06,0.8,0,0,0,0,4,0
6001.59,8,Food,2,4474.49,1.34,1,0,0,0,1,0
1950.79,0,Food,1,1719.97,1.13,1,0,1,0,1,0
5190.31,17,Education,2,3953.49,1.31,0,0,0,2,5,0
73244.62,7,Food,2,4158.0,17.62,1,0,0,0,1,1
4475.33,10,Healthcare,4,1359.71,3.29,0,0,0,1,7,0
5249.36,10,Shopping,2,1575.45,3.33,0,0,0,0,4,0
5850.67,14,Shopping,4,1267.38,4.62,1,0,0,0,1,0
46820.5,12,Shopping,2,1374.26,34.07,0,0,0,0,2,0
22102.02,16,Shopping,1,4359.36,5.07,0,0,0,0,9,0
5300.13,5,Food,1,3093.33,1.71,0,0,0,0,3,0
666.75,8,Food,4,543.5,1.23,0,0,0,0,3,0
2140.4,13,Shopping,2,1996.32,1.07,0,0,0,0,3,0
66634.73,11,Healthcare,4,10197.1,6.53,0,0,0,0,2,1
1376.16,10,Bills,3,1929.41,0.71,1,0,1,0,1,0
64.66,6,Rent,4,3074.12,0.02,1,0,0,0,1,0
11584.98,20,Shopping,3,2938.09,3.94,0,0,0,0,4,1
78.92,17,Shopping,2,1076.29,0.07,0,0,0,0,7,0
1710.17,7,Shopping,2,1136.96,1.5,0,0,0,0,2,0
1653.24,6,Shopping,5,2617.74,0.63,0,0,0,0,2,0
1085.51,22,Money Transfer,3,1547.61,0.7,0,0,0,0,14,0
623.52,16,Shopping,7,1821.54,0.34,1,0,1,0,1,0
10799.64,12,Money Transfer,4,2546.3,4.24,0,0,0,0,2,1
4253.66,17,Other,5,3005.7,1.42,0,0,0,0,2,0
4220.04,18,Travel,3,870.22,4.85,1,0,0,0,1,0
19003.46,18,Healthcare,6,585.76,32.44,0,0,1,1,2,1
266.13,13,Shopping,3,921.04,0.29,1,0,0,0,1,0
2399.94,12,Money Transfer,4,1575.01,1.52,1,0,0,0,1,0
1359.36,0,Food,5,1053.78,1.29,0,0,0,0,4,0
46696.89,20,Shopping,3,1812.31,25.77,0,0,0,0,5,0
10.0,15,Shopping,1,398.91,0.03,0,0,0,0,7,0
1954.12,9,Travel,1,1583.11,1.23,0,0,1,1,8,0
42.31,20,Food,3,1125.92,0.04,0,0,0,0,6,0
61.42,20,Money Transfer,3,1677.0,0.04,1,0,0,1,1,0
1069.62,23,Money Transfer,2,1288.39,0.83,1,0,0,1,1,0
2475.76,19,Money Transfer,4,901.9,2.75,1,0,0,0,1,0
2741.18,23,Shopping,3,4520.16,0.61,0,0,0,0,2,0
1043.35,10,Money Transfer,2,667.7,1.56,1,0,0,0,1,0
2898.78,19,Shopping,5,2358.68,1.23,0,0,0,0,3,1
6810.16,18,Shopping,1,4953.97,1.37,0,0,0,0,4,0
43759.97,9,Healthcare,1,1692.55,25.85,1,0,0,0,1,1
19135.19,7,Food,2,4063.39,4.71,0,0,0,0,3,0
1855.36,22,Travel,5,540.05,3.44,1,0,0,0,1,0
4765.06,10,Money Transfer,2,1525.44,3.12,0,0,0,0,2,0
1187.96,19,Money Transfer,4,1399.25,0.85,1,0,0,0,1,0
138.14,0,Shopping,1,314.67,0.44,0,0,0,0,19,0
1848.15,1,Shopping,5,1354.17,1.36,0,0,0,0,8,0
1228.94,13,Shopping,1,1128.89,1.09,1,0,0,0,1,0
3913.99,10,Bills,4,2294.5,1.71,0,0,0,0,7,0
4414.44,17,Travel,3,5314.72,0.83,0,0,0,0,2,0
677.4,14,Food,2,461.45,1.47,0,0,0,0,3,0
1042.45,6,Money Transfer,1,1014.09,1.03,0,1,0,0,3,0
955.45,8,Recharge,2,1356.79,0.7,0,0,0,0,4,0
1575.65,12,Shopping,3,1393.16,1.13,0,0,0,3,2,0
361.22,9,Rent,3,2983.46,0.12,1,0,0,1,1,0
20032.29,18,Money Transfer,6,1354.62,14.79,0,0,0,0,2,1
311.28,12,Bills,4,349.57,0.89,0,0,0,0,3,0
12547.94,7,Other,4,2528.82,4.96,0,0,0,0,3,0
12637.44,13,Shopping,2,4190.42,3.02,0,0,0,0,5,0
2244.48,7,Education,2,1598.43,1.4,1,0,1,0,1,1
8253.15,8,Bills,1,1866.26,4.42,0,0,0,0,13,0
261.35,10,Shopping,6,620.14,0.42,0,0,0,0,14,0
3542.88,19,Money Transfer,3,748.72,4.73,1,0,0,1,1,1
64282.03,20,Money Transfer,2,782.58,82.14,0,0,0,1,2,1
699.14,19,Other,2,1314.16,0.53,0,0,0,0,3,0
5274.29,11,Shopping,6,5039.59,1.05,0,0,0,1,2,0
1778.44,10,Bills,3,1627.85,1.09,0,0,1,0,2,0
404.13,14,Money Transfer,4,683.97,0.59,0,0,0,0,2,0
795.61,17,Travel,2,856.86,0.93,0,0,1,0,4,0
1133.23,23,Money Transfer,4,1172.16,0.97,0,0,1,0,2,1
4857.85,8,Food,7,2057.16,2.36,0,0,0,0,2,0
71034.55,5,Bills,6,1343.78,52.86,0,0,0,4,3,1
10.0,17,Bills,3,1196.96,0.01,0,0,0,0,10,0
1165.6,19,Education,4,1797.21,0.65,0,0,0,0,3,0
1716.15,19,Shopping,2,798.34,2.15,1,0,0,0,1,1
277.88,16,Travel,4,447.94,0.62,0,0,0,2,2,0
30271.68,21,Shopping,5,344.49,87.87,0,0,0,0,2,0
103.7,14,Money Transfer,3,820.85,0.13,0,0,0,0,4,0
236.39,20,Food,1,472.91,0.5,0,0,0,1,2,0
902.15,22,Money Transfer,3,1037.98,0.87,0,0,0,2,4,0
3102.66,19,Money Transfer,1,2968.52,1.05,0,0,0,0,6,0
1784.46,11,Other,3,2567.67,0.69,1,0,0,0,1,0
35.72,9,Shopping,2,1999.18,0.02,0,0,0,0,5,0
16452.7,14,Travel,4,3745.07,4.39,0,0,0,2,4,1
1113.11,13,Money Transfer,2,896.48,1.24,0,0,0,0,5,0
4952.25,19,Shopping,7,4193.92,1.18,0,0,0,1,9,0
10.0,7,Shopping,2,1217.21,0.01,0,0,0,0,2,0
949.24,10,Healthcare,4,1222.17,0.78,0,0,0,1,2,1
5606.82,17,Education,6,1235.61,4.54,1,0,0,0,1,0
47.68,7,Recharge,2,485.84,0.1,0,0,0,0,2,0
42.05,11,Other,1,6975.65,0.01,0,1,1,0,2,0
684.56,12,Shopping,2,568.36,1.2,0,0,0,0,6,0
835.76,15,Money Transfer,2,1050.35,0.8,1,0,0,0,1,1
1714.92,8,Food,3,992.34,1.73,1,1,1,0,1,1
535.98,19,Money Transfer,1,439.71,1.22,0,0,1,0,3,0
604.48,13,Money Transfer,3,597.33,1.01,0,0,0,1,5,0
282.67,20,Money Transfer,2,382.61,0.74,0,0,0,0,4,0
1828.48,13,Food,2,922.59,1.98,1,0,0,0,1,0
5560.75,10,Food,4,3926.69,1.42,0,0,0,0,2,0
1136.57,8,Shopping,2,1046.41,1.09,1,1,0,1,1,1
416.38,0,Money Transfer,2,537.67,0.77,0,0,0,0,13,0
51148.36,14,Food,3,2167.67,23.6,0,0,0,0,20,1
13507.69,7,Food,2,10531.65,1.28,1,0,0,1,1,0
2994.57,12,Shopping,2,775.9,3.86,0,0,0,0,4,0
1338.31,15,Travel,4,890.24,1.5,0,0,1,0,5,0
20534.77,10,Shopping,4,6726.19,3.05,0,0,0,0,2,0
604.85,8,Money Transfer,3,654.53,0.92,0,0,0,0,4,0
1951.45,18,Bills,2,1588.5,1.23,1,0,0,0,1,0
764.62,21,Food,1,793.16,0.96,1,0,0,0,1,1
3533.03,7,Rent,3,5148.18,0.69,0,0,0,0,8,0
10580.41,8,Travel,2,7484.02,1.41,0,0,0,2,3,0
2863.59,21,Food,3,3334.38,0.86,0,0,0,0,5,0
1299.23,4,Bills,4,980.44,1.33,0,0,0,0,3,0
1139.77,22,Travel,7,1229.98,0.93,1,1,0,0,1,1
734.5,0,Food,1,799.46,0.92,0,0,0,0,2,0
14707.86,19,Money Transfer,2,4285.54,3.43,0,0,0,0,6,0
4068.35,11,Shopping,3,4727.86,0.86,1,0,0,0,1,0
1482.37,21,Rent,2,1277.01,1.16,1,0,0,0,1,0
2386.75,11,Money Transfer,2,2223.6,1.07,1,0,0,0,1,0
2524.2,16,Food,6,625.78,4.03,1,0,0,0,1,0
1580.27,6,Money Transfer,2,1327.47,1.19,1,0,0,0,1,0
1084.36,10,Rent,4,2096.96,0.52,0,0,0,0,6,0
1476.76,18,Shopping,3,1176.22,1.26,1,0,0,0,1,0
667.39,14,Money Transfer,3,1096.58,0.61,0,0,0,1,5,0
455.63,20,Rent,2,301.8,1.51,0,0,0,0,2,0
1979.19,12,Travel,3,3236.05,0.61,0,0,0,0,2,0
3980.57,19,Shopping,1,4262.29,0.93,0,0,1,0,2,0
6247.26,13,Food,1,6579.9,0.95,0,1,0,0,4,0
3364.89,22,Healthcare,3,2586.66,1.3,0,0,0,0,4,1
2487.41,21,Shopping,3,1732.49,1.44,0,0,0,2,3,0
1054.35,11,Money Transfer,3,864.72,1.22,0,0,0,0,5,0
33406.6,19,Shopping,3,13374.63,2.5,1,0,0,0,1,0
2074.08,19,Food,1,1903.79,1.09,0,0,0,0,2,0
3605.65,9,Food,3,2357.49,1.53,0,1,0,0,3,0
4339.43,16,Money Transfer,3,2364.57,1.84,1,0,0,2,1,0
15234.45,6,Food,2,3658.72,4.16,0,0,0,0,3,0
485.25,19,Recharge,3,317.5,1.53,0,0,0,0,2,0
729.82,8,Shopping,4,747.8,0.98,0,0,0,0,2,0
4071.6,6,Shopping,6,2271.4,1.79,1,0,0,0,1,0
3549.15,12,Education,6,4359.33,0.81,0,0,0,0,2,1
2743.33,15,Food,4,2381.27,1.15,0,0,0,0,5,0
4737.73,19,Recharge,2,1260.42,3.76,0,0,0,0,2,1
2141.7,22,Food,3,1107.7,1.93,0,0,0,0,2,0
1953.13,12,Bills,2,2710.58,0.72,0,0,0,0,10,0
25.07,5,Money Transfer,4,2733.32,0.01,0,0,0,4,6,1
2097.06,17,Travel,2,1981.37,1.06,0,0,0,0,8,0
769.83,14,Recharge,3,920.21,0.84,1,0,0,0,1,0
3043.31,13,Food,1,4966.2,0.61,0,0,0,0,3,0
1460.05,11,Shopping,4,1744.85,0.84,1,0,1,0,1,0
66.5,13,Rent,2,3113.39,0.02,0,0,0,0,2,0
668.0,11,Shopping,2,734.14,0.91,0,0,0,0,4,0
71.02,18,Shopping,2,1058.98,0.07,0,0,0,2,3,0
6592.74,14,Money Transfer,2,4036.95,1.63,0,0,0,0,2,0
1591.86,19,Food,2,392.53,4.06,0,0,0,0,5,0
3000.64,14,Food,4,1592.56,1.88,0,0,0,0,4,0
2191.47,10,Money Transfer,4,1482.98,1.48,0,0,0,0,5,0
2084.81,19,Food,4,2804.21,0.74,0,1,0,0,8,0
605.62,14,Shopping,2,896.05,0.68,0,0,0,2,4,0
63026.72,9,Shopping,1,745.08,84.59,0,0,0,1,2,1
18120.54,16,Shopping,5,4989.88,3.63,1,0,0,0,1,1
9025.6,11,Money Transfer,2,1826.32,4.94,1,1,0,0,1,0
340.87,19,Shopping,5,499.05,0.68,0,1,0,0,2,0
75062.0,13,Rent,3,686.06,109.41,0,0,0,0,4,1
15382.43,17,Money Transfer,2,12445.3,1.24,1,0,0,1,1,1
1023.56,7,Bills,5,691.81,1.48,0,0,0,0,5,0
1784.81,12,Shopping,5,1997.09,0.89,0,1,0,1,4,0
10.0,22,Food,5,1280.91,0.01,0,0,0,1,2,0
11192.31,18,Food,5,4202.48,2.66,0,0,0,0,2,0
27436.16,8,Bills,2,2832.93,9.68,1,0,0,0,1,0
2876.3,10,Recharge,2,1935.66,1.49,1,0,0,0,1,0
499.57,11,Shopping,5,319.43,1.56,1,1,0,0,1,0
15276.41,16,Shopping,2,4113.41,3.71,0,0,0,0,5,0
75734.49,18,Education,2,1358.74,55.74,0,0,0,0,2,1
4902.12,17,Money Transfer,2,5127.7,0.96,1,0,0,0,1,1
2238.06,14,Food,2,1531.68,1.46,1,1,0,0,1,0
65578.44,18,Food,5,2432.83,26.96,0,0,0,0,3,0
622.33,12,Travel,3,429.26,1.45,0,0,0,0,4,0
1699.69,8,Recharge,3,2760.76,0.62,0,0,0,0,5,0
1196.85,14,Other,1,1042.47,1.15,1,0,1,0,1,0
845.91,21,Travel,7,1079.18,0.78,0,0,0,2,15,0
668.55,18,Rent,3,527.35,1.27,0,0,0,0,3,0
752.41,15,Education,4,585.89,1.28,0,0,0,0,2,0
1026.52,16,Shopping,3,669.9,1.53,0,0,0,0,2,0
1220.09,21,Shopping,3,1016.05,1.2,1,0,0,1,1,0
3080.25,12,Recharge,4,4305.62,0.72,0,0,0,0,2,0
1091.67,11,Rent,5,1126.7,0.97,0,0,0,0,4,0
2584.97,22,Shopping,2,2619.6,0.99,0,0,0,2,2,0
198.56,19,Shopping,3,455.47,0.44,0,0,0,0,6,0
2087.84,11,Education,2,1909.71,1.09,0,0,0,0,2,0
1932.74,13,Money Transfer,3,1483.63,1.3,0,0,0,1,7,0
61.53,12,Travel,2,7166.65,0.01,0,0,0,0,4,0
35037.99,8,Shopping,4,3669.87,9.55,1,0,0,0,1,0
2208.8,21,Bills,4,1391.98,1.59,1,0,0,0,1,0
6348.32,12,Bills,3,2986.12,2.13,0,0,1,0,5,0
1299.97,19,Money Transfer,4,686.06,1.89,0,0,0,0,2,0
5832.07,9,Money Transfer,3,1787.35,3.26,1,0,0,0,1,0
1462.37,14,Shopping,3,439.59,3.33,0,0,0,1,6,0
35.12,2,Other,2,1070.13,0.03,0,0,0,0,12,1
10.85,18,Food,4,760.81,0.01,0,0,0,0,5,0
8408.15,15,Recharge,2,2584.34,3.25,0,0,0,0,4,0
6543.55,16,Money Transfer,4,1512.34,4.33,1,0,0,0,1,0
5895.27,5,Bills,1,2803.05,2.1,1,0,0,0,1,0
3984.81,9,Bills,4,1603.59,2.48,0,0,0,0,4,0
444.93,6,Travel,5,462.82,0.96,0,0,0,4,2,0
6731.34,10,Healthcare,2,2692.94,2.5,1,0,0,0,1,0
1668.11,16,Money Transfer,1,3524.04,0.47,0,0,0,3,4,1
4578.34,14,Shopping,2,4509.36,1.02,0,0,0,1,2,0
6571.21,15,Travel,4,1827.5,3.6,0,0,0,0,4,0
13888.21,14,Travel,5,2821.33,4.92,0,0,0,0,2,0
3016.31,10,Food,3,2810.11,1.07,1,0,0,0,1,0
650.72,10,Shopping,1,604.75,1.08,0,0,0,0,3,0
2184.31,8,Money Transfer,5,622.9,3.51,0,0,1,0,5,1
276.44,19,Money Transfer,4,432.34,0.64,1,0,0,0,1,0
2648.32,15,Money Transfer,3,993.96,2.66,0,0,0,0,7,0
1573.38,9,Food,4,1454.74,1.08,1,0,0,0,1,0
51174.66,9,Travel,2,11396.63,4.49,0,0,0,0,2,0
1444.9,19,Shopping,2,1314.95,1.1,0,0,0,0,3,0
4246.52,17,Money Transfer,2,2631.92,1.61,0,0,0,1,2,1
3530.33,16,Rent,3,2427.96,1.45,0,0,0,0,2,0
897.67,12,Shopping,4,711.77,1.26,0,0,0,0,4,0
90.87,10,Bills,3,408.52,0.22,0,0,0,0,4,0
780.54,22,Recharge,3,1721.41,0.45,0,0,0,0,8,0
2385.31,18,Money Transfer,4,2468.99,0.97,0,0,0,0,6,0
55480.51,10,Bills,4,11728.49,4.73,0,0,0,0,12,1
928.57,19,Recharge,4,1099.41,0.84,0,0,0,0,3,0
3400.63,18,Bills,5,4380.38,0.78,0,0,0,0,2,0
4512.66,10,Shopping,2,1166.08,3.87,1,0,1,0,1,0
8814.98,12,Healthcare,2,2404.72,3.67,1,0,0,0,1,0
1132.79,9,Money Transfer,3,1941.48,0.58,1,0,0,1,1,0
459.58,7,Money Transfer,2,397.98,1.15,0,0,0,3,4,0
536.45,17,Shopping,1,446.94,1.2,0,1,0,0,3,0
657.45,10,Money Transfer,1,337.77,1.95,1,0,0,1,1,0
710.88,18,Shopping,4,1134.05,0.63,0,0,0,0,7,0
10990.85,23,Shopping,1,2765.35,3.97,0,0,0,0,3,0
44.14,6,Money Transfer,2,641.38,0.07,1,0,0,0,1,0
1520.28,13,Bills,3,1975.86,0.77,1,0,0,1,1,0
793.55,18,Education,3,913.51,0.87,1,0,1,0,1,0
8155.09,18,Money Transfer,3,3170.12,2.57,1,1,0,0,1,1
10510.42,18,Education,3,3182.61,3.3,0,0,0,0,7,0
4702.98,11,Education,2,2988.3,1.57,0,0,0,0,5,0
1246.11,13,Bills,2,1639.36,0.76,1,0,1,0,1,0
965.12,15,Shopping,6,902.76,1.07,1,1,1,0,1,1
5056.86,22,Travel,3,3284.06,1.54,0,0,0,0,3,0
848.73,11,Healthcare,3,670.65,1.27,0,0,0,0,6,0
52038.31,20,Travel,5,915.87,56.82,0,0,0,1,2,1
499.47,10,Money Transfer,3,665.9,0.75,0,0,0,1,3,0
1384.14,23,Money Transfer,1,2318.7,0.6,0,0,1,0,7,0
3177.32,16,Food,2,2386.41,1.33,0,0,1,0,5,0
7388.29,13,Money Transfer,2,2202.63,3.35,0,0,0,0,7,0
1415.09,15,Shopping,2,1266.91,1.12,1,0,0,0,1,0
378.05,10,Money Transfer,1,489.99,0.77,0,0,0,0,4,0
36792.84,10,Bills,4,4657.85,7.9,1,0,0,0,1,0
1659.0,7,Education,3,1575.71,1.05,0,0,0,0,3,0
1937.8,7,Shopping,3,1240.53,1.56,0,0,0,0,2,0
2830.53,11,Healthcare,3,1899.72,1.49,0,0,0,0,4,0
474.87,18,Money Transfer,4,685.51,0.69,1,0,0,0,1,0
2411.3,15,Food,2,555.95,4.34,0,0,0,0,4,0
443.71,7,Bills,7,1236.14,0.36,0,0,0,0,4,0
402.36,19,Bills,3,763.97,0.53,0,0,1,1,6,0
3406.14,15,Healthcare,3,804.18,4.24,0,0,0,0,4,0
4703.54,21,Money Transfer,1,4314.67,1.09,0,1,0,0,3,1
2272.32,16,Education,4,1661.95,1.37,0,0,0,0,5,0
2291.57,8,Shopping,2,1489.12,1.54,1,1,1,0,1,0
1324.77,13,Travel,3,2405.11,0.55,0,0,0,0,4,0
9160.46,16,Travel,3,5748.93,1.59,0,0,0,0,4,0
947.18,2,Travel,2,514.21,1.84,0,0,0,0,2,0
88.54,1,Rent,2,3527.34,0.03,0,0,0,1,13,1
3977.14,8,Education,5,1878.81,2.12,0,0,0,1,2,0
601.52,10,Shopping,5,584.43,1.03,1,0,0,0,1,0
493.4,12,Shopping,6,934.7,0.53,0,0,0,0,2,0
5264.85,13,Travel,6,1485.26,3.54,1,0,0,0,1,1
1770.78,8,Money Transfer,1,2414.98,0.73,0,0,0,0,2,0
2349.42,16,Bills,3,800.17,2.94,1,0,0,0,1,0
2028.85,15,Money Transfer,2,1677.82,1.21,0,0,0,0,2,0
1652.51,10,Shopping,3,2377.45,0.7,0,0,0,1,5,0
3710.87,1,Bills,4,1371.99,2.7,1,0,0,0,1,1
90.55,6,Food,3,3878.33,0.02,0,0,0,0,3,0
19457.57,12,Shopping,5,3964.92,4.91,1,0,1,0,1,1
1360.72,8,Travel,2,1445.13,0.94,0,1,0,0,7,1
6344.65,11,Money Transfer,2,6796.51,0.93,0,0,0,0,8,0
10.4,16,Food,2,441.47,0.02,0,0,0,0,2,0
68771.3,14,Money Transfer,5,306.06,224.7,0,0,0,3,5,1
1117.85,9,Bills,3,1162.41,0.96,0,0,0,0,3,0
10.0,11,Bills,3,1954.27,0.01,0,0,0,1,2,0
1755.8,15,Travel,5,2085.77,0.84,1,0,0,0,1,0
4405.47,19,Shopping,4,1464.81,3.01,0,0,0,0,4,0
427.32,17,Bills,2,540.12,0.79,0,0,0,0,2,1
874.85,14,Travel,1,636.47,1.37,0,0,0,0,8,0
17915.52,11,Travel,4,3740.78,4.79,0,0,0,0,11,0
24620.97,11,Money Transfer,2,3943.7,6.24,1,0,0,0,1,1
1808.83,19,Education,5,2316.98,0.78,0,0,1,1,3,0
82749.54,4,Travel,1,2264.33,36.54,0,1,0,0,3,1
4240.84,23,Shopping,4,1938.92,2.19,0,0,0,0,6,0
562.06,16,Money Transfer,3,708.25,0.79,0,0,0,0,4,0
4744.39,16,Education,4,1306.3,3.63,0,0,0,0,3,0
2621.78,4,Shopping,2,2442.69,1.07,0,0,0,0,4,0
1575.58,15,Healthcare,4,1687.03,0.93,0,0,0,0,2,0
999.21,13,Travel,3,333.76,2.99,0,0,0,0,10,0
3862.0,7,Food,3,5825.15,0.66,1,0,0,0,1,0
4310.84,10,Rent,2,3653.66,1.18,1,0,0,1,1,0
3795.91,20,Shopping,2,843.32,4.5,0,0,0,0,2,0
4670.02,14,Healthcare,3,2024.96,2.31,1,0,1,0,1,0
4479.84,12,Rent,1,4920.71,0.91,0,0,0,1,3,1
1307.79,6,Bills,2,481.69,2.72,1,0,0,0,1,0
79011.7,17,Money Transfer,2,1558.6,50.69,0,0,0,0,2,0
1640.16,17,Shopping,3,1396.66,1.17,1,0,0,0,1,0
2928.69,15,Shopping,4,1250.36,2.34,1,0,0,1,1,0
6464.9,14,Food,2,3549.69,1.82,0,0,0,0,2,0
660.09,12,Other,2,1162.34,0.57,0,0,0,1,6,0
514.78,15,Money Transfer,2,418.4,1.23,0,0,0,1,3,1
1639.41,9,Money Transfer,3,422.59,3.88,1,0,0,0,1,1
47162.8,21,Money Transfer,3,378.63,124.56,0,0,0,2,2,1
2422.09,15,Food,2,1247.13,1.94,0,0,0,0,8,0
2805.76,11,Money Transfer,6,2581.12,1.09,0,0,0,1,2,0
2013.32,13,Education,3,710.05,2.84,0,0,1,0,2,0
3711.47,18,Money Transfer,3,2171.61,1.71,0,0,0,0,8,0
6180.55,8,Money Transfer,5,2391.3,2.58,1,0,0,0,1,0
10.0,10,Shopping,2,830.36,0.01,0,0,0,0,4,0
1132.37,16,Other,5,1951.83,0.58,1,0,0,1,1,0
1288.18,11,Shopping,1,2378.58,0.54,0,1,0,0,6,0
1272.71,18,Shopping,5,1431.32,0.89,1,0,0,0,1,0
2924.01,8,Food,3,1039.0,2.81,0,0,0,0,14,0
2990.86,18,Food,2,2037.64,1.47,0,0,0,0,5,0
27660.94,6,Money Transfer,4,7157.62,3.86,1,0,0,2,1,1
30313.02,0,Money Transfer,2,1301.87,23.28,0,0,0,0,5,1
472.75,20,Bills,2,1194.86,0.4,0,1,0,2,8,1
2532.61,15,Shopping,2,1423.41,1.78,1,1,0,0,1,0
639.66,11,Bills,1,442.7,1.44,0,0,0,0,7,0
1570.13,9,Food,3,1750.01,0.9,0,0,0,0,2,0
1114.67,15,Money Transfer,3,1017.36,1.1,1,0,0,0,1,0
50287.62,14,Money Transfer,1,533.01,94.35,1,0,0,0,1,1
6358.23,23,Rent,3,1430.11,4.45,0,0,0,0,7,0
381.1,22,Bills,1,306.1,1.25,0,0,0,0,12,0
2440.62,16,Money Transfer,5,1224.85,1.99,0,0,0,0,7,0
367.35,12,Money Transfer,4,501.16,0.73,0,0,0,0,2,0
309.45,13,Food,3,344.27,0.9,0,0,0,1,10,1
84762.54,16,Other,3,3431.95,24.7,0,0,0,0,2,0
18733.46,7,Money Transfer,2,4763.83,3.93,1,0,0,0,1,0
1025.21,11,Recharge,3,719.01,1.43,0,0,0,0,2,0
564.42,6,Money Transfer,1,1695.01,0.33,0,0,0,0,19,0
1198.82,6,Shopping,2,886.21,1.35,0,0,0,0,3,1
5006.54,9,Shopping,2,1524.69,3.28,0,0,1,0,2,0
4097.48,13,Money Transfer,3,1332.88,3.07,0,0,0,0,3,0
1054.21,18,Shopping,3,864.14,1.22,0,0,0,0,2,0
6071.04,13,Shopping,3,2469.51,2.46,1,0,0,0,1,0
533.19,11,Recharge,6,543.43,0.98,1,0,0,0,1,0
23658.93,6,Bills,1,398.16,59.42,1,0,0,0,1,0
3417.64,14,Travel,4,2927.32,1.17,1,0,0,0,1,0
996.99,10,Shopping,2,2273.53,0.44,0,0,0,0,4,0
1116.86,15,Shopping,2,1542.37,0.72,1,0,1,0,1,0
1562.88,22,Shopping,1,1435.29,1.09,0,0,1,0,3,0
1128.49,7,Travel,3,1538.37,0.73,0,0,0,0,4,0
1328.93,9,Recharge,1,1334.13,1.0,0,1,0,0,3,0
1911.78,13,Money Transfer,5,1198.29,1.6,1,0,1,0,1,1
697.85,22,Shopping,2,1546.55,0.45,0,0,0,0,2,0
1456.5,18,Money Transfer,3,1653.36,0.88,0,0,0,0,2,0
8819.4,20,Money Transfer,5,2419.21,3.65,0,0,0,0,2,1
10573.65,11,Money Transfer,3,2535.68,4.17,0,0,0,1,3,0
41377.04,23,Food,2,1153.59,35.87,0,0,0,0,3,0
1047.08,7,Travel,3,1260.57,0.83,1,0,0,0,1,0
2924.56,5,Shopping,1,1142.26,2.56,0,0,0,1,4,0
886.92,19,Shopping,1,1684.25,0.53,1,0,0,0,1,0
3582.74,20,Other,4,1387.12,2.58,0,0,1,0,2,0
38.09,7,Shopping,2,4266.5,0.01,0,0,0,0,4,0
7103.5,7,Shopping,2,2445.45,2.9,0,0,0,0,4,0
20645.02,3,Shopping,4,4420.63,4.67,0,0,0,0,2,1
11391.07,7,Shopping,2,2522.83,4.52,0,0,0,0,5,0
5659.44,9,Money Transfer,3,6672.34,0.85,0,0,0,0,4,0
58701.05,22,Bills,1,2117.78,27.72,0,0,0,0,2,0
62910.57,16,Money Transfer,3,6261.27,10.05,0,0,0,0,7,0
441.83,18,Money Transfer,4,609.92,0.72,1,0,0,0,1,0
1234.29,18,Travel,3,397.03,3.11,0,0,0,0,2,0
1994.88,14,Money Transfer,2,1857.76,1.07,0,0,0,0,4,0
86.1,18,Education,5,7687.17,0.01,0,0,0,0,6,0
70217.42,15,Education,2,1273.09,55.16,0,0,1,0,2,1
2840.21,11,Shopping,2,728.96,3.9,0,0,0,0,3,0
1735.24,14,Bills,5,1626.93,1.07,1,0,0,0,1,1
2267.82,14,Money Transfer,2,2183.51,1.04,0,0,0,1,2,0
968.27,18,Other,2,981.48,0.99,0,0,0,2,2,0
3007.29,22,Money Transfer,2,2558.02,1.18,0,0,0,0,6,0
10302.78,12,Other,1,6948.25,1.48,1,0,0,0,1,0
5703.79,18,Bills,4,4390.8,1.3,1,0,0,2,1,0
1237.24,7,Shopping,1,920.51,1.34,0,0,0,0,2,0
15483.88,18,Food,4,1012.08,15.3,0,0,0,0,2,0
592.87,11,Other,2,1136.07,0.52,1,0,0,2,1,0
1297.76,4,Education,5,1203.22,1.08,1,0,0,0,1,1
57.45,11,Shopping,3,490.29,0.12,0,1,0,0,11,0
3472.74,15,Travel,1,2883.59,1.2,0,0,0,0,3,0
2589.11,7,Money Transfer,1,1118.4,2.32,1,0,0,0,1,1
1427.16,20,Shopping,1,4113.78,0.35,1,0,1,2,1,1
4462.19,6,Money Transfer,3,5009.67,0.89,1,0,0,3,1,0
273.95,21,Shopping,3,344.52,0.8,0,0,0,0,2,0
19878.25,17,Bills,1,8338.22,2.38,0,0,1,0,6,0
1577.54,11,Money Transfer,1,2528.31,0.62,0,0,0,0,6,0
2812.21,12,Bills,4,1622.62,1.73,0,0,1,0,2,0
72338.12,17,Shopping,4,1188.34,60.87,0,0,0,0,5,1
2223.57,15,Money Transfer,3,1615.6,1.38,0,0,0,0,4,0
908.8,16,Shopping,4,1006.48,0.9,0,0,1,0,2,0
2129.94,12,Shopping,2,2054.43,1.04,0,0,1,0,2,0
574.89,13,Shopping,4,475.66,1.21,1,0,1,0,1,0
1636.1,23,Shopping,4,2046.98,0.8,1,0,0,0,1,1
368.12,9,Food,2,879.71,0.42,0,0,1,0,2,0
302.6,12,Rent,5,332.03,0.91,0,0,0,0,5,0
5221.84,10,Money Transfer,1,1748.17,2.99,0,0,0,0,3,0
1713.62,18,Money Transfer,4,1854.86,0.92,1,1,0,0,1,0
1396.8,18,Education,2,1301.01,1.07,1,0,0,1,1,0
328.19,10,Recharge,3,435.06,0.75,0,0,0,1,2,0
4785.12,6,Money Transfer,3,4328.65,1.11,0,0,1,0,4,0
7704.0,0,Money Transfer,4,2001.51,3.85,0,1,0,0,5,1
51375.85,12,Shopping,3,521.35,98.54,0,0,0,0,5,1
1024.93,12,Healthcare,3,1587.45,0.65,0,0,0,1,5,0
2176.59,23,Shopping,4,1537.81,1.42,0,0,0,0,2,0
305.89,13,Rent,2,412.15,0.74,0,0,0,0,6,0
77.44,10,Rent,3,1980.46,0.04,0,0,0,0,2,0
84902.67,20,Money Transfer,3,3273.53,25.94,1,1,0,0,1,1
1642.22,13,Shopping,1,2788.2,0.59,0,0,1,0,2,0
957.73,15,Bills,4,708.35,1.35,0,0,0,2,2,0
4083.15,7,Shopping,2,3868.72,1.06,0,1,0,0,2,0
970.32,12,Food,2,1054.87,0.92,0,0,0,0,4,0
3518.69,21,Shopping,2,5570.81,0.63,0,1,0,0,3,0
444.78,15,Shopping,3,434.01,1.02,1,0,0,0,1,0
3595.1,11,Recharge,5,1498.69,2.4,0,0,0,0,2,1
8950.69,16,Shopping,6,1936.43,4.62,0,0,0,0,3,0
999.18,20,Bills,2,812.2,1.23,1,0,0,1,1,0
2068.22,10,Food,2,2956.25,0.7,0,1,0,1,4,0
1713.48,13,Shopping,2,2074.61,0.83,1,0,0,0,1,0
827.01,21,Healthcare,4,332.9,2.48,0,0,0,0,6,0
9058.82,8,Shopping,5,1987.38,4.56,0,0,0,0,2,0
3310.6,17,Education,3,1517.25,2.18,1,1,0,1,1,0
297.43,15,Shopping,2,692.75,0.43,0,0,0,2,4,0
6203.39,16,Education,4,10128.75,0.61,0,0,0,0,3,0
66975.52,11,Shopping,2,4394.28,15.24,1,0,1,0,1,1
281.39,11,Money Transfer,2,922.85,0.3,0,0,0,0,5,0
93.02,16,Bills,4,1701.95,0.05,0,0,0,0,2,0
894.59,9,Recharge,2,984.96,0.91,1,0,0,0,1,0
2450.63,12,Recharge,5,2988.95,0.82,0,0,0,0,5,0
9503.89,9,Bills,1,5095.21,1.87,1,0,0,2,1,0
3156.22,0,Education,4,1100.03,2.87,0,0,0,0,10,0
9834.11,22,Shopping,4,3247.96,3.03,0,1,0,0,2,0
6070.55,12,Rent,1,1541.94,3.94,0,0,0,1,4,0
1060.96,22,Rent,5,1209.25,0.88,0,0,0,0,2,0
8737.62,8,Money Transfer,3,5317.41,1.64,1,0,0,0,1,0
1093.81,15,Money Transfer,5,1585.52,0.69,0,0,1,0,4,1
2142.91,9,Food,5,1434.01,1.49,1,0,0,0,1,0
9207.27,18,Shopping,1,2308.92,3.99,0,0,0,0,4,0
659.33,18,Travel,4,844.99,0.78,1,0,0,0,1,0
846.46,7,Shopping,2,1006.92,0.84,1,0,0,0,1,0
28187.67,20,Money Transfer,4,5140.06,5.48,0,0,0,2,2,1
2433.09,9,Money Transfer,5,2342.73,1.04,0,0,0,0,5,0
3902.88,15,Bills,1,3454.26,1.13,0,1,0,1,3,0
3858.16,22,Travel,3,869.22,4.44,1,0,0,2,1,1
1738.19,19,Food,4,1712.64,1.01,0,0,0,0,4,0
32459.61,21,Shopping,2,6697.59,4.85,0,0,0,0,3,0
1367.41,11,Food,1,990.76,1.38,0,0,0,0,3,0
899.71,7,Shopping,4,614.86,1.46,0,0,0,1,2,0
2995.43,9,Money Transfer,2,1587.29,1.89,0,0,0,0,3,0
5097.99,13,Money Transfer,4,1183.32,4.31,0,0,0,2,2,0
2503.1,18,Shopping,4,612.93,4.08,1,0,1,0,1,0
5015.28,8,Rent,2,4249.54,1.18,0,0,0,0,6,0
10023.5,16,Healthcare,1,8724.57,1.15,0,0,0,1,4,0
7629.49,11,Healthcare,3,1813.22,4.21,0,0,0,0,4,0
1465.6,11,Money Transfer,5,2982.39,0.49,1,0,0,0,1,0
5047.97,16,Shopping,3,3826.68,1.32,0,0,0,0,4,0
10511.92,13,Shopping,4,2473.05,4.25,1,0,0,0,1,0
481.0,18,Money Transfer,2,381.29,1.26,0,1,0,0,4,0
74.37,8,Healthcare,2,608.77,0.12,0,0,0,0,2,0
472.55,18,Shopping,2,432.54,1.09,1,0,0,0,1,0
463.07,6,Bills,2,317.87,1.46,0,0,0,0,7,0
985.2,9,Shopping,2,957.5,1.03,1,0,0,0,1,0
498.98,16,Other,3,1196.7,0.42,0,0,0,0,5,0
826.29,19,Money Transfer,4,796.43,1.04,1,0,0,0,1,0
536.47,10,Bills,5,420.21,1.28,0,0,0,0,4,0
2283.58,11,Money Transfer,4,1658.52,1.38,1,0,0,0,1,0
451.21,14,Food,3,874.68,0.52,0,0,1,0,2,0
1685.88,9,Shopping,5,3161.67,0.53,1,0,0,0,1,0
326.4,18,Shopping,1,314.55,1.04,0,0,0,0,6,0
3208.3,18,Recharge,2,3627.3,0.88,0,0,0,0,2,0
8757.92,8,Recharge,3,5872.14,1.49,1,0,1,0,1,0
1794.12,13,Education,4,2566.66,0.7,0,0,1,0,3,0
4397.35,18,Food,4,2681.26,1.64,0,0,0,0,2,0
12766.5,11,Bills,2,5180.68,2.46,0,0,0,0,6,0
830.43,16,Shopping,3,722.19,1.15,0,1,0,0,2,0
9035.15,5,Money Transfer,3,9687.0,0.93,0,1,0,0,2,1
2888.67,15,Money Transfer,4,2972.87,0.97,0,0,0,0,2,0
2823.19,8,Food,1,2634.08,1.07,0,0,0,0,6,0
1214.01,19,Money Transfer,1,1106.39,1.1,0,0,0,0,3,0
46679.53,11,Shopping,4,1720.5,27.13,0,0,0,3,4,1
1553.79,10,Food,4,2209.94,0.7,0,0,0,0,4,0
3330.71,19,Bills,4,2043.28,1.63,0,0,0,1,8,0
1334.47,5,Money Transfer,3,2497.31,0.53,0,1,0,0,6,0
628.39,12,Shopping,4,454.75,1.38,0,0,0,1,8,0
1025.1,11,Shopping,3,1091.12,0.94,0,0,0,0,2,0
1005.0,10,Shopping,2,1324.49,0.76,1,0,0,0,1,1
607.84,20,Rent,3,843.52,0.72,1,0,0,0,1,0
2102.02,17,Food,2,641.1,3.28,0,0,0,1,6,0
760.39,6,Food,2,569.24,1.34,0,0,0,0,5,0
5375.07,17,Travel,6,1121.36,4.79,0,0,0,0,3,0
4214.45,14,Money Transfer,1,1524.21,2.77,1,0,0,0,1,0
579.63,20,Bills,3,417.08,1.39,0,0,0,0,2,0
5973.9,11,Shopping,3,5569.12,1.07,0,0,0,1,4,0
13088.24,15,Money Transfer,1,2908.57,4.5,1,0,0,0,1,0
2249.44,13,Bills,2,2662.49,0.84,0,0,0,0,3,0
1776.43,13,Shopping,4,641.61,2.77,0,0,0,0,3,0
5700.78,13,Shopping,3,1966.51,2.9,1,0,0,0,1,0
26436.73,9,Education,3,1657.99,15.95,0,0,0,1,8,0
11670.06,18,Money Transfer,1,7578.8,1.54,1,0,0,0,1,0
6875.17,13,Travel,3,2778.64,2.47,0,0,0,0,7,0
1838.99,21,Shopping,3,1843.43,1.0,0,0,0,0,3,0
7507.88,10,Travel,1,3724.59,2.02,1,0,1,0,1,0
348.09,16,Money Transfer,3,603.35,0.58,0,0,0,0,6,0
1037.9,21,Shopping,2,327.6,3.17,0,1,0,0,5,0
28.49,16,Food,4,2409.48,0.01,0,0,0,2,5,0
230.29,19,Shopping,3,486.28,0.47,0,0,1,0,3,0
660.57,19,Money Transfer,1,520.78,1.27,0,0,0,0,4,0
2670.84,11,Shopping,3,2757.43,0.97,0,0,0,0,7,0
474.73,15,Shopping,2,867.8,0.55,1,0,0,1,1,0
490.37,8,Rent,5,2083.01,0.24,1,0,0,0,1,0
2440.83,14,Shopping,3,4788.89,0.51,1,0,0,0,1,0
1446.83,9,Recharge,3,984.88,1.47,0,0,0,0,6,0
12.83,17,Shopping,4,740.65,0.02,0,0,1,0,3,0
671.22,14,Money Transfer,6,502.82,1.33,1,0,0,0,1,1
988.96,12,Shopping,1,551.63,1.79,1,0,0,0,1,0
502.16,10,Money Transfer,3,415.64,1.21,0,0,1,0,2,0
1859.21,23,Recharge,3,465.1,4.0,0,0,0,0,5,1
17.41,6,Shopping,2,1318.16,0.01,0,1,0,0,5,0
931.22,4,Healthcare,1,996.48,0.93,0,0,0,0,6,1
2869.25,9,Shopping,5,2506.95,1.14,0,0,0,0,5,0
3107.7,22,Travel,2,3975.75,0.78,1,0,0,0,1,0
2575.61,22,Food,3,3064.91,0.84,0,1,0,0,4,0
1693.56,16,Education,7,1661.48,1.02,0,0,0,0,3,0
572.06,19,Food,1,494.54,1.16,0,0,0,0,4,0
2602.28,9,Food,1,2526.73,1.03,0,0,1,0,2,0
1460.35,22,Shopping,1,1111.29,1.31,0,0,0,0,2,0
367.9,8,Shopping,4,461.18,0.8,1,0,0,0,1,0
3183.9,7,Recharge,3,3626.61,0.88,0,0,0,0,7,0
1094.77,7,Money Transfer,5,1043.07,1.05,0,0,0,1,2,0
22554.14,15,Money Transfer,1,743.19,30.35,0,0,0,0,3,1
4118.19,18,Bills,4,3992.62,1.03,1,0,0,0,1,0
6505.1,11,Money Transfer,1,4483.48,1.45,0,0,1,0,2,0
1152.87,22,Healthcare,5,1045.12,1.1,0,0,0,1,6,0
71117.2,12,Travel,2,1088.75,65.32,1,0,0,1,1,1
943.82,8,Food,2,1859.91,0.51,1,0,0,0,1,0
43377.23,13,Education,3,2679.89,16.19,1,0,0,0,1,0
1729.1,16,Shopping,5,417.42,4.14,0,0,0,0,3,1
7975.02,19,Rent,3,1919.62,4.15,0,0,1,0,3,0
4664.09,13,Money Transfer,3,5796.82,0.8,1,0,0,1,1,0
3012.96,15,Shopping,6,847.09,3.56,0,0,0,1,4,1
4318.92,10,Travel,4,4611.0,0.94,0,0,0,0,7,0
6438.94,16,Recharge,2,5698.39,1.13,1,0,0,1,1,0
760.89,22,Money Transfer,3,864.39,0.88,0,0,0,0,4,0
2406.08,5,Money Transfer,6,2825.84,0.85,0,0,0,1,3,1
37833.94,20,Healthcare,4,791.09,47.83,0,0,0,0,2,1
845.82,14,Money Transfer,1,2708.27,0.31,0,0,0,1,3,0
41449.36,10,Money Transfer,2,3173.92,13.06,1,0,0,0,1,1
1060.88,21,Money Transfer,4,811.13,1.31,0,0,0,2,6,0
2858.52,13,Recharge,6,2564.98,1.11,1,0,0,0,1,0
4981.0,11,Food,6,3309.37,1.51,0,0,0,0,3,0
1303.37,9,Bills,1,1099.32,1.19,0,0,0,0,2,0
1191.5,10,Bills,2,630.42,1.89,0,1,0,0,6,0
1152.77,19,Money Transfer,5,473.65,2.43,0,0,0,0,2,0
3408.8,15,Money Transfer,3,1841.82,1.85,0,0,0,0,5,0
13449.85,20,Bills,3,7178.13,1.87,0,0,1,0,8,0
2553.21,9,Money Transfer,1,3416.38,0.75,0,0,0,0,2,0
1102.94,7,Bills,2,1330.35,0.83,0,0,0,0,6,0
1688.98,0,Healthcare,3,1684.58,1.0,0,0,0,0,4,0
904.48,13,Food,2,890.13,1.02,1,0,0,0,1,0
406.76,23,Travel,2,620.42,0.66,1,1,0,0,1,0
4244.64,17,Bills,6,1484.29,2.86,0,0,0,0,5,0
4247.5,11,Bills,2,1420.84,2.99,0,1,0,0,2,0
20.4,19,Money Transfer,2,1628.4,0.01,0,0,0,0,2,0
5311.51,18,Shopping,1,5796.23,0.92,0,1,0,0,7,0
2060.78,1,Money Transfer,1,1966.94,1.05,0,0,1,0,7,1
2265.79,18,Travel,4,1975.49,1.15,1,0,0,0,1,0
624.26,10,Money Transfer,1,546.59,1.14,0,0,0,0,2,0
64501.24,8,Travel,4,10473.27,6.16,0,0,0,1,7,0
13.12,9,Money Transfer,3,2967.82,0.0,0,0,0,0,5,0
3461.82,13,Food,2,4075.01,0.85,0,0,0,0,4,0
5112.84,12,Shopping,1,1262.91,4.05,1,1,0,0,1,0
7366.72,10,Travel,4,1555.34,4.74,0,0,0,0,3,0
1558.12,8,Food,2,1628.98,0.96,0,0,0,0,3,0
1709.39,18,Shopping,2,688.42,2.48,1,0,0,0,1,0
6020.73,23,Rent,4,2405.17,2.5,0,0,0,0,5,0
3848.85,18,Travel,3,4499.05,0.86,0,0,0,0,2,0
433.85,10,Money Transfer,2,621.79,0.7,0,0,0,1,3,0
1481.31,10,Shopping,2,462.49,3.2,0,0,0,3,2,0
3947.35,9,Healthcare,2,2712.44,1.46,1,1,0,0,1,0
623.99,8,Travel,2,874.39,0.71,0,0,0,2,3,0
52817.85,14,Healthcare,1,2060.04,25.64,0,0,0,0,2,1
3730.43,15,Money Transfer,2,2441.88,1.53,1,0,0,0,1,0
1089.49,17,Money Transfer,3,999.26,1.09,1,0,0,1,1,0
2153.96,16,Recharge,2,3338.73,0.65,0,0,0,2,3,1
4245.59,10,Food,4,1737.27,2.44,1,0,0,4,1,1
3558.83,11,Travel,3,3958.6,0.9,1,0,0,0,1,0
2318.59,16,Rent,4,2893.68,0.8,0,0,0,0,9,0
63.78,11,Money Transfer,2,3952.78,0.02,1,0,1,0,1,0
956.66,9,Shopping,2,336.66,2.84,0,0,0,0,2,0
559.55,11,Shopping,3,802.31,0.7,1,0,0,0,1,0
327.77,10,Shopping,2,469.77,0.7,0,0,0,0,8,0
1961.17,7,Shopping,1,1350.38,1.45,0,0,0,0,2,0
10349.05,19,Other,3,4272.44,2.42,1,0,0,0,1,1
28960.98,19,Shopping,3,1434.45,20.19,0,0,0,0,5,0
10808.84,9,Food,2,3711.38,2.91,0,0,1,0,5,0
663.05,6,Bills,3,1013.29,0.65,0,0,0,0,7,0
999.04,17,Food,4,1046.76,0.95,0,1,0,1,4,0
3461.27,9,Shopping,6,4366.49,0.79,1,0,0,0,1,0
5497.24,12,Travel,2,1298.65,4.23,0,0,0,0,3,0
67068.96,6,Food,4,3107.16,21.59,0,0,0,0,2,1
67381.08,9,Travel,4,786.05,85.72,0,0,0,1,4,1
28517.76,18,Bills,1,5649.66,5.05,0,1,0,0,3,0
2088.89,18,Other,2,1838.41,1.14,0,0,0,3,4,0
3597.39,9,Food,2,2863.74,1.26,1,0,0,0,1,0
526.06,11,Money Transfer,5,468.8,1.12,0,0,0,0,2,0
7215.17,8,Food,3,1521.45,4.74,0,0,0,0,2,0
4148.64,6,Shopping,2,4463.44,0.93,0,0,0,1,12,0
47407.19,23,Recharge,2,4072.59,11.64,1,0,0,0,1,1
258.04,16,Shopping,3,386.3,0.67,0,0,0,0,5,0
797.14,14,Money Transfer,3,951.55,0.84,1,0,0,0,1,0
1395.4,18,Bills,2,1354.38,1.03,1,0,0,0,1,0
862.19,19,Food,3,640.31,1.35,0,0,0,0,2,1
50898.79,18,Money Transfer,6,2656.79,19.16,0,0,0,0,4,1
1892.19,1,Money Transfer,2,667.14,2.84,0,0,0,0,4,0
12.09,9,Education,4,1066.13,0.01,0,0,0,0,3,0
8842.51,16,Money Transfer,2,2259.31,3.91,0,0,0,0,5,0
669.67,11,Education,2,1484.31,0.45,1,0,0,0,1,0
1829.99,22,Shopping,4,2714.87,0.67,0,0,0,0,3,0
6187.46,16,Bills,2,6149.17,1.01,0,0,0,0,3,0
550.03,21,Bills,2,523.05,1.05,0,0,0,0,3,0
2562.43,9,Shopping,2,2525.49,1.01,0,0,0,0,3,0
83.89,19,Money Transfer,3,771.26,0.11,1,0,0,0,1,0
759.08,11,Shopping,2,1263.45,0.6,0,0,0,0,7,0
596.93,23,Travel,3,360.15,1.66,0,0,0,0,11,0
2436.03,8,Food,4,562.94,4.33,0,0,0,1,4,0
1179.33,14,Food,2,993.6,1.19,0,0,0,0,2,0
11.31,18,Shopping,2,1053.35,0.01,0,0,0,0,3,0
4399.04,12,Shopping,4,4437.2,0.99,1,0,0,0,1,0
3538.38,13,Shopping,2,2737.33,1.29,0,0,0,0,2,0
4804.89,22,Money Transfer,3,6747.79,0.71,0,0,0,1,11,0
2052.05,12,Food,4,1945.15,1.05,0,0,0,0,3,0
558.21,15,Education,3,798.05,0.7,0,0,0,0,3,0
1611.26,5,Food,7,1014.57,1.59,0,0,0,0,9,0
1548.34,19,Money Transfer,2,993.76,1.56,0,1,0,0,7,0
1367.4,16,Healthcare,3,1011.47,1.35,0,0,0,0,3,0
10532.73,12,Travel,2,2311.83,4.56,1,0,0,0,1,0
2547.24,1,Recharge,3,1662.14,1.53,1,0,0,0,1,1
1863.8,15,Food,3,1176.28,1.58,0,0,0,0,6,0
602.22,0,Rent,5,590.61,1.02,0,0,0,0,8,0
62295.12,0,Shopping,3,340.3,183.06,0,0,0,1,2,1
868.35,15,Travel,1,744.54,1.17,1,0,0,0,1,0
579.15,9,Shopping,5,504.65,1.15,0,0,1,0,3,0
4916.21,9,Money Transfer,4,3070.54,1.6,0,0,0,0,2,0
622.18,16,Food,4,514.82,1.21,1,0,0,0,1,0
3288.55,5,Food,5,2618.73,1.26,0,1,0,0,8,0
1568.66,11,Food,2,1176.97,1.33,1,0,1,0,1,0
355.62,8,Shopping,4,437.18,0.81,0,0,0,0,4,0
3599.81,15,Money Transfer,3,3315.37,1.09,0,0,1,0,2,0
2578.09,16,Food,2,1859.92,1.39,0,0,0,0,5,0
3424.79,17,Healthcare,3,783.98,4.37,0,0,0,0,4,0
6389.22,10,Travel,4,4351.37,1.47,1,0,0,0,1,0
1577.21,7,Recharge,2,383.37,4.11,0,1,0,2,2,1
920.52,6,Bills,4,705.76,1.3,1,0,1,0,1,0
2477.28,12,Food,5,2810.13,0.88,0,0,0,0,4,0
3399.53,21,Shopping,1,2524.32,1.35,0,0,0,0,3,0
334.01,9,Food,3,914.64,0.37,0,0,0,2,2,0
232.7,10,Food,3,415.26,0.56,0,0,0,0,2,0
2277.17,7,Food,2,3814.46,0.6,1,0,0,1,1,0
1204.08,15,Money Transfer,4,977.59,1.23,1,0,0,0,1,0
702.96,16,Food,2,692.04,1.02,0,0,0,0,4,0
44.19,16,Money Transfer,2,1606.44,0.03,0,0,0,0,3,0
1322.05,19,Money Transfer,1,4638.85,0.28,0,0,0,0,2,0
904.11,13,Shopping,2,380.14,2.38,0,0,0,0,6,0
52032.42,8,Bills,2,2912.88,17.86,0,0,0,0,2,1
1941.21,10,Shopping,3,1829.53,1.06,0,0,0,0,5,0
1572.21,16,Shopping,3,1297.5,1.21,0,0,0,0,5,0
2124.33,15,Money Transfer,3,2753.21,0.77,0,0,0,0,6,0
82165.48,14,Food,3,6377.24,12.88,0,0,0,0,6,1
894.79,16,Money Transfer,2,768.6,1.16,0,0,1,0,4,0
2635.89,16,Rent,2,579.13,4.55,0,0,0,0,4,0
7639.31,19,Food,5,4692.88,1.63,0,1,0,1,5,1
1673.73,15,Money Transfer,6,2289.89,0.73,1,0,0,0,1,0
1478.15,18,Recharge,4,1337.21,1.11,0,0,1,0,2,0
4207.68,10,Recharge,4,1832.84,2.3,1,0,0,0,1,0
4102.97,16,Money Transfer,1,2764.02,1.48,1,0,0,0,1,0
14735.37,20,Money Transfer,2,2969.3,4.96,0,0,0,0,5,0
75504.47,12,Travel,4,4843.93,15.59,0,0,0,0,9,0
1151.34,18,Shopping,2,1301.87,0.88,0,0,0,1,4,0
1034.47,17,Money Transfer,2,925.15,1.12,0,0,0,0,7,0
1835.94,5,Money Transfer,2,2137.29,0.86,0,0,0,1,2,0
1012.83,15,Recharge,2,1267.3,0.8,0,0,0,0,6,0
44275.97,8,Shopping,3,1925.18,23.0,0,0,0,1,2,1
1047.5,22,Food,5,1280.46,0.82,0,0,0,0,7,0
443.63,18,Travel,3,598.89,0.74,0,0,0,0,5,0
630.3,7,Money Transfer,2,1440.84,0.44,0,0,0,0,12,0
11922.45,7,Shopping,2,2413.47,4.94,0,0,0,0,5,0
3941.25,15,Other,4,3190.55,1.24,0,0,1,0,2,0
1207.43,11,Money Transfer,3,1523.8,0.79,1,0,0,0,1,0
746.67,3,Food,3,625.1,1.19,0,0,0,0,6,0
1370.83,14,Shopping,5,1264.1,1.08,0,0,1,0,3,1
3759.2,12,Money Transfer,3,3077.68,1.22,0,0,0,0,6,0
987.35,7,Money Transfer,3,1258.48,0.78,0,0,1,3,2,0
1575.58,18,Shopping,3,2446.46,0.64,1,0,0,0,1,0
4418.37,20,Shopping,2,1573.82,2.81,1,0,0,0,1,0
604.88,18,Bills,2,796.89,0.76,0,0,0,1,4,0
2726.18,18,Shopping,2,3162.67,0.86,1,0,0,0,1,0
22049.05,9,Shopping,4,458.35,48.11,0,0,0,0,4,1
2431.95,10,Money Transfer,2,1639.58,1.48,0,0,0,0,2,0
968.46,9,Bills,4,721.78,1.34,0,0,0,0,3,0
43669.02,18,Shopping,1,424.96,102.76,0,1,0,0,5,1
1668.67,21,Food,2,1558.26,1.07,1,0,0,0,1,0
2586.62,17,Shopping,3,1546.09,1.67,0,0,0,0,2,0
2384.01,19,Shopping,2,2509.04,0.95,0,0,0,0,4,0
1926.4,16,Shopping,4,2757.93,0.7,0,0,0,0,8,0
3404.59,12,Bills,4,2642.14,1.29,1,0,0,0,1,0
1368.13,12,Shopping,1,1248.39,1.1,0,0,0,1,3,0
2333.64,6,Shopping,2,2097.89,1.11,0,0,0,0,9,0
2273.77,3,Money Transfer,3,1848.46,1.23,0,0,0,0,3,1
1633.75,17,Bills,3,1285.36,1.27,0,0,0,0,7,0
3165.47,12,Rent,3,1936.82,1.63,0,0,0,1,8,0
4378.85,14,Money Transfer,3,5595.87,0.78,0,0,1,0,8,0
3409.13,14,Shopping,5,685.74,4.97,0,1,0,2,4,0
6194.77,10,Money Transfer,4,4551.67,1.36,0,0,0,0,3,0
1032.15,13,Food,5,398.89,2.59,1,0,0,0,1,0
933.02,13,Food,5,963.72,0.97,1,0,0,0,1,0
431.28,12,Money Transfer,3,911.79,0.47,1,0,0,0,1,0
2377.98,18,Money Transfer,1,2072.06,1.15,1,0,0,0,1,0
115.02,13,Shopping,1,553.21,0.21,1,1,0,0,1,0
1835.91,15,Money Transfer,4,4152.04,0.44,1,0,0,0,1,1
7229.56,20,Shopping,2,3474.25,2.08,1,0,1,0,1,0
2435.26,19,Bills,4,2200.34,1.11,1,0,0,0,1,0
3783.58,20,Healthcare,3,1403.86,2.7,1,0,0,1,1,0
5314.69,10,Other,2,5164.33,1.03,0,0,0,0,2,0
976.96,3,Education,4,3497.44,0.28,0,0,0,0,5,0
37.17,10,Food,4,1545.2,0.02,0,0,0,0,5,0
2733.74,10,Travel,5,2478.43,1.1,0,0,0,0,7,0
2330.21,20,Rent,2,1806.34,1.29,0,0,1,0,4,0
2820.8,16,Food,4,1895.87,1.49,1,0,0,0,1,0
1017.73,6,Money Transfer,3,1023.48,0.99,0,0,0,0,4,0
56040.46,8,Money Transfer,3,1416.1,39.57,0,0,0,0,4,1
818.4,8,Bills,3,446.42,1.83,0,1,0,0,3,0
23409.63,16,Rent,5,1095.88,21.36,0,0,0,0,5,0
7651.37,17,Money Transfer,3,2442.29,3.13,1,1,0,0,1,0
22144.89,19,Recharge,3,5811.99,3.81,0,0,0,0,3,1
2325.19,21,Shopping,5,6237.43,0.37,0,1,0,0,2,0
1832.78,9,Money Transfer,6,1760.35,1.04,0,0,0,0,5,0
4077.56,11,Recharge,2,1979.37,2.06,1,0,0,0,1,0
317.63,10,Food,2,669.81,0.47,1,0,0,1,1,0
51.83,11,Food,2,2439.22,0.02,0,0,0,0,3,0
562.44,20,Shopping,6,431.9,1.3,0,0,0,0,9,0
210.18,15,Money Transfer,3,903.06,0.23,1,0,0,0,1,0
2872.53,17,Education,4,2286.69,1.26,0,0,0,0,4,0
1642.0,13,Food,2,968.72,1.7,1,1,1,0,1,0
576.09,2,Money Transfer,4,392.04,1.47,1,0,0,0,1,1
3659.04,6,Shopping,4,3509.44,1.04,0,0,1,0,2,0
1021.03,14,Shopping,9,968.78,1.05,0,0,0,0,3,0
723.86,17,Healthcare,5,417.33,1.73,0,0,0,0,5,0
31237.41,9,Money Transfer,4,439.92,71.01,0,0,0,0,3,0
544.19,17,Food,4,822.05,0.66,0,0,0,0,2,0
241.82,18,Shopping,4,652.86,0.37,1,0,0,0,1,0
751.39,12,Travel,4,2979.39,0.25,1,0,0,0,1,0
47.77,17,Recharge,4,998.66,0.05,0,0,0,0,5,0
3325.9,12,Food,6,3239.75,1.03,1,0,0,0,1,0
302.94,16,Shopping,1,643.75,0.47,1,0,0,1,1,0
480.49,18,Food,3,1522.21,0.32,0,0,1,0,4,0
17849.5,23,Bills,2,2396.77,7.45,0,0,0,0,10,0
3138.58,11,Money Transfer,3,2199.95,1.43,1,0,0,0,1,0
23865.12,12,Education,5,1954.41,12.21,0,1,0,0,3,1
5705.72,8,Food,3,4958.2,1.15,1,0,1,0,1,0
2215.45,9,Recharge,3,767.01,2.89,1,0,0,0,1,0
5221.03,17,Food,3,1525.19,3.42,0,0,0,1,6,1
18949.64,20,Shopping,4,4177.38,4.54,0,0,0,1,2,0
1046.21,12,Money Transfer,3,445.97,2.35,1,0,0,0,1,0
343.21,9,Shopping,4,403.52,0.85,0,0,1,0,7,1
1060.77,10,Recharge,4,778.19,1.36,0,1,0,1,3,0
2972.66,13,Bills,2,2104.41,1.41,0,0,0,0,4,0
3237.69,10,Travel,1,841.7,3.85,0,1,0,1,2,0
1744.51,9,Money Transfer,1,679.83,2.57,1,0,1,0,1,0
1291.32,17,Shopping,2,1405.15,0.92,0,0,0,2,2,0
8071.37,0,Bills,3,2011.58,4.01,1,0,0,0,1,1
2270.51,14,Money Transfer,2,814.37,2.79,1,0,0,0,1,0
2808.62,18,Shopping,3,943.79,2.98,0,0,0,0,3,0
35.9,10,Food,2,2011.4,0.02,1,0,0,0,1,0
3322.33,15,Shopping,1,5545.09,0.6,0,0,0,0,2,0
10912.88,16,Money Transfer,3,2321.64,4.7,0,0,0,0,3,0
2016.81,16,Money Transfer,2,3049.35,0.66,0,0,0,1,4,0
364.67,12,Shopping,3,1122.57,0.32,0,0,1,0,3,0
4172.49,11,Other,2,872.05,4.78,0,0,0,1,7,1
1838.65,19,Shopping,2,1390.13,1.32,0,0,0,0,14,0
3423.62,18,Shopping,2,3262.36,1.05,0,0,0,0,8,0
1176.7,11,Shopping,5,1396.84,0.84,0,0,0,0,5,0
3693.44,7,Bills,4,3675.94,1.0,0,0,1,0,4,0
10562.08,6,Money Transfer,1,8380.82,1.26,1,0,0,0,1,0
929.22,7,Food,2,434.55,2.14,0,0,0,0,3,0
492.04,15,Shopping,4,383.65,1.28,0,0,0,1,4,0
2430.27,5,Shopping,3,591.67,4.11,0,0,0,0,2,0
5827.5,11,Money Transfer,3,1173.2,4.97,0,0,0,0,2,1
51432.43,17,Bills,5,552.83,93.03,0,0,1,0,3,1
6675.6,10,Education,1,3981.62,1.68,0,0,0,0,7,0
458.54,18,Shopping,4,342.15,1.34,1,0,0,1,1,0
2061.36,17,Food,2,983.09,2.1,0,0,0,0,2,0
1269.94,10,Recharge,3,667.55,1.9,0,0,0,0,3,0
2910.16,17,Money Transfer,8,5126.69,0.57,1,0,1,1,1,1
73264.19,17,Bills,3,2292.76,31.95,0,0,0,0,6,1
76248.76,12,Shopping,4,4675.37,16.31,0,0,0,0,4,0
16160.95,9,Recharge,4,6757.25,2.39,0,1,0,0,2,0
1571.86,14,Bills,2,1537.25,1.02,0,1,0,0,4,0
1158.1,20,Healthcare,5,780.58,1.48,1,0,0,2,1,1
792.36,16,Travel,3,687.6,1.15,0,0,0,0,5,0
429.89,8,Money Transfer,2,753.98,0.57,1,0,0,0,1,1
9175.92,16,Recharge,5,2519.46,3.64,0,0,0,2,2,0
749.76,12,Rent,5,374.32,2.0,1,0,0,0,1,0
10.0,15,Money Transfer,2,394.91,0.03,0,0,0,1,5,0
1942.95,17,Travel,3,1986.34,0.98,0,0,1,1,4,0
4179.2,14,Bills,2,2149.29,1.94,0,0,0,0,6,0
2385.63,18,Recharge,1,2269.94,1.05,0,0,0,0,3,0
53880.59,17,Shopping,2,1137.04,47.39,0,0,0,0,5,1
2390.72,15,Bills,2,3251.3,0.74,0,0,0,0,2,0
1883.59,8,Travel,3,1672.98,1.13,0,0,0,0,4,0
525.12,19,Shopping,4,500.61,1.05,1,0,0,0,1,0
9268.22,21,Money Transfer,4,3171.07,2.92,0,0,0,0,6,0
6888.86,8,Rent,1,5806.29,1.19,0,0,0,0,4,0
340.17,13,Money Transfer,2,411.45,0.83,0,0,0,0,6,0
1266.74,10,Other,2,1193.73,1.06,0,1,0,0,5,0
1488.78,18,Food,4,1503.27,0.99,1,0,0,1,1,0
477.19,17,Travel,3,585.08,0.82,1,0,0,2,1,0
5207.31,8,Other,1,3940.95,1.32,0,0,1,0,5,0
874.37,19,Money Transfer,1,901.71,0.97,1,0,1,0,1,1
3090.84,9,Bills,3,3050.22,1.01,1,0,0,0,1,0
2900.17,18,Money Transfer,3,2301.03,1.26,1,0,0,0,1,0
1104.85,13,Education,2,1940.55,0.57,1,0,0,0,1,0
322.68,11,Shopping,3,684.07,0.47,1,0,0,0,1,0
754.92,8,Healthcare,2,748.85,1.01,0,0,1,0,5,0
407.87,8,Shopping,1,387.31,1.05,0,0,0,0,2,0
1854.87,16,Money Transfer,2,795.67,2.33,1,0,1,0,1,0
852.98,14,Bills,2,1062.84,0.8,0,0,0,0,3,0
11.7,7,Money Transfer,2,3523.14,0.0,1,0,0,1,1,0
724.81,7,Food,4,1121.39,0.65,0,1,0,0,4,0
2487.59,6,Money Transfer,6,2828.92,0.88,0,0,0,0,2,0
1157.94,17,Travel,1,1341.88,0.86,1,0,1,0,1,0
10305.39,17,Shopping,1,3065.71,3.36,0,0,0,0,2,0
7078.29,5,Shopping,3,7033.95,1.01,0,1,0,0,4,0
485.93,14,Rent,3,793.61,0.61,1,0,0,0,1,0
9429.17,6,Money Transfer,4,3869.36,2.44,0,1,0,0,10,0
1703.65,20,Shopping,2,2050.31,0.83,0,0,0,0,7,0
3982.65,20,Money Transfer,5,3359.78,1.19,0,0,0,1,5,0
3778.97,17,Money Transfer,3,2197.85,1.72,1,0,0,0,1,1
4046.9,20,Shopping,1,1292.81,3.13,0,0,0,1,2,0
3167.03,18,Food,5,765.96,4.13,1,0,0,0,1,1
316.4,19,Education,4,430.7,0.73,1,0,0,0,1,0
1713.2,14,Shopping,4,1680.3,1.02,0,0,0,0,23,0
15014.0,10,Food,1,8648.98,1.74,1,0,0,0,1,0
3255.21,9,Food,5,2711.23,1.2,0,0,0,2,2,0
4028.26,11,Money Transfer,6,1013.74,3.97,0,0,0,0,6,0
4058.32,16,Travel,3,3460.17,1.17,1,0,0,1,1,0
1738.27,8,Money Transfer,2,2937.48,0.59,0,0,0,1,2,0
1969.62,10,Money Transfer,4,895.4,2.2,0,0,0,0,11,0
330.22,13,Shopping,4,325.94,1.01,1,0,0,0,1,0
1066.06,9,Travel,5,526.35,2.03,0,0,0,0,4,0
4309.94,15,Food,3,4076.51,1.06,1,0,1,1,1,0
33215.63,20,Shopping,3,3560.39,9.33,0,0,0,1,3,0
648.91,17,Money Transfer,3,929.74,0.7,0,0,1,0,2,0
4103.11,16,Other,1,904.34,4.54,0,0,0,0,4,0
1941.0,15,Money Transfer,4,3133.89,0.62,0,0,0,0,2,0
4622.41,13,Money Transfer,6,5297.51,0.87,1,0,0,2,1,1
2976.58,9,Recharge,3,3018.38,0.99,0,0,0,3,3,0
29355.9,20,Travel,5,1974.6,14.87,1,0,0,0,1,1
882.23,10,Food,2,800.32,1.1,0,0,0,2,5,0
4909.61,7,Bills,2,1642.83,2.99,0,0,0,2,4,0
452.13,17,Education,3,778.68,0.58,0,0,0,0,3,0
4681.36,9,Money Transfer,5,3270.57,1.43,0,1,1,0,2,1
897.88,11,Money Transfer,2,1180.79,0.76,0,0,0,1,7,0
4807.99,2,Money Transfer,5,3529.1,1.36,0,0,0,2,3,1
1376.13,8,Healthcare,4,1165.14,1.18,1,0,0,0,1,0
4933.75,8,Travel,1,3428.62,1.44,0,0,0,0,5,0
1214.11,5,Shopping,3,1029.8,1.18,0,1,0,0,3,1
597.52,16,Education,2,1344.1,0.44,1,0,0,0,1,0
2493.64,19,Money Transfer,5,2020.41,1.23,1,0,0,4,1,1
481.56,11,Shopping,2,431.18,1.12,0,1,0,0,8,0
8756.57,19,Food,3,5628.9,1.56,1,0,0,0,1,0
2937.06,9,Money Transfer,3,1834.3,1.6,0,0,0,0,4,0
1635.4,11,Education,4,1576.04,1.04,1,0,0,0,1,0
2732.29,8,Shopping,6,3591.84,0.76,0,0,0,0,3,0
2231.47,15,Bills,4,3914.66,0.57,1,0,0,0,1,0
3948.47,12,Food,2,1629.64,2.42,1,1,0,3,1,0
2900.84,15,Shopping,4,5017.61,0.58,0,0,0,0,5,0
1873.05,18,Other,2,420.47,4.45,0,0,0,0,5,0
1424.21,14,Money Transfer,2,516.3,2.76,0,0,0,0,4,0
8078.2,16,Rent,4,1934.93,4.17,1,0,0,0,1,0
2190.21,21,Money Transfer,2,1086.7,2.02,1,0,0,0,1,0
1578.05,10,Education,4,1423.27,1.11,0,0,0,0,2,0
4530.8,11,Money Transfer,1,1015.71,4.46,0,0,1,0,4,0
1292.65,17,Shopping,2,1233.72,1.05,0,0,0,0,4,0
4821.92,15,Shopping,4,3413.3,1.41,0,1,0,0,3,0
9273.55,9,Rent,1,1920.2,4.83,0,1,0,0,5,0
14774.16,11,Bills,6,10976.05,1.35,0,0,0,0,2,0
3867.36,13,Money Transfer,2,3082.61,1.25,0,0,0,0,3,0
993.38,12,Shopping,5,875.54,1.13,1,0,0,1,1,1
2440.61,9,Shopping,1,852.59,2.86,0,0,0,0,2,0
2097.88,20,Money Transfer,2,1036.78,2.02,0,0,0,0,2,0
14422.21,18,Recharge,2,3635.69,3.97,0,0,0,0,3,0
412.16,13,Money Transfer,1,349.8,1.18,0,0,0,0,2,0
3758.92,16,Other,6,770.88,4.88,1,0,0,0,1,1
4892.9,20,Money Transfer,4,4535.44,1.08,1,0,1,0,1,0
2019.59,8,Shopping,4,2138.45,0.94,1,0,0,0,1,0
629.64,10,Recharge,4,763.1,0.83,0,0,0,0,4,0
688.11,14,Money Transfer,2,745.26,0.92,0,0,1,0,3,0
44633.72,18,Travel,2,3872.98,11.52,0,0,0,0,3,1
51522.51,4,Other,5,4335.66,11.88,0,0,0,0,3,1
1034.69,22,Shopping,3,832.6,1.24,0,0,0,0,2,0
572.94,13,Shopping,2,1282.09,0.45,0,0,0,1,5,0
2922.33,11,Travel,3,3538.85,0.83,0,0,0,0,8,0
4130.34,10,Rent,2,2953.32,1.4,0,0,0,0,2,0
1578.95,8,Shopping,3,3326.8,0.47,0,0,1,0,2,0
8008.45,18,Shopping,3,1615.15,4.96,1,0,0,3,1,0
2634.15,21,Shopping,2,4665.55,0.56,0,0,0,1,4,0
961.11,12,Bills,3,1010.02,0.95,0,0,0,0,3,0
1514.19,21,Shopping,2,606.72,2.5,0,0,0,0,13,0
3534.78,18,Money Transfer,3,2520.32,1.4,0,1,0,0,3,0
1430.5,13,Food,6,1695.23,0.84,1,0,0,0,1,0
86.41,16,Money Transfer,2,3770.7,0.02,0,0,0,0,3,0
434.94,12,Shopping,2,452.36,0.96,0,0,0,3,12,0
3005.25,14,Bills,4,3640.67,0.83,0,0,0,0,4,0
638.88,5,Shopping,5,924.85,0.69,1,0,0,0,1,1
1384.28,17,Bills,3,2214.83,0.63,0,1,0,0,2,0
380.04,5,Recharge,2,373.72,1.02,1,0,0,2,1,0
13.99,18,Money Transfer,4,1992.96,0.01,0,0,0,0,6,0
7387.93,19,Food,1,2573.88,2.87,0,0,0,1,3,0
1920.61,10,Money Transfer,4,1128.1,1.7,0,0,0,0,5,0
3516.87,11,Money Transfer,5,736.67,4.77,1,0,0,0,1,1
7231.43,13,Education,2,1688.5,4.28,0,0,0,0,7,0
9961.77,15,Recharge,4,3523.63,2.83,1,0,0,0,1,0
4326.03,10,Money Transfer,5,1003.61,4.31,0,0,0,0,2,0
1282.33,15,Food,4,823.76,1.56,1,0,0,0,1,1
2558.45,10,Recharge,3,888.65,2.88,1,1,0,0,1,0
24940.86,5,Healthcare,3,5661.34,4.41,0,0,0,0,10,0
1188.04,0,Money Transfer,1,1101.28,1.08,1,0,0,0,1,0
734.65,7,Money Transfer,3,306.5,2.4,1,0,0,3,1,1
3940.36,18,Rent,3,3039.24,1.3,0,0,0,0,8,0
2596.01,21,Healthcare,3,2462.81,1.05,0,0,0,0,4,0
1873.56,12,Shopping,4,547.71,3.42,0,0,0,0,2,0
74043.39,14,Food,3,7848.02,9.43,1,0,0,0,1,1
68821.18,8,Rent,6,1985.97,34.65,0,0,0,0,5,0
3664.2,14,Rent,6,1550.47,2.36,0,0,0,0,2,0
1496.38,8,Money Transfer,2,1166.92,1.28,0,0,0,0,2,0
3095.07,15,Other,4,4420.92,0.7,0,1,0,1,2,0
906.63,21,Shopping,2,803.4,1.13,0,0,0,0,2,0
24754.87,9,Food,3,905.79,27.33,0,0,0,3,3,1
661.58,18,Shopping,4,535.04,1.24,0,0,0,0,5,0
2088.63,2,Shopping,2,2862.21,0.73,0,0,0,0,5,0
1775.42,11,Money Transfer,3,1929.41,0.92,0,0,0,0,5,0
2032.67,7,Money Transfer,1,1990.59,1.02,0,1,0,1,4,0
3324.57,11,Rent,3,743.7,4.47,0,0,0,0,4,0
2092.5,8,Money Transfer,3,2195.7,0.95,0,0,0,0,4,0
87.27,11,Shopping,2,2910.22,0.03,0,1,0,0,6,0
1301.74,12,Money Transfer,2,1097.39,1.19,0,1,0,0,3,0
56596.25,10,Healthcare,4,3209.15,17.64,0,0,1,0,3,0
81.84,16,Healthcare,2,1072.06,0.08,0,0,0,0,4,0
34.49,20,Money Transfer,4,2854.9,0.01,1,0,0,2,1,1
580.59,12,Food,3,361.76,1.6,0,0,0,1,5,0
7518.09,9,Recharge,3,1741.98,4.32,0,0,0,0,8,0
7630.7,10,Shopping,2,6583.62,1.16,1,0,0,0,1,0
11287.74,19,Bills,3,7457.29,1.51,0,0,0,0,3,0
899.3,15,Healthcare,1,895.69,1.0,1,0,0,0,1,0
2551.45,13,Shopping,2,1348.18,1.89,0,0,0,0,5,0
2014.49,8,Shopping,1,417.09,4.83,0,0,0,0,3,0
5101.77,13,Healthcare,1,4019.27,1.27,0,0,0,0,4,0
2236.08,10,Food,2,1813.18,1.23,1,0,0,0,1,0
1271.91,21,Shopping,3,1175.33,1.08,0,0,0,1,5,0
513.22,19,Rent,1,515.37,1.0,1,0,0,0,1,0
3188.68,6,Money Transfer,4,5579.55,0.57,0,0,0,0,4,0
42.13,14,Travel,3,1659.88,0.03,0,0,0,0,3,0
791.71,9,Travel,4,898.64,0.88,0,0,0,0,3,0
4543.9,12,Other,1,1076.01,4.22,1,0,0,0,1,0
1091.05,19,Rent,3,868.2,1.26,0,0,0,0,4,0
425.72,14,Food,2,1957.49,0.22,0,0,0,0,5,0
5166.59,11,Food,4,5085.73,1.02,0,0,0,2,2,0
50.19,9,Money Transfer,2,3796.99,0.01,0,0,0,0,2,0
28672.22,18,Shopping,3,1410.41,20.33,0,1,0,1,2,0
70610.2,16,Other,4,3452.83,20.45,0,0,0,0,8,1
3931.47,13,Education,5,1290.17,3.05,0,0,0,0,4,0
1209.79,9,Money Transfer,2,823.37,1.47,0,0,0,0,4,0
15739.32,11,Food,1,7678.67,2.05,0,0,0,1,8,0
80624.77,21,Shopping,3,952.04,84.69,0,0,0,0,2,1
1155.9,14,Food,3,1004.08,1.15,0,0,0,0,3,0
9132.47,12,Travel,2,8534.85,1.07,0,0,0,1,4,0
2462.94,14,Money Transfer,1,558.82,4.41,0,0,0,0,16,0
4191.1,18,Other,6,2872.82,1.46,0,0,0,0,2,0
6477.16,11,Food,4,5242.71,1.24,0,0,0,0,2,0
1576.49,9,Money Transfer,1,1590.64,0.99,1,0,1,0,1,0
183.44,15,Bills,6,304.54,0.6,1,0,0,0,1,0
1571.29,16,Shopping,4,1146.18,1.37,0,0,1,0,3,0
580.48,17,Money Transfer,2,512.94,1.13,1,0,0,0,1,0
1239.66,19,Money Transfer,2,1268.72,0.98,1,1,0,0,1,1
5228.07,11,Money Transfer,3,3109.4,1.68,0,0,0,0,10,0
854.75,6,Bills,5,1339.54,0.64,0,0,0,0,9,0
1265.81,21,Money Transfer,2,1317.9,0.96,0,0,0,0,2,0
2136.52,12,Bills,1,1764.68,1.21,0,0,0,0,5,0
1717.39,16,Food,1,1868.76,0.92,0,0,0,0,6,0
3574.26,16,Money Transfer,4,3792.0,0.94,0,0,0,0,2,0
845.37,14,Bills,2,963.63,0.88,1,0,0,0,1,0
1825.83,9,Shopping,5,3403.43,0.54,1,1,1,0,1,0
2682.39,18,Shopping,2,1802.2,1.49,1,0,0,0,1,0
551.93,18,Money Transfer,4,943.38,0.59,0,0,0,0,5,0
2153.14,14,Rent,3,929.53,2.32,0,0,1,0,2,0
2100.12,13,Shopping,2,1106.52,1.9,0,0,0,0,4,0
1875.59,7,Food,1,2054.45,0.91,0,0,0,0,3,0
978.66,6,Money Transfer,2,772.36,1.27,0,1,1,0,2,0
56354.85,11,Money Transfer,1,4853.83,11.61,1,0,1,0,1,1
1748.82,11,Healthcare,4,1839.83,0.95,0,0,0,0,2,0
3762.68,21,Food,2,4846.67,0.78,0,0,0,0,6,0
281.04,18,Education,2,385.53,0.73,0,0,0,0,5,0
3454.61,16,Shopping,2,1055.06,3.27,1,0,0,1,1,0
196.95,14,Food,1,341.53,0.58,1,0,0,0,1,0
2034.3,8,Education,3,872.04,2.33,0,0,0,1,4,0
3570.85,22,Food,3,3864.99,0.92,0,0,0,3,2,1
928.92,11,Travel,3,367.13,2.53,0,0,0,0,3,0
1032.69,7,Money Transfer,1,1331.33,0.78,0,0,0,0,3,0
541.86,13,Shopping,5,525.13,1.03,0,0,0,1,3,0
3626.42,19,Money Transfer,5,1270.73,2.85,1,0,0,1,1,1
3520.1,20,Money Transfer,3,3585.77,0.98,0,0,0,1,8,0
19.13,0,Education,3,2056.26,0.01,1,0,0,2,1,1
10508.03,20,Shopping,4,2702.42,3.89,1,1,0,0,1,1
21471.02,10,Healthcare,3,1072.93,20.01,1,0,0,0,1,0
6996.33,4,Healthcare,2,5501.16,1.27,0,0,0,0,15,0
2417.42,19,Shopping,1,2523.6,0.96,1,0,0,0,1,1
35608.49,19,Money Transfer,5,1286.1,27.69,0,0,0,1,6,1
1623.73,15,Recharge,2,1300.68,1.25,1,0,0,0,1,0
6687.88,15,Healthcare,3,4816.95,1.39,1,0,0,0,1,0
2047.99,18,Money Transfer,3,1846.16,1.11,0,0,1,2,5,0
32096.24,18,Money Transfer,3,2505.84,12.81,0,0,0,0,6,1
5281.46,20,Food,3,1271.33,4.15,0,0,0,0,5,0
737.19,14,Travel,3,755.77,0.98,1,0,0,0,1,0
2388.77,22,Rent,4,2614.37,0.91,0,0,0,0,6,0
81746.77,23,Travel,3,1984.88,41.18,1,0,0,0,1,1
6404.71,7,Shopping,2,1552.51,4.13,0,0,0,0,2,0
3406.28,19,Shopping,5,2060.8,1.65,0,0,0,0,2,0
2240.58,13,Money Transfer,5,720.4,3.11,1,0,0,0,1,0
3811.72,12,Money Transfer,2,3143.25,1.21,0,0,0,0,3,0
18300.49,15,Money Transfer,2,5627.37,3.25,0,0,0,1,3,0
13734.7,5,Money Transfer,4,4291.24,3.2,0,0,0,0,14,0
1183.86,13,Money Transfer,6,998.0,1.19,0,0,0,1,3,0
926.73,19,Shopping,4,1237.59,0.75,0,0,0,0,2,0
6705.21,9,Money Transfer,3,3274.24,2.05,0,0,0,0,5,0
1606.72,12,Other,3,1927.48,0.83,0,0,1,0,2,0
1232.05,21,Money Transfer,5,1728.99,0.71,0,0,0,0,3,0
2327.37,12,Money Transfer,2,5002.33,0.47,1,0,0,1,1,1
752.54,11,Food,2,1682.26,0.45,0,0,0,0,2,0
778.78,12,Other,3,1602.26,0.49,0,0,0,0,3,0
11.63,14,Shopping,5,377.27,0.03,0,1,0,0,4,0
483.12,16,Travel,1,429.5,1.12,1,0,0,0,1,0
43103.46,18,Travel,3,313.41,137.53,0,0,0,0,5,0
12219.63,13,Food,3,4700.38,2.6,0,0,0,0,7,0
1095.81,18,Shopping,4,1244.82,0.88,1,0,0,0,1,0
897.38,14,Travel,4,1437.9,0.62,0,0,0,0,5,0
1537.92,11,Shopping,3,3660.29,0.42,1,0,0,0,1,0
1298.25,16,Food,1,1991.42,0.65,0,0,0,0,3,0
2565.18,17,Travel,4,1992.6,1.29,0,0,0,0,5,0
707.36,14,Shopping,5,933.13,0.76,0,0,0,0,2,0
3430.96,5,Bills,5,3531.39,0.97,1,0,0,1,1,0
728.0,8,Shopping,5,626.37,1.16,0,0,0,0,3,0
352.91,10,Bills,1,398.31,0.89,0,0,0,0,6,0
753.8,10,Money Transfer,3,682.86,1.1,1,0,0,1,1,0
851.26,16,Shopping,2,860.91,0.99,1,0,0,0,1,0
893.49,1,Shopping,4,897.09,1.0,0,0,0,0,5,0
2002.61,18,Healthcare,6,2298.4,0.87,1,0,0,0,1,0
333.26,10,Shopping,1,742.22,0.45,0,1,0,0,2,0
2786.62,11,Shopping,2,2332.28,1.19,1,0,0,0,1,0
1733.88,14,Money Transfer,3,472.0,3.67,1,0,0,0,1,0
1543.61,9,Food,4,586.62,2.63,0,0,1,0,3,0
3443.42,19,Food,2,1579.71,2.18,0,0,0,0,3,0
6648.02,6,Shopping,4,4889.48,1.36,1,0,0,0,1,0
4496.34,12,Rent,3,3833.45,1.17,0,1,0,0,2,0
25950.13,19,Shopping,4,6538.52,3.97,0,1,0,0,2,1
2212.18,15,Shopping,3,2192.15,1.01,0,0,0,0,4,0
3195.1,10,Money Transfer,3,2327.59,1.37,0,0,0,0,6,0
2917.24,12,Travel,6,2065.6,1.41,0,0,1,0,5,0
1939.93,17,Shopping,2,2055.05,0.94,1,1,0,2,1,1
590.66,22,Money Transfer,3,586.45,1.01,1,1,0,0,1,1
1726.82,20,Money Transfer,2,1712.44,1.01,0,0,0,0,2,1
948.08,11,Other,4,1178.17,0.8,0,0,0,0,6,0
1461.86,23,Healthcare,2,1351.85,1.08,1,0,0,0,1,0
1425.2,0,Bills,4,1634.7,0.87,0,0,1,0,6,0
561.89,2,Shopping,5,547.36,1.03,1,0,0,0,1,0
3701.06,18,Shopping,6,1101.88,3.36,1,0,0,0,1,0
373.68,9,Money Transfer,4,417.99,0.89,0,0,0,0,7,0
5657.24,5,Rent,3,7312.02,0.77,1,0,0,0,1,0
442.7,10,Money Transfer,2,527.09,0.84,0,0,0,0,2,0
1353.21,12,Bills,2,838.4,1.61,0,0,1,0,2,0
18511.7,17,Education,3,4294.38,4.31,1,0,0,0,1,1
38.47,16,Bills,3,1486.47,0.03,0,0,0,0,3,0
21118.13,10,Money Transfer,4,562.37,37.55,0,0,1,0,10,1
174.08,13,Travel,2,1172.79,0.15,0,0,0,0,4,0
261.51,20,Money Transfer,2,521.67,0.5,0,0,0,0,2,0
739.85,18,Shopping,3,702.14,1.05,0,0,0,1,4,0
15184.22,11,Travel,1,396.18,38.33,1,0,0,0,1,1
1846.66,22,Shopping,2,1337.98,1.38,0,0,0,1,3,0
5189.64,17,Money Transfer,3,3257.73,1.59,0,0,0,0,2,0
1910.68,6,Money Transfer,3,1887.27,1.01,0,0,0,0,2,0
2115.29,4,Travel,5,1978.11,1.07,0,0,0,0,4,0
1166.16,8,Bills,2,702.97,1.66,1,0,0,0,1,0
1760.82,17,Money Transfer,5,1058.58,1.66,0,0,1,0,3,0
3145.91,9,Bills,2,3658.61,0.86,0,1,0,1,6,0
702.39,14,Rent,3,465.52,1.51,1,0,0,0,1,0
45813.29,7,Money Transfer,4,3812.59,12.02,1,0,0,0,1,1
1816.21,20,Travel,5,1489.89,1.22,0,0,0,0,4,0
2904.27,11,Travel,1,3566.84,0.81,0,0,0,1,5,0
4333.86,20,Other,5,988.92,4.38,1,0,0,0,1,1
971.39,21,Shopping,4,1044.77,0.93,0,0,0,0,2,0
2450.41,0,Food,6,2806.92,0.87,0,0,0,0,4,0
3695.94,13,Food,3,3066.78,1.21,1,0,0,0,1,0
466.13,2,Recharge,4,769.63,0.61,0,0,0,0,4,0
7383.35,20,Shopping,3,6792.9,1.09,1,0,0,0,1,0
637.88,14,Bills,3,458.89,1.39,0,0,0,0,2,0
244.06,6,Food,2,427.73,0.57,0,0,1,0,4,0
35194.19,7,Rent,3,1929.21,18.24,0,0,0,2,2,1
1962.95,12,Money Transfer,1,2609.04,0.75,1,1,0,0,1,0
4394.15,21,Money Transfer,2,6134.3,0.72,0,0,0,0,2,1
1417.4,17,Food,3,1234.38,1.15,1,0,0,0,1,0
22340.13,19,Education,1,346.11,64.55,1,0,0,0,1,1
2517.7,11,Food,4,1962.4,1.28,1,0,0,0,1,0
611.26,4,Food,1,915.71,0.67,1,0,0,0,1,0
819.36,22,Money Transfer,3,1321.14,0.62,0,0,0,0,9,0
1232.88,1,Shopping,5,1506.63,0.82,0,0,0,0,4,0
477.8,21,Shopping,3,420.04,1.14,0,0,0,0,8,0
892.99,11,Money Transfer,1,1497.89,0.6,1,0,0,0,1,0
38034.16,0,Money Transfer,1,1300.23,29.25,0,0,0,0,3,1
2757.07,17,Shopping,3,2544.04,1.08,1,0,0,0,1,0
2632.18,22,Money Transfer,3,2167.53,1.21,1,0,0,0,1,0
226.35,22,Money Transfer,2,668.7,0.34,0,1,0,0,2,0
644.15,8,Rent,1,715.52,0.9,0,0,0,0,3,0
2387.82,9,Money Transfer,6,820.24,2.91,1,0,0,0,1,0
792.78,14,Shopping,4,654.91,1.21,0,0,1,0,2,0
2874.27,16,Recharge,1,2227.16,1.29,1,0,0,0,1,0
12623.11,17,Education,3,9642.71,1.31,0,0,0,0,2,0
10.0,9,Travel,3,2200.56,0.0,0,0,1,0,2,0
4440.41,21,Shopping,1,1979.64,2.24,0,0,0,0,2,0
4152.34,16,Bills,3,1249.52,3.32,0,0,0,0,3,0
1848.28,19,Bills,5,974.66,1.9,0,0,1,0,3,0
9068.69,14,Bills,7,4655.91,1.95,0,0,0,0,2,0
7638.26,12,Shopping,3,6552.89,1.17,0,0,0,0,2,0
77109.13,22,Food,2,1536.1,50.2,0,0,0,0,2,1
1209.74,15,Bills,4,916.99,1.32,0,1,0,0,2,0
3887.84,19,Food,4,2946.37,1.32,0,0,0,0,5,0
617.66,21,Food,3,555.76,1.11,1,0,0,0,1,0
4098.75,16,Money Transfer,1,2911.22,1.41,0,0,0,0,6,0
4736.56,14,Food,4,3376.15,1.4,0,0,0,0,2,0
20661.35,0,Shopping,2,540.16,38.25,0,1,1,1,4,1
7104.3,4,Food,1,7079.26,1.0,0,0,0,0,7,0
11038.91,9,Shopping,2,7922.02,1.39,0,0,0,0,7,0
24561.39,9,Money Transfer,3,5268.32,4.66,0,1,0,0,2,1
6646.25,10,Rent,4,1533.45,4.33,1,0,0,0,1,1
1011.49,10,Food,5,808.43,1.25,0,0,1,0,3,0
1597.64,11,Shopping,3,1870.13,0.85,1,0,1,0,1,0
2160.65,12,Travel,2,1280.3,1.69,0,0,0,2,5,0
779.01,7,Bills,6,715.09,1.09,0,0,0,2,4,0
2499.75,4,Shopping,2,1291.95,1.93,0,0,0,0,5,0
1560.62,16,Shopping,4,2262.57,0.69,0,0,0,0,2,0
498.96,14,Shopping,3,432.4,1.15,0,0,1,0,3,0
62202.48,12,Education,3,1030.07,60.39,1,0,0,0,1,1
260.14,16,Food,5,332.32,0.78,0,0,0,0,4,0
1686.26,19,Money Transfer,2,2791.7,0.6,0,0,0,0,2,1
234.42,12,Shopping,2,2142.43,0.11,0,0,0,0,2,0
342.11,16,Food,3,416.5,0.82,0,0,0,1,6,0
6203.42,21,Education,2,6320.89,0.98,0,1,0,1,5,1
1330.14,19,Bills,2,341.19,3.9,0,0,0,0,3,0
2134.52,12,Food,5,1904.7,1.12,0,0,0,1,2,0
3890.01,16,Shopping,1,2995.95,1.3,0,0,0,0,2,0
1296.34,9,Shopping,5,3091.22,0.42,0,0,0,0,2,0
70302.54,14,Shopping,2,362.8,193.78,1,0,0,0,1,0
77386.0,22,Rent,2,4564.0,16.96,0,0,0,1,3,1
13786.89,14,Shopping,2,4811.81,2.87,0,0,0,0,4,0
2892.87,20,Rent,2,1783.46,1.62,0,0,0,0,10,0
1833.84,12,Money Transfer,3,1484.29,1.24,0,0,0,0,2,0
1864.87,23,Healthcare,4,382.63,4.87,0,0,0,0,17,0
2539.37,15,Food,4,1785.78,1.42,1,0,0,0,1,0
1181.19,4,Bills,2,1247.85,0.95,0,0,0,0,3,0
3463.02,15,Travel,5,2967.52,1.17,0,0,0,0,15,0
1537.42,10,Shopping,5,1231.17,1.25,0,1,0,0,3,0
39602.08,3,Travel,3,2371.24,16.7,0,0,0,0,2,1
297.79,18,Rent,4,492.47,0.6,0,0,0,0,3,0
650.46,10,Food,3,556.79,1.17,0,0,0,0,6,0
27839.04,18,Money Transfer,6,570.87,48.77,0,0,0,0,8,1
263.08,10,Other,2,383.87,0.69,0,0,0,1,2,0
22010.44,9,Rent,2,1702.96,12.92,0,0,0,0,5,0
3094.06,22,Rent,4,3143.5,0.98,0,0,0,0,8,0
2263.67,11,Recharge,3,1996.79,1.13,1,0,0,0,1,0
2673.2,15,Shopping,2,1840.01,1.45,0,0,0,0,2,0
10.96,15,Travel,1,2354.49,0.0,0,0,0,0,16,0
591.31,14,Travel,3,1046.96,0.56,0,0,1,1,2,0
726.75,20,Bills,3,1108.82,0.66,0,0,0,0,3,0
1441.27,16,Other,6,979.09,1.47,0,0,0,0,4,0
67271.46,12,Other,5,2541.31,26.47,1,0,0,0,1,1
464.94,19,Shopping,4,617.35,0.75,0,0,0,0,5,0
1347.21,9,Bills,4,323.6,4.16,0,0,0,0,2,0
1090.96,14,Food,6,1932.29,0.56,0,0,0,1,2,0
26477.15,21,Food,2,5437.04,4.87,0,0,0,0,3,0
1336.69,16,Shopping,4,1992.16,0.67,0,0,1,0,2,0
15996.06,18,Food,2,3049.49,5.25,0,0,0,2,2,1
10471.82,16,Other,5,2310.88,4.53,0,0,0,0,3,0
1614.26,19,Recharge,6,1538.46,1.05,0,1,0,0,2,0
3194.95,21,Money Transfer,3,2581.03,1.24,0,0,0,0,2,0
4485.26,10,Shopping,3,3428.15,1.31,1,0,0,0,1,0
790.29,8,Money Transfer,4,758.18,1.04,0,0,0,0,6,0
889.02,13,Bills,3,1037.41,0.86,0,0,0,0,2,0
831.7,17,Travel,4,755.85,1.1,1,0,0,0,1,0
971.56,9,Money Transfer,2,1383.23,0.7,0,0,1,0,5,0
3258.53,0,Shopping,2,4194.09,0.78,1,0,0,0,1,0
1645.26,11,Money Transfer,2,1062.19,1.55,0,0,0,0,3,0
4009.69,22,Money Transfer,4,1144.47,3.5,0,0,0,0,4,0
84.25,17,Recharge,1,3843.73,0.02,1,0,0,0,1,0
39.99,12,Food,5,1603.88,0.02,1,0,0,0,1,0
68401.23,9,Money Transfer,3,1680.03,40.71,1,0,0,0,1,0
5094.44,11,Food,3,3849.33,1.32,0,0,0,0,15,0
1083.88,8,Shopping,4,1513.88,0.72,0,0,0,0,4,0
2696.45,7,Other,1,2359.76,1.14,0,0,0,0,2,0
544.05,20,Money Transfer,4,461.16,1.18,0,0,0,2,2,0
703.84,23,Money Transfer,3,654.21,1.08,0,0,0,0,3,1
3441.64,8,Money Transfer,2,1232.66,2.79,0,0,0,0,2,0
4894.8,5,Travel,4,1529.18,3.2,1,0,0,0,1,0
42471.54,11,Food,4,6372.47,6.66,1,0,0,0,1,0
9708.81,13,Travel,4,6651.33,1.46,0,0,1,0,5,0
34.45,9,Rent,3,3729.24,0.01,0,0,0,0,7,0
884.71,10,Money Transfer,4,982.58,0.9,1,0,0,0,1,0
29321.1,9,Shopping,2,6285.04,4.67,1,0,0,0,1,0
2169.43,18,Food,2,2404.31,0.9,1,0,0,0,1,0
849.77,17,Shopping,4,1198.43,0.71,0,0,0,0,2,0
2684.21,16,Food,1,2477.23,1.08,1,0,0,0,1,0
864.02,12,Education,2,329.99,2.62,1,0,0,0,1,0
696.1,20,Recharge,2,584.41,1.19,0,0,0,0,2,0
3617.74,22,Money Transfer,3,3486.2,1.04,1,0,0,0,1,0
10446.26,8,Money Transfer,4,2167.06,4.82,1,0,1,0,1,1
1555.93,9,Shopping,4,1115.15,1.4,0,0,0,0,4,0
4128.63,14,Travel,5,1550.07,2.66,0,0,0,1,3,0
21884.82,7,Bills,3,4539.68,4.82,0,0,0,0,5,0
1501.12,12,Shopping,4,2097.35,0.72,0,0,0,0,2,0
1448.04,15,Money Transfer,3,1213.94,1.19,1,0,0,1,1,0
435.06,14,Bills,7,530.77,0.82,0,0,0,0,2,0
4060.97,11,Education,6,926.01,4.39,0,0,1,1,5,1
9076.09,14,Shopping,1,7198.14,1.26,1,1,0,0,1,0
1280.64,21,Food,2,1335.22,0.96,1,0,0,0,1,0
1244.17,9,Shopping,1,1449.04,0.86,1,0,1,0,1,0
679.22,16,Shopping,1,1542.62,0.44,0,0,0,0,13,0
15520.83,4,Recharge,3,4179.11,3.71,0,0,0,0,10,0
25178.53,6,Bills,2,1967.09,12.8,0,0,0,0,4,0
1395.49,14,Bills,2,2429.61,0.57,1,0,0,0,1,0
10.0,7,Shopping,1,1188.0,0.01,0,0,0,0,5,0
563.72,2,Bills,5,353.13,1.6,0,0,0,1,3,0
4579.67,8,Money Transfer,4,5111.86,0.9,0,0,0,0,4,0
5577.32,14,Money Transfer,2,5661.19,0.99,0,0,0,0,6,0
6485.91,17,Food,3,5662.08,1.15,0,0,0,0,2,0
4477.86,9,Shopping,3,5478.3,0.82,0,0,0,0,7,0
2548.44,16,Bills,4,3339.67,0.76,0,0,0,0,7,0
1333.5,9,Food,2,2377.02,0.56,0,0,1,0,3,0
2131.11,15,Shopping,1,3650.11,0.58,0,0,0,0,4,0
8779.92,12,Shopping,2,1951.78,4.5,0,0,0,0,2,0
343.23,16,Shopping,2,559.74,0.61,0,0,0,0,3,0
1680.97,23,Shopping,1,1193.33,1.41,0,0,0,0,3,0
10.0,21,Food,4,6691.23,0.0,0,0,0,0,2,0
1272.67,0,Bills,5,1078.56,1.18,0,0,1,0,2,0
17549.92,19,Shopping,3,3942.57,4.45,0,1,0,0,3,1
281.99,6,Shopping,2,476.12,0.59,0,0,1,2,9,0
1392.27,21,Food,2,1032.14,1.35,1,0,0,0,1,0
1262.48,10,Bills,5,1078.05,1.17,0,0,0,0,2,0
1777.04,12,Money Transfer,2,395.37,4.49,0,0,0,0,5,0
397.9,7,Money Transfer,3,528.25,0.75,1,0,0,0,1,0
632.07,7,Food,2,686.35,0.92,0,0,0,0,15,0
10803.25,17,Rent,4,3574.24,3.02,0,0,0,0,4,0
171.2,21,Shopping,3,417.9,0.41,0,0,0,0,7,0
1070.22,15,Travel,2,938.68,1.14,0,0,0,4,6,0
196.93,17,Food,3,318.41,0.62,0,0,0,0,5,0
9788.74,18,Food,1,2441.11,4.01,1,0,0,0,1,0
3399.55,10,Travel,5,2043.09,1.66,0,0,0,0,2,0
2084.3,5,Travel,2,2164.06,0.96,1,0,0,0,1,0
2872.49,0,Shopping,2,1144.23,2.51,0,0,0,0,6,1
747.53,11,Money Transfer,4,720.36,1.04,0,0,0,1,4,0
3197.45,10,Shopping,2,2593.4,1.23,1,0,0,0,1,0
3559.97,6,Shopping,3,3299.94,1.08,0,0,0,0,2,0
359.78,9,Travel,4,568.56,0.63,1,0,0,0,1,0
1382.34,8,Education,4,1500.86,0.92,0,0,0,0,4,0
977.29,20,Healthcare,2,814.75,1.2,0,0,0,0,2,0
176.79,8,Food,2,631.29,0.28,1,0,0,2,1,0
5055.54,14,Shopping,1,2685.87,1.88,0,0,0,0,3,0
46556.23,15,Shopping,1,1690.32,27.54,1,0,0,0,1,1
597.71,14,Bills,3,738.45,0.81,1,0,0,0,1,0
3329.63,7,Food,4,967.91,3.44,1,0,0,0,1,0
27422.41,11,Food,3,6421.45,4.27,0,0,0,0,8,0
42455.43,5,Bills,3,3699.04,11.48,0,0,0,0,2,1
10817.15,12,Travel,3,4115.68,2.63,0,0,0,0,3,0
2999.67,9,Bills,6,1409.18,2.13,0,0,1,0,2,0
2201.86,14,Shopping,5,2059.78,1.07,0,0,0,0,4,0
564.57,17,Travel,3,1151.1,0.49,1,0,0,0,1,0
867.59,14,Education,1,445.62,1.95,1,0,0,1,1,0
1665.85,12,Rent,3,1222.7,1.36,1,0,0,0,1,0
1274.04,12,Food,3,1922.44,0.66,1,0,0,0,1,0
30.6,19,Money Transfer,3,909.26,0.03,0,0,0,0,2,0
9241.05,9,Healthcare,4,3690.39,2.5,1,0,0,0,1,0
42143.08,17,Shopping,4,594.87,70.84,0,0,0,2,2,1
38928.44,18,Food,2,1123.48,34.65,1,0,0,0,1,0
482.22,12,Shopping,3,540.16,0.89,0,0,0,1,3,0
784.58,10,Travel,3,1234.04,0.64,0,0,0,1,6,0
381.69,13,Shopping,2,372.84,1.02,1,0,0,2,1,0
1673.66,7,Shopping,4,872.78,1.92,1,0,0,0,1,0
2049.6,5,Money Transfer,1,1221.69,1.68,0,0,0,1,2,1
1631.33,7,Recharge,1,1470.73,1.11,1,0,0,0,1,0
2242.0,9,Shopping,1,1712.27,1.31,1,0,0,0,1,0
878.62,13,Shopping,1,878.83,1.0,1,0,1,0,1,0
1000.63,19,Bills,3,1632.59,0.61,0,0,0,0,7,0
2407.78,9,Money Transfer,1,1580.38,1.52,0,0,0,0,4,0
93.82,21,Recharge,6,984.1,0.1,0,0,0,0,9,0
4615.47,21,Shopping,3,3491.64,1.32,0,0,0,0,2,0
1725.33,21,Food,2,1719.96,1.0,0,0,0,0,6,0
496.43,19,Shopping,1,1026.97,0.48,0,0,0,0,5,0
71.02,11,Shopping,3,5598.97,0.01,0,0,0,0,6,0
2529.5,6,Travel,1,3657.1,0.69,1,0,0,0,1,0
25558.55,14,Food,5,7591.05,3.37,0,0,0,0,3,0
33646.59,14,Bills,4,2421.15,13.9,0,0,0,0,3,0
1255.02,19,Money Transfer,4,1155.31,1.09,0,1,0,0,3,0
387.03,23,Money Transfer,2,893.46,0.43,0,0,0,0,2,0
2908.42,13,Money Transfer,2,2259.51,1.29,0,1,0,0,5,0
62327.58,11,Other,3,7416.68,8.4,0,0,0,0,10,0
2279.1,9,Rent,2,2073.74,1.1,0,0,0,0,5,0
54745.79,0,Rent,3,4140.86,13.22,0,0,0,0,6,1
718.89,14,Money Transfer,2,1018.45,0.71,0,0,0,0,2,0
61142.98,14,Food,2,1240.47,49.29,0,0,0,0,4,0
68031.42,19,Rent,1,4561.31,14.91,0,0,0,0,2,0
784.85,13,Recharge,3,2845.46,0.28,0,0,0,0,2,0
18122.37,20,Rent,4,7473.27,2.42,0,1,0,2,7,1
3452.24,16,Recharge,1,2983.09,1.16,0,0,0,0,7,0
3585.92,19,Shopping,3,1371.26,2.62,0,0,0,0,4,0
4070.43,8,Food,2,1663.14,2.45,0,0,0,0,6,0
6369.54,19,Recharge,4,4453.96,1.43,0,0,0,0,2,0
1078.44,16,Shopping,4,1743.91,0.62,0,1,0,0,2,0
879.96,8,Healthcare,1,830.83,1.06,0,0,0,0,5,0
4769.85,9,Money Transfer,2,1329.65,3.59,0,0,0,0,2,0
1994.99,20,Healthcare,4,1607.38,1.24,1,0,0,0,1,0
40210.15,3,Travel,3,483.1,83.23,0,0,0,0,2,1
2767.16,13,Money Transfer,3,2750.97,1.01,0,0,0,0,2,0
457.76,11,Shopping,1,508.45,0.9,1,0,0,0,1,0
981.7,16,Money Transfer,2,1234.3,0.8,0,0,0,0,2,0
1771.97,19,Shopping,2,3239.08,0.55,0,0,0,0,8,0
2212.73,11,Shopping,4,1434.55,1.54,0,0,0,1,6,0
76190.41,12,Shopping,2,3621.47,21.04,0,1,0,0,2,1
42352.15,22,Money Transfer,1,1053.07,40.22,0,0,1,0,4,1
5335.39,18,Bills,3,5990.63,0.89,1,0,0,2,1,0
584.21,20,Shopping,4,723.09,0.81,0,0,0,1,4,0
84045.07,12,Shopping,3,370.23,227.01,0,0,0,0,2,0
16568.16,9,Food,3,4006.31,4.14,0,0,0,0,4,0
1728.75,12,Shopping,3,2811.26,0.61,0,0,0,0,3,0
862.68,17,Shopping,3,775.1,1.11,1,0,0,0,1,0
9599.26,7,Shopping,4,7828.73,1.23,0,0,1,0,6,0
1413.05,10,Recharge,4,1555.89,0.91,0,0,0,0,3,0
10422.71,5,Bills,4,5731.09,1.82,0,0,0,0,5,0
2515.41,12,Money Transfer,6,1565.86,1.61,1,0,0,0,1,1
1155.33,19,Food,2,1449.16,0.8,0,0,0,1,3,0
65.32,2,Food,3,1373.29,0.05,1,0,0,1,1,1
4903.16,16,Travel,2,1034.01,4.74,0,0,0,0,6,0
22.8,21,Travel,2,1673.27,0.01,0,0,1,0,9,0
3211.22,10,Food,3,1384.49,2.32,1,0,0,0,1,0
399.39,17,Rent,4,367.39,1.09,0,0,0,0,4,0
605.05,22,Shopping,6,843.05,0.72,1,1,0,0,1,1
994.03,21,Money Transfer,4,731.43,1.36,0,0,0,2,6,1
6043.54,9,Recharge,2,3937.24,1.53,1,0,0,0,1,0
6932.02,7,Food,5,1944.25,3.57,1,0,0,0,1,0
4897.89,8,Bills,2,2896.65,1.69,1,0,0,0,1,0
6589.2,17,Other,2,5956.53,1.11,0,0,0,0,4,0
1690.88,17,Shopping,3,2159.28,0.78,1,0,0,0,1,0
9481.12,16,Travel,1,7593.35,1.25,0,0,1,0,3,0
1380.46,11,Travel,4,972.52,1.42,0,0,0,0,3,0
42500.16,8,Other,3,671.02,63.34,0,0,0,0,2,0
5093.52,15,Other,2,1229.44,4.14,0,0,0,0,3,0
1900.07,13,Travel,4,1445.5,1.31,1,0,0,0,1,1
82.87,17,Shopping,3,4363.04,0.02,0,0,0,0,6,0
2517.26,12,Bills,1,1777.52,1.42,1,0,0,2,1,0
1230.45,11,Shopping,2,922.02,1.33,0,0,1,0,6,0
63316.05,10,Bills,4,2743.06,23.08,0,0,0,4,3,1
3932.44,9,Recharge,3,1568.78,2.51,0,0,0,0,3,0
972.42,10,Money Transfer,2,618.41,1.57,1,0,0,0,1,0
1548.77,7,Food,3,1847.92,0.84,1,0,0,0,1,0
4221.85,11,Money Transfer,4,4662.41,0.91,0,0,0,1,2,0
15164.61,4,Money Transfer,4,3628.4,4.18,1,0,0,0,1,1
616.1,9,Money Transfer,2,1890.93,0.33,0,0,0,0,2,0
741.87,17,Bills,2,1152.02,0.64,0,0,0,0,2,0
1101.94,11,Recharge,4,463.79,2.38,1,0,0,0,1,0
1008.29,16,Healthcare,5,1441.59,0.7,1,1,0,1,1,1
13735.12,17,Shopping,1,2810.36,4.89,0,0,0,0,11,0
90.76,15,Education,6,1104.09,0.08,0,0,0,0,3,0
3280.65,21,Travel,7,783.23,4.19,0,0,0,2,5,1
23360.32,1,Rent,1,5122.5,4.56,1,0,0,0,1,1
45.11,17,Shopping,4,3402.26,0.01,1,0,0,0,1,0
3656.14,21,Rent,1,2130.37,1.72,0,0,0,3,3,1
2589.84,19,Recharge,4,564.76,4.59,0,0,0,0,5,0
478.7,8,Food,5,581.78,0.82,0,1,0,0,3,0
622.27,11,Travel,2,496.1,1.25,0,0,1,3,3,0
1359.79,8,Rent,4,2024.19,0.67,1,0,0,0,1,0
367.77,15,Travel,6,521.05,0.71,0,0,0,0,11,0
2959.51,17,Shopping,4,3628.45,0.82,0,0,0,0,3,0
4740.22,11,Money Transfer,5,9222.34,0.51,1,0,0,0,1,0
3147.47,14,Food,3,1121.26,2.81,0,0,0,0,2,0
1304.39,17,Shopping,3,1388.16,0.94,1,0,0,0,1,0
1350.52,12,Bills,4,2538.55,0.53,0,0,1,0,2,0
829.94,19,Shopping,3,5280.69,0.16,0,0,0,0,4,0
86.42,18,Food,5,4341.36,0.02,0,0,1,0,2,0
422.16,6,Money Transfer,4,406.77,1.04,0,0,0,0,2,0
534.95,15,Food,3,633.38,0.84,0,0,0,0,3,0
8622.7,9,Shopping,3,2828.74,3.05,0,0,1,0,2,0
11566.86,14,Shopping,3,2401.71,4.82,0,0,0,0,2,0
1013.04,21,Recharge,1,557.34,1.82,0,0,0,1,3,0
998.75,19,Rent,2,1555.11,0.64,1,1,0,1,1,0
45309.99,12,Bills,3,3032.11,14.94,0,0,0,0,2,1
549.47,10,Other,5,744.42,0.74,0,0,1,0,14,0
4967.9,9,Shopping,1,3990.32,1.24,0,0,0,0,5,0
502.36,14,Rent,5,397.97,1.26,1,0,0,1,1,0
6603.37,7,Food,3,3043.48,2.17,0,0,1,1,4,1
3329.51,14,Healthcare,3,2021.95,1.65,0,0,0,0,2,0
1087.91,0,Recharge,3,981.53,1.11,1,0,0,2,1,0
79.24,11,Money Transfer,2,2597.34,0.03,0,0,0,0,5,0
2894.24,9,Bills,2,3044.89,0.95,1,1,0,0,1,0
7478.58,22,Shopping,1,5189.83,1.44,0,0,0,0,6,0
963.58,17,Other,4,1125.32,0.86,0,0,0,0,2,0
1358.79,11,Healthcare,3,2385.15,0.57,0,0,0,0,4,0
8680.9,7,Shopping,1,1961.14,4.43,1,0,0,0,1,0
5265.08,14,Rent,4,1640.77,3.21,0,0,0,0,3,0
24638.03,9,Shopping,3,4279.92,5.76,1,0,0,2,1,1
301.56,14,Rent,4,305.71,0.99,1,0,1,0,1,0
1083.11,19,Bills,5,896.59,1.21,0,0,0,0,5,0
47618.24,15,Money Transfer,3,1691.02,28.16,0,0,0,0,6,0
622.06,16,Shopping,1,653.47,0.95,0,0,0,1,6,0
2577.41,14,Money Transfer,2,4592.13,0.56,1,0,0,0,1,0
1773.88,20,Other,5,2177.35,0.81,0,0,0,0,5,0
5380.22,21,Food,3,1469.75,3.66,0,0,0,0,6,0
4142.58,14,Money Transfer,3,3334.42,1.24,0,0,0,0,2,0
1716.87,10,Shopping,4,1379.01,1.25,0,0,0,0,2,0
1920.91,13,Other,2,1772.26,1.08,0,0,0,0,2,0
368.42,9,Bills,3,304.96,1.21,0,1,0,0,2,0
1794.15,16,Rent,3,1119.42,1.6,0,0,0,0,6,1
328.3,13,Shopping,2,568.95,0.58,0,0,0,0,2,0
2994.63,7,Shopping,5,2406.32,1.24,0,0,0,0,2,0
2221.01,9,Shopping,1,1473.7,1.51,1,1,0,0,1,0
737.01,13,Food,1,946.54,0.78,0,0,0,0,4,0
547.19,20,Recharge,6,1435.43,0.38,1,0,0,0,1,0
1753.92,14,Money Transfer,2,723.46,2.42,1,0,0,0,1,0
21218.94,16,Bills,3,4964.56,4.27,0,0,0,0,4,0
445.59,11,Money Transfer,5,399.87,1.11,0,0,0,0,4,0
4056.12,15,Travel,3,3910.03,1.04,1,0,0,0,1,0
57423.36,13,Travel,6,1589.03,36.14,0,0,0,1,9,1
3314.3,16,Shopping,2,2036.67,1.63,0,0,0,0,5,0
3297.93,5,Money Transfer,2,948.73,3.48,0,0,0,0,4,1
6027.97,13,Food,2,6423.83,0.94,0,0,0,0,4,0
902.48,10,Shopping,4,895.94,1.01,0,0,0,0,2,0
1887.13,11,Money Transfer,3,1899.96,0.99,0,0,0,0,2,0
12134.92,21,Food,3,9341.8,1.3,0,0,0,1,6,0
3572.6,9,Other,2,4132.97,0.86,1,0,0,0,1,0
71.33,11,Money Transfer,3,1683.45,0.04,0,0,0,0,5,0
21907.06,14,Bills,3,8658.02,2.53,0,0,0,0,2,0
2379.44,19,Money Transfer,2,2475.39,0.96,0,0,0,1,2,1
1688.66,12,Bills,3,721.34,2.34,0,0,0,0,2,0
756.11,17,Food,1,1236.35,0.61,0,0,0,0,3,0
989.65,19,Education,2,1032.97,0.96,0,0,0,0,4,0
479.59,11,Money Transfer,2,1058.91,0.45,1,0,0,0,1,0
10145.36,12,Food,2,2872.24,3.53,0,1,0,0,3,0
1252.73,11,Food,5,1879.86,0.67,0,0,0,2,2,0
1516.41,19,Money Transfer,2,369.91,4.1,0,0,0,0,5,0
2698.32,5,Shopping,4,4078.6,0.66,0,0,0,0,3,0
1089.75,11,Shopping,3,933.8,1.17,0,0,0,0,2,0
26804.65,16,Shopping,3,10801.95,2.48,0,0,0,0,3,0
28556.43,14,Education,2,5849.88,4.88,0,0,0,0,2,0
8060.02,12,Shopping,4,5380.13,1.5,0,0,0,0,8,0
1899.39,14,Shopping,3,3300.03,0.58,0,0,0,0,2,0
1143.88,9,Travel,4,748.65,1.53,1,0,0,0,1,0
67237.21,12,Money Transfer,2,1669.15,40.28,0,0,0,0,4,1
1018.64,13,Money Transfer,3,757.19,1.35,0,0,0,0,3,0
3441.11,20,Shopping,3,841.2,4.09,0,0,0,0,7,0
1367.95,10,Healthcare,3,1999.29,0.68,1,0,0,1,1,1
432.93,19,Education,3,375.04,1.15,0,0,1,0,3,0
8014.7,16,Education,4,6579.61,1.22,1,0,0,0,1,0
6900.79,1,Money Transfer,2,4816.7,1.43,0,0,0,0,2,0
5278.59,17,Bills,4,1162.69,4.54,0,0,0,0,5,0
1750.31,4,Shopping,1,1604.06,1.09,0,0,1,0,6,0
1222.36,23,Shopping,8,1429.65,0.86,0,0,0,1,6,0
4946.78,19,Shopping,5,4149.78,1.19,0,0,0,1,3,0
1835.63,10,Food,4,2400.03,0.76,0,0,1,1,3,0
660.92,10,Money Transfer,2,886.59,0.75,0,0,0,0,3,1
1815.33,12,Money Transfer,2,1365.8,1.33,0,1,0,0,3,1
1409.22,11,Shopping,3,1308.55,1.08,0,0,0,1,7,0
6797.53,11,Money Transfer,2,6064.3,1.12,1,0,0,0,1,0
862.43,11,Travel,2,646.95,1.33,0,0,0,0,2,0
580.5,15,Money Transfer,8,468.92,1.24,0,0,0,0,3,0
5317.24,8,Travel,3,4125.78,1.29,0,0,0,0,5,0
3439.95,19,Shopping,3,4385.97,0.78,0,0,0,1,5,0
15475.84,18,Bills,2,3996.64,3.87,1,0,0,0,1,0
2127.26,13,Food,3,1587.62,1.34,1,0,0,0,1,0
1949.89,19,Shopping,4,2240.5,0.87,0,0,0,0,7,0
1459.21,10,Shopping,3,1791.58,0.81,0,0,0,0,2,0
658.27,1,Food,4,429.56,1.53,1,0,0,0,1,0
3109.05,15,Bills,2,1930.68,1.61,1,0,0,1,1,0
1533.54,13,Money Transfer,2,324.67,4.72,0,0,0,0,10,0
740.77,14,Rent,4,1007.44,0.74,0,0,0,0,2,0
5430.19,20,Education,3,5146.61,1.06,0,0,0,0,3,0
3197.43,22,Food,3,952.45,3.36,0,0,0,2,4,1
16945.9,16,Money Transfer,6,5358.95,3.16,0,0,0,0,3,0
645.62,18,Money Transfer,3,818.15,0.79,0,0,1,0,2,0
42.52,6,Shopping,2,979.86,0.04,0,0,1,0,2,0
1469.62,8,Food,2,2081.92,0.71,0,0,0,0,6,0
11053.23,17,Money Transfer,4,2881.05,3.84,0,0,0,0,4,0
5211.67,12,Other,4,1552.67,3.36,1,0,0,0,1,0
76.71,12,Money Transfer,2,4148.49,0.02,1,0,0,0,1,0
459.55,11,Money Transfer,2,373.93,1.23,1,0,0,0,1,0
18550.4,15,Food,2,4896.39,3.79,0,1,0,0,2,0
2492.44,9,Recharge,2,693.37,3.59,0,0,0,0,3,1
3916.54,16,Bills,3,4181.21,0.94,0,0,0,0,2,0
1075.38,8,Money Transfer,4,1222.08,0.88,0,0,0,0,5,0
3569.75,6,Travel,2,3518.95,1.01,0,0,0,1,2,0
5359.69,11,Food,5,2304.7,2.33,0,0,0,0,2,0
735.52,9,Money Transfer,1,648.33,1.13,0,0,0,0,2,0
6653.66,20,Shopping,5,4802.91,1.39,0,0,0,0,2,0
3152.54,5,Money Transfer,3,807.1,3.91,0,0,0,0,4,1
507.72,9,Shopping,4,803.82,0.63,1,1,0,0,1,0
11415.75,14,Recharge,6,3329.35,3.43,0,0,1,0,4,0
434.97,13,Money Transfer,3,501.43,0.87,0,0,0,0,3,1
16108.14,5,Healthcare,1,751.93,21.42,1,0,0,0,1,1
2223.53,0,Food,2,1560.95,1.42,1,0,0,0,1,0
5246.91,23,Food,2,3494.58,1.5,1,0,0,0,1,1
741.19,16,Food,4,587.21,1.26,0,0,0,0,5,0
2754.36,11,Shopping,3,1728.01,1.59,0,0,0,1,2,0
3112.45,13,Money Transfer,1,2535.89,1.23,0,0,0,0,5,0
5683.52,10,Shopping,6,3846.67,1.48,0,1,1,0,2,1
3701.69,11,Food,2,5235.79,0.71,1,0,0,0,1,0
2267.93,16,Money Transfer,3,3063.8,0.74,0,0,0,1,6,1
2289.15,19,Bills,2,2204.28,1.04,0,0,0,0,8,0
78999.03,9,Shopping,5,1323.28,59.7,1,0,0,2,1,1
375.54,19,Shopping,5,514.03,0.73,1,0,1,1,1,1
3519.89,7,Money Transfer,6,2526.54,1.39,0,0,0,1,4,0
82.45,9,Recharge,4,9165.01,0.01,0,0,0,4,17,0
6598.49,4,Travel,1,2702.44,2.44,0,0,0,0,6,0
361.29,8,Money Transfer,3,330.33,1.09,1,0,0,0,1,0
1308.52,20,Money Transfer,1,1534.25,0.85,0,0,1,1,3,1
8227.01,13,Shopping,4,2016.47,4.08,0,0,0,0,4,0
2491.79,6,Other,4,2406.24,1.04,0,0,0,0,3,0
51535.05,21,Food,2,2589.58,19.9,0,0,0,0,3,1
78112.7,19,Rent,4,1770.04,44.13,1,0,0,0,1,1
497.41,18,Food,5,755.0,0.66,0,0,0,0,4,0
18538.45,21,Shopping,4,5431.4,3.41,0,0,0,0,4,0
29575.07,9,Healthcare,2,2447.26,12.08,0,0,0,0,3,1
3905.51,19,Shopping,3,786.52,4.97,0,0,0,0,2,0
2020.78,17,Food,4,1000.35,2.02,1,1,0,0,1,0
4344.89,19,Shopping,3,4890.22,0.89,0,0,0,0,3,0
4165.12,18,Travel,4,4232.41,0.98,1,0,0,1,1,0
1179.13,11,Bills,3,1234.99,0.95,1,0,0,1,1,0
1109.37,18,Travel,3,370.31,3.0,0,0,0,0,5,0
721.3,10,Food,4,389.48,1.85,0,0,0,0,4,0
1331.98,11,Recharge,2,901.13,1.48,0,0,0,0,3,0
36.9,7,Shopping,5,2085.39,0.02,0,0,0,0,8,0
829.54,21,Money Transfer,3,1879.57,0.44,0,0,0,0,2,0
2334.06,10,Shopping,4,2108.37,1.11,0,0,0,2,2,0
5655.86,14,Other,3,2573.96,2.2,0,0,0,1,2,0
406.06,12,Money Transfer,4,334.59,1.21,0,0,0,0,2,0
436.24,21,Travel,4,499.85,0.87,0,0,0,0,3,0
1274.54,11,Travel,4,1101.86,1.16,0,0,0,0,5,0
311.98,18,Shopping,5,602.86,0.52,1,1,1,1,1,1
471.96,19,Shopping,2,440.95,1.07,0,0,0,0,2,0
2041.86,12,Rent,3,2143.8,0.95,0,0,0,0,2,0
8762.41,12,Money Transfer,2,3340.6,2.62,1,0,0,0,1,0
2471.04,17,Shopping,2,2814.34,0.88,0,0,1,0,4,0
3575.55,20,Shopping,3,3357.28,1.07,1,0,0,0,1,0
1696.7,18,Education,3,2273.13,0.75,0,0,0,0,3,0
11614.68,9,Healthcare,2,2692.79,4.31,1,0,0,0,1,0
24365.95,20,Money Transfer,2,870.87,27.98,1,0,0,0,1,1
9255.17,12,Money Transfer,4,9233.39,1.0,0,0,0,0,2,1
45802.72,15,Shopping,4,664.17,68.96,0,0,0,0,2,0
2487.77,19,Travel,3,734.57,3.39,0,0,0,1,5,0
583.59,9,Bills,6,913.75,0.64,0,0,0,0,2,0
7683.32,18,Shopping,3,6964.08,1.1,0,0,0,0,7,0
31470.05,15,Shopping,2,8304.94,3.79,0,0,0,4,6,0
4004.62,20,Bills,1,3151.61,1.27,1,0,0,4,1,1
2105.44,8,Food,2,2085.08,1.01,1,0,1,0,1,0
2075.75,12,Shopping,6,1621.38,1.28,1,0,0,0,1,0
39.55,19,Food,4,6649.45,0.01,0,0,0,0,2,0
75364.08,1,Money Transfer,1,2441.08,30.87,0,0,0,0,3,1
10130.45,7,Money Transfer,1,5511.95,1.84,1,0,0,0,1,0
4745.59,23,Bills,3,985.09,4.82,0,0,1,0,3,0
80809.51,10,Bills,3,1031.03,78.38,0,0,0,0,3,1
3746.4,22,Money Transfer,1,3772.42,0.99,0,0,0,1,4,0
1494.05,9,Healthcare,1,592.23,2.52,0,0,0,2,3,0
4840.43,11,Money Transfer,4,5551.39,0.87,0,0,0,0,5,1
17970.46,17,Bills,5,1574.78,11.41,0,0,0,0,3,1
11182.06,16,Money Transfer,4,4996.74,2.24,0,0,0,0,8,0
1521.51,15,Recharge,1,1039.2,1.46,0,1,0,1,4,0
2271.29,14,Recharge,2,2565.55,0.89,0,0,0,0,2,0
64.17,19,Shopping,3,1487.05,0.04,1,0,0,1,1,0
277.81,9,Recharge,5,2074.17,0.13,1,0,0,0,1,0
829.92,12,Bills,3,1563.48,0.53,1,0,0,0,1,0
1445.86,8,Bills,3,6446.56,0.22,1,0,0,0,1,0
2154.17,15,Shopping,2,2420.4,0.89,1,0,0,1,1,0
881.16,10,Bills,2,821.0,1.07,0,0,0,0,4,1
5500.95,11,Education,7,4627.85,1.19,0,0,1,0,2,0
769.5,13,Rent,3,926.73,0.83,0,1,1,0,2,1
1491.45,2,Healthcare,3,1136.26,1.31,1,0,0,1,1,0
1492.5,7,Shopping,7,493.9,3.02,0,0,0,0,3,0
4436.4,17,Shopping,2,4444.05,1.0,0,0,0,0,3,0
1182.89,12,Food,3,906.65,1.3,0,0,1,1,6,0
779.56,19,Food,3,839.36,0.93,0,1,1,1,2,1
6143.53,17,Food,2,4852.23,1.27,1,0,0,2,1,0
81.14,0,Shopping,3,3247.43,0.02,1,0,0,1,1,1
60652.81,15,Healthcare,2,573.74,105.71,1,0,0,0,1,1
3115.58,7,Shopping,4,2940.14,1.06,1,0,0,0,1,0
23155.23,18,Shopping,2,4696.01,4.93,0,1,0,1,5,1
523.6,23,Shopping,3,447.18,1.17,1,1,1,0,1,0
8483.66,14,Food,2,3439.56,2.47,1,0,0,0,1,0
6355.06,16,Recharge,4,1727.02,3.68,0,0,0,0,4,0
1015.94,10,Food,2,2291.22,0.44,1,0,0,0,1,0
1722.61,12,Bills,3,1522.12,1.13,0,0,0,0,10,0
1551.39,19,Shopping,2,2454.02,0.63,0,0,0,0,6,0
237.68,8,Food,3,362.45,0.66,0,0,0,0,4,0
1560.31,10,Money Transfer,4,2889.23,0.54,0,0,0,1,2,0
73.72,12,Money Transfer,4,361.04,0.2,1,0,0,0,1,0
50395.47,17,Shopping,5,1393.54,36.16,0,0,0,0,2,0
731.84,11,Travel,2,594.58,1.23,0,0,0,0,2,0
2365.83,20,Money Transfer,3,3422.74,0.69,1,0,0,0,1,0
3038.99,7,Bills,3,977.49,3.11,1,0,1,0,1,0
1603.59,11,Money Transfer,5,1389.55,1.15,0,0,0,0,4,1
1096.47,17,Shopping,2,1307.87,0.84,1,0,0,0,1,0
3178.59,9,Food,4,2965.1,1.07,0,0,0,1,4,0
1771.48,16,Shopping,2,1481.03,1.2,0,0,0,0,3,0
3797.28,8,Education,5,3100.26,1.22,0,0,0,0,7,0
1171.61,5,Food,2,437.43,2.68,0,0,0,0,5,0
22642.61,7,Shopping,4,682.84,33.16,1,1,0,1,1,1
794.2,21,Healthcare,6,1743.46,0.46,0,1,0,1,3,1
17.13,14,Money Transfer,2,5590.44,0.0,0,0,0,0,3,0
64275.46,18,Shopping,6,439.86,146.13,0,0,1,0,6,0
727.9,11,Food,2,379.27,1.92,0,0,0,0,3,0
44477.32,15,Rent,1,606.46,73.34,1,1,0,0,1,1
452.3,13,Bills,3,2144.75,0.21,1,0,0,0,1,0
705.45,21,Bills,3,1216.47,0.58,0,0,0,0,3,0
4139.32,17,Other,5,3443.04,1.2,0,0,0,0,7,0
29.27,17,Money Transfer,2,434.37,0.07,0,0,0,0,7,0
911.3,5,Money Transfer,7,693.61,1.31,0,0,0,2,2,1
1125.44,14,Bills,2,942.08,1.19,0,0,0,0,5,0
2780.33,13,Shopping,2,2073.82,1.34,0,1,0,0,3,0
8136.25,20,Food,4,2380.32,3.42,0,0,0,0,2,0
1912.1,10,Food,4,538.72,3.55,0,0,0,0,2,0
48995.4,10,Shopping,4,5482.06,8.94,0,0,0,3,4,1
3261.15,12,Money Transfer,4,1050.78,3.1,0,0,1,0,3,0
4115.26,10,Education,2,2547.95,1.62,0,0,0,0,2,0
3510.54,8,Education,4,1636.99,2.14,0,0,0,0,5,0
998.92,19,Shopping,2,753.61,1.33,0,0,0,0,2,0
4749.91,14,Shopping,5,3670.12,1.29,0,0,0,0,3,0
3837.9,19,Rent,1,3369.1,1.14,0,0,0,0,2,1
1109.55,19,Education,2,1207.74,0.92,1,0,1,0,1,0
3610.19,10,Shopping,2,1898.77,1.9,1,0,0,0,1,0
1219.45,14,Travel,1,836.71,1.46,0,0,0,0,3,0
1416.22,6,Shopping,3,2407.27,0.59,0,0,0,0,5,0
781.56,20,Food,2,965.38,0.81,0,0,0,0,2,0
2705.21,12,Money Transfer,5,3645.13,0.74,0,0,0,0,2,0
619.52,12,Bills,1,741.21,0.84,0,0,0,0,2,0
490.92,10,Shopping,4,326.85,1.5,0,0,0,0,3,0
45.2,13,Food,10,862.8,0.05,0,0,0,1,2,0
35934.42,10,Shopping,4,681.64,52.72,1,0,0,0,1,0
2123.79,11,Travel,1,1577.75,1.35,0,0,0,1,5,0
156.92,18,Education,4,710.01,0.22,1,0,0,1,1,0
2875.41,19,Shopping,1,2892.89,0.99,0,0,0,0,4,0
1204.4,10,Education,3,797.24,1.51,0,0,0,0,2,0
1943.68,13,Food,5,2509.45,0.77,0,0,0,0,3,0
2354.5,19,Shopping,4,1854.96,1.27,0,0,0,0,6,0
39471.81,5,Money Transfer,5,8016.07,4.92,1,0,0,0,1,1
14073.67,20,Shopping,2,15000.0,0.94,0,0,0,0,5,0
63.4,9,Travel,3,3965.85,0.02,1,0,0,1,1,0
70008.31,16,Bills,6,2868.68,24.4,0,0,0,0,8,1
1406.0,15,Shopping,2,1179.31,1.19,1,0,0,0,1,0
1745.03,14,Money Transfer,3,2819.08,0.62,0,0,0,0,5,0
6107.85,19,Bills,1,5950.27,1.03,1,0,0,0,1,0
31.53,7,Recharge,2,342.58,0.09,0,0,1,0,2,0
2596.82,11,Money Transfer,3,1689.61,1.54,0,0,0,0,3,0
387.15,14,Healthcare,3,742.62,0.52,0,0,0,1,4,0
1952.84,18,Food,5,1769.1,1.1,0,0,1,0,4,0
6104.93,9,Money Transfer,1,1430.75,4.27,0,0,0,0,2,0
2064.1,18,Bills,6,1843.46,1.12,0,0,0,0,4,1
5291.51,12,Money Transfer,2,1741.17,3.04,0,0,0,0,2,0
3739.59,9,Money Transfer,1,6098.8,0.61,0,0,0,0,3,0
1535.09,18,Money Transfer,2,1746.08,0.88,0,0,0,0,3,0
1502.51,7,Bills,1,3670.16,0.41,1,0,0,0,1,0
3417.27,14,Bills,2,993.72,3.44,0,0,0,0,6,0
21371.78,6,Money Transfer,2,1337.58,15.98,0,0,0,2,6,0
5706.96,11,Money Transfer,6,1444.19,3.95,1,0,0,0,1,1
38.44,15,Money Transfer,3,888.13,0.04,0,0,0,0,2,0
1650.46,14,Food,3,1159.86,1.42,0,0,0,2,2,0
1952.17,12,Shopping,1,1942.64,1.0,0,0,0,0,3,0
5046.33,12,Bills,3,1862.31,2.71,1,0,0,0,1,0
830.03,9,Money Transfer,2,2121.24,0.39,0,0,0,0,4,0
935.07,13,Money Transfer,2,1080.45,0.87,0,0,0,0,6,0
1240.6,21,Shopping,6,983.19,1.26,1,0,1,2,1,0
15124.04,19,Shopping,4,2002.38,7.55,0,0,0,0,7,0
560.03,8,Healthcare,3,556.6,1.01,0,0,1,0,6,0
1072.62,3,Money Transfer,5,825.12,1.3,0,0,0,1,3,1
550.2,21,Shopping,1,377.47,1.46,1,0,0,0,1,0
1450.13,14,Money Transfer,4,435.69,3.33,1,0,0,0,1,0
668.75,14,Money Transfer,2,802.02,0.83,0,0,1,0,2,0
230.62,18,Shopping,5,335.5,0.69,0,0,0,0,2,0
1850.63,11,Money Transfer,2,806.85,2.29,0,0,1,0,3,0
1546.98,13,Food,5,2215.46,0.7,0,0,0,0,5,0
686.34,22,Food,3,413.5,1.66,0,0,0,0,8,0
5230.53,16,Money Transfer,4,1333.21,3.92,0,0,1,3,5,1
4561.16,8,Money Transfer,3,4697.58,0.97,0,0,0,0,7,0
8327.48,8,Healthcare,2,3120.21,2.67,0,0,0,0,2,0
745.7,9,Money Transfer,2,956.05,0.78,1,0,0,0,1,0
5250.18,18,Rent,3,4957.82,1.06,1,0,0,1,1,0
586.06,10,Shopping,1,1019.91,0.57,1,0,0,0,1,0
1443.67,1,Money Transfer,2,435.5,3.31,0,0,0,0,3,0
41622.28,21,Bills,1,9525.66,4.37,0,0,0,0,2,0
8153.2,8,Shopping,2,3972.71,2.05,1,0,0,0,1,0
1818.34,0,Travel,5,1429.02,1.27,0,0,0,0,6,0
1955.36,10,Shopping,4,2275.94,0.86,0,0,0,2,12,0
1649.11,9,Money Transfer,1,2302.3,0.72,1,0,0,0,1,0
709.5,12,Bills,3,689.29,1.03,1,0,0,0,1,0
1012.8,20,Money Transfer,4,701.77,1.44,0,1,0,0,2,1
4652.05,19,Food,2,1441.36,3.23,0,0,1,0,2,0
3836.34,13,Shopping,1,4666.04,0.82,0,0,0,2,5,0
1331.64,12,Travel,4,318.08,4.19,0,0,0,0,3,0
1970.86,14,Shopping,2,3046.05,0.65,1,0,0,0,1,0
218.36,10,Education,2,406.65,0.54,0,1,0,0,3,0
1703.71,5,Shopping,4,1470.92,1.16,0,0,0,0,2,0
1772.09,21,Education,1,2128.37,0.83,0,0,1,0,10,0
3610.54,9,Money Transfer,5,2389.41,1.51,0,0,0,0,2,0
502.77,9,Travel,2,408.47,1.23,0,1,0,0,8,0
1341.55,13,Money Transfer,5,1276.18,1.05,1,0,0,3,1,1
1446.24,13,Recharge,4,1878.02,0.77,1,0,0,0,1,0
700.87,1,Shopping,3,422.99,1.66,0,0,0,0,2,0
345.71,8,Shopping,3,561.24,0.62,0,0,0,3,7,0
2285.86,12,Money Transfer,2,2261.28,1.01,0,0,0,0,3,0
68868.61,16,Shopping,1,1627.3,42.32,0,0,0,0,5,1
17.52,9,Shopping,2,617.76,0.03,1,0,1,0,1,0
1606.32,12,Healthcare,2,1679.22,0.96,1,0,1,2,1,0
2088.97,14,Other,4,4688.97,0.45,1,0,0,0,1,0
244.52,20,Money Transfer,1,328.28,0.74,0,0,0,0,3,0
26.46,11,Recharge,3,2152.19,0.01,0,0,0,1,6,1
472.73,8,Food,3,437.71,1.08,0,0,1,1,2,0
690.1,13,Rent,5,311.65,2.21,1,1,0,0,1,0
535.81,17,Travel,3,593.92,0.9,0,0,0,2,3,1
3454.41,7,Food,1,1289.55,2.68,1,0,0,0,1,0
53.65,12,Other,3,3218.21,0.02,0,0,0,0,3,0
763.9,1,Rent,3,895.78,0.85,1,0,0,0,1,0
2674.1,3,Travel,5,2068.73,1.29,0,1,0,0,5,0
975.46,13,Shopping,3,1253.27,0.78,0,0,0,0,5,0
922.62,10,Shopping,2,780.61,1.18,0,0,0,0,3,0
1322.43,19,Shopping,5,1599.7,0.83,1,0,0,2,1,0
4302.54,15,Other,5,3174.31,1.36,1,0,0,0,1,0
4625.14,13,Bills,3,3516.11,1.32,1,0,0,0,1,0
4432.63,12,Bills,1,3673.53,1.21,0,0,0,0,3,0
3432.27,13,Money Transfer,4,1044.0,3.29,1,0,0,0,1,0
3318.17,4,Money Transfer,3,3139.04,1.06,0,0,0,0,6,0
1031.82,20,Shopping,2,729.27,1.41,0,0,0,0,6,0
54140.6,23,Rent,3,2713.86,19.95,1,0,0,0,1,1
4857.38,9,Money Transfer,2,5635.08,0.86,0,0,0,0,4,0
402.12,7,Bills,4,324.91,1.24,0,0,0,0,4,0
1836.31,8,Food,2,1344.84,1.37,0,0,0,1,2,0
1312.4,16,Shopping,2,2178.25,0.6,1,0,0,0,1,0
2040.15,16,Shopping,5,2477.84,0.82,1,0,1,0,1,0
881.55,19,Shopping,1,648.64,1.36,0,0,0,2,4,0
27587.71,17,Money Transfer,6,6747.81,4.09,1,0,0,0,1,0
1052.42,13,Recharge,5,2019.36,0.52,0,0,0,0,3,0
246.96,15,Food,2,623.16,0.4,0,0,0,1,6,0
252.78,17,Bills,5,337.32,0.75,0,0,0,0,3,0
75.11,14,Money Transfer,1,3052.34,0.02,0,0,0,0,11,0
509.38,13,Money Transfer,2,449.51,1.13,0,0,0,0,3,0
776.02,16,Shopping,2,573.68,1.35,0,0,0,0,2,0
27.83,14,Education,3,1839.48,0.02,0,0,0,0,6,0
2590.12,16,Bills,1,1965.17,1.32,0,0,1,0,2,0
33105.43,15,Shopping,6,2390.14,13.85,0,0,0,0,10,1
2393.19,17,Money Transfer,5,1200.13,1.99,0,0,0,0,2,0
6566.91,16,Money Transfer,1,2976.19,2.21,0,0,0,0,9,0
24154.44,14,Food,2,6894.38,3.5,1,0,0,1,1,0
10.0,16,Healthcare,1,869.18,0.01,1,0,1,0,1,0
3255.23,13,Food,2,2485.42,1.31,1,0,0,1,1,0
9245.86,10,Food,4,5047.72,1.83,1,0,0,0,1,0
1024.08,0,Shopping,4,2386.7,0.43,0,0,0,0,4,0
4705.23,14,Shopping,3,2357.23,2.0,1,0,0,0,1,0
518.68,15,Shopping,4,755.96,0.69,0,0,0,0,3,0
7896.04,22,Shopping,3,1678.8,4.7,0,0,0,1,4,1
4834.82,11,Travel,1,1788.12,2.7,0,1,1,0,4,0
3319.84,12,Travel,3,2467.93,1.35,0,0,0,2,6,0
12104.18,9,Shopping,1,10652.39,1.14,1,0,0,0,1,0
179.26,6,Bills,3,361.6,0.5,1,0,0,2,1,0
470.9,18,Shopping,3,421.42,1.12,1,0,0,0,1,0
464.8,10,Money Transfer,2,446.08,1.04,1,0,0,0,1,0
62958.54,15,Shopping,4,2745.48,22.93,0,0,0,1,2,0
1495.54,17,Money Transfer,2,563.87,2.65,0,0,0,3,10,0
41392.74,13,Rent,2,2053.3,20.16,0,0,1,0,2,1
47982.29,19,Money Transfer,3,1006.59,47.67,0,0,0,0,2,1
905.64,12,Money Transfer,1,1400.22,0.65,0,0,0,0,5,0
533.92,10,Other,2,737.25,0.72,0,0,0,0,8,0
34002.44,20,Shopping,3,3919.28,8.68,0,0,0,0,10,0
1971.75,19,Shopping,2,1888.05,1.04,0,0,0,0,5,0
7955.41,8,Shopping,2,5506.52,1.44,0,0,0,0,2,0
2077.6,2,Food,3,1838.49,1.13,1,1,0,0,1,1
38162.09,7,Shopping,5,538.11,70.92,0,0,0,0,3,1
22499.2,10,Bills,4,637.28,35.31,1,0,0,0,1,0
30802.37,22,Money Transfer,2,8429.89,3.65,1,0,0,0,1,0
2795.0,14,Food,2,2627.47,1.06,0,0,0,0,8,0
290.79,11,Food,5,390.96,0.74,0,0,0,0,2,0
3795.89,20,Shopping,2,2489.98,1.52,0,0,0,0,2,0
28.41,13,Shopping,4,1256.38,0.02,0,0,0,0,3,0
1186.45,11,Money Transfer,2,960.65,1.24,0,0,0,0,2,0
653.86,21,Food,1,601.15,1.09,0,0,0,0,2,0
90.12,19,Shopping,5,3597.57,0.03,0,0,0,0,7,0
84368.42,19,Shopping,2,418.75,201.48,0,0,0,0,5,0
959.15,14,Other,3,916.07,1.05,1,0,0,0,1,0
73.49,18,Shopping,1,958.5,0.08,1,0,0,1,1,0
743.82,9,Bills,4,615.78,1.21,0,0,0,0,4,0
2271.6,15,Bills,4,1577.37,1.44,0,0,0,2,3,0
723.39,22,Rent,2,321.19,2.25,0,0,0,0,5,0
4100.5,10,Shopping,1,944.53,4.34,0,0,0,0,4,0
18.53,18,Shopping,1,5182.5,0.0,0,0,0,0,4,0
38877.19,13,Travel,2,969.3,40.11,0,0,0,0,6,1
1973.62,4,Food,5,1104.61,1.79,0,0,0,0,5,0
59.0,18,Bills,2,1453.56,0.04,1,0,0,2,1,0
32851.97,8,Recharge,5,1784.71,18.41,0,0,0,0,6,0
2636.06,16,Travel,3,3277.12,0.8,0,0,0,0,2,0
640.56,6,Shopping,2,680.01,0.94,0,0,0,0,7,0
13172.52,21,Shopping,2,3996.74,3.3,0,0,0,0,5,0
4617.57,10,Bills,6,2850.52,1.62,1,0,0,2,1,1
2740.31,9,Shopping,2,2608.46,1.05,0,0,0,0,5,0
469.54,8,Shopping,5,463.45,1.01,0,0,0,1,2,0
177.38,21,Travel,2,339.38,0.52,0,0,0,0,11,0
6624.13,17,Money Transfer,1,1922.58,3.45,0,0,0,0,2,0
4641.88,17,Recharge,2,3879.75,1.2,1,0,0,0,1,0
2092.86,13,Food,6,1880.64,1.11,1,0,0,2,1,0
32641.32,13,Shopping,4,731.69,44.61,0,0,0,0,2,0
483.3,7,Healthcare,3,470.79,1.03,0,0,1,0,3,0
2061.14,14,Rent,1,2464.73,0.84,1,0,0,0,1,0
3599.73,10,Money Transfer,2,2602.75,1.38,0,0,0,1,3,0
691.85,22,Money Transfer,5,640.89,1.08,0,1,1,0,2,1
209.52,18,Shopping,2,351.47,0.6,0,0,0,0,6,0
1103.61,12,Money Transfer,3,1244.51,0.89,0,0,0,1,2,0
869.73,8,Shopping,2,1873.19,0.46,0,0,0,1,2,0
3437.4,18,Money Transfer,1,2503.53,1.37,0,0,0,0,2,0
3767.27,7,Money Transfer,1,3288.8,1.15,0,0,0,0,3,0
2084.85,9,Bills,2,1997.38,1.04,0,0,0,0,6,0
440.45,9,Bills,1,511.54,0.86,0,1,1,0,4,0
2801.2,14,Shopping,7,2365.56,1.18,0,0,1,0,2,0
9776.41,18,Money Transfer,3,7763.28,1.26,0,0,0,0,3,0
11752.18,11,Money Transfer,3,4548.09,2.58,0,0,0,0,2,0
8707.92,6,Shopping,1,3995.66,2.18,1,0,1,1,1,0
2429.72,13,Bills,6,947.6,2.56,0,0,0,0,2,0
3333.08,17,Travel,2,2801.01,1.19,0,0,0,0,2,0
2701.62,9,Shopping,4,3728.11,0.72,0,0,0,0,2,0
2737.31,9,Money Transfer,4,2341.59,1.17,0,1,0,1,4,0
926.05,21,Shopping,4,819.18,1.13,0,1,0,1,8,0
6623.15,21,Food,4,5835.92,1.13,0,0,0,1,2,1
4132.56,23,Shopping,2,1378.79,3.0,1,0,0,0,1,0
559.44,18,Other,4,550.27,1.02,1,0,0,0,1,0
756.17,9,Bills,2,509.31,1.48,1,0,0,0,1,0
1499.65,9,Money Transfer,2,2176.97,0.69,0,0,0,1,8,0
80908.6,11,Food,3,1336.33,60.55,0,0,0,0,16,1
78911.88,11,Recharge,6,478.65,164.86,1,0,0,0,1,1
2681.94,21,Food,2,2727.26,0.98,0,0,0,0,2,0
28076.62,18,Shopping,1,3190.92,8.8,0,0,0,0,4,1
2782.54,17,Money Transfer,2,2626.49,1.06,1,0,0,0,1,0
739.22,9,Bills,2,706.75,1.05,0,0,0,0,3,0
3558.39,20,Food,7,2406.83,1.48,0,0,0,0,5,0
924.16,19,Food,3,319.41,2.89,0,0,0,0,6,0
3201.89,8,Education,3,955.21,3.35,0,0,0,1,4,0
1201.98,19,Recharge,1,1215.95,0.99,1,0,0,0,1,0
4206.26,10,Recharge,5,3545.95,1.19,0,0,0,0,2,0
78180.63,6,Shopping,5,1190.9,65.65,0,0,0,0,10,0
54.58,16,Food,5,320.4,0.17,1,0,1,0,1,0
737.29,16,Travel,4,1081.92,0.68,0,0,0,0,2,0
1962.13,7,Bills,5,1543.8,1.27,0,0,1,0,2,0
81514.95,11,Food,2,5656.84,14.41,1,0,1,0,1,1
7103.14,23,Shopping,4,5395.44,1.32,0,0,0,0,2,0
546.02,16,Bills,5,659.13,0.83,1,0,0,0,1,0
3028.91,17,Travel,2,668.54,4.53,0,0,0,0,6,0
476.5,9,Shopping,2,621.1,0.77,1,0,0,0,1,0
9222.07,6,Money Transfer,3,3099.95,2.97,0,0,0,0,3,0
1458.84,10,Shopping,3,310.87,4.69,0,0,0,1,8,0
143.47,10,Money Transfer,3,544.84,0.26,0,0,0,0,9,0
61.05,9,Shopping,2,1689.79,0.04,0,0,0,0,3,0
22274.15,9,Money Transfer,3,811.99,27.43,1,0,0,0,1,1
279.25,15,Food,2,474.43,0.59,1,0,0,0,1,1
691.09,11,Food,3,1102.97,0.63,0,0,0,0,4,0
44302.85,18,Food,3,876.88,50.52,0,0,0,0,12,1
57.51,9,Bills,3,1588.09,0.04,1,0,0,0,1,0
7746.48,13,Shopping,5,7273.95,1.06,0,0,0,0,5,0
542.19,1,Shopping,4,538.93,1.01,1,0,0,0,1,0
1202.18,13,Education,2,1139.47,1.06,1,0,0,0,1,0
8673.66,5,Shopping,5,5138.45,1.69,0,0,0,0,3,0
1645.74,22,Other,1,4070.17,0.4,1,1,0,0,1,0
1241.33,18,Bills,2,1202.38,1.03,0,0,0,0,3,0
793.4,13,Money Transfer,3,2460.88,0.32,0,0,0,0,2,0
502.06,6,Other,3,465.53,1.08,1,0,0,0,1,0
2964.2,15,Shopping,5,2544.02,1.17,0,0,0,0,3,0
7497.05,18,Money Transfer,2,6791.99,1.1,1,0,0,0,1,0
5004.81,9,Food,2,1687.95,2.97,0,0,0,0,4,0
2044.04,14,Money Transfer,2,1542.24,1.33,0,0,1,0,3,0
894.33,18,Recharge,4,673.35,1.33,0,1,0,0,9,0
2259.5,18,Shopping,7,2108.18,1.07,1,0,0,0,1,0
2346.3,18,Food,4,1906.8,1.23,0,1,0,0,4,0
4770.41,19,Food,3,2199.65,2.17,0,0,0,0,2,0
333.33,21,Food,4,347.57,0.96,0,0,0,0,2,0
1967.95,12,Rent,3,1732.22,1.14,0,0,1,0,2,0
2125.9,14,Money Transfer,2,1926.67,1.1,0,0,0,1,2,0
348.22,18,Bills,3,718.68,0.48,0,0,0,1,2,0
356.61,17,Shopping,1,720.51,0.49,1,0,0,0,1,0
1440.7,23,Bills,3,881.88,1.63,0,1,0,0,6,0
2520.79,1,Food,2,2538.89,0.99,0,0,0,0,6,0
536.28,11,Bills,2,1977.74,0.27,1,0,1,0,1,1
14911.22,10,Travel,2,3664.67,4.07,0,0,0,0,5,0
495.65,10,Shopping,2,930.89,0.53,1,0,0,2,1,0
5408.77,9,Food,1,4676.15,1.16,0,0,0,2,5,0
2773.26,17,Education,3,2750.58,1.01,0,0,0,0,3,0
25131.74,6,Money Transfer,3,1204.58,20.86,0,0,0,0,2,1
489.83,17,Healthcare,4,480.2,1.02,0,0,0,0,3,0
818.2,17,Money Transfer,4,834.67,0.98,0,0,0,0,2,0
6222.13,10,Shopping,4,5954.12,1.05,0,0,0,0,3,0
659.17,10,Money Transfer,4,968.86,0.68,0,0,0,0,2,0
1416.2,16,Healthcare,4,1020.59,1.39,0,0,0,0,5,0
44.97,18,Money Transfer,4,678.38,0.07,1,0,0,0,1,0
4873.51,19,Education,4,3259.72,1.5,0,0,0,0,2,1
884.08,19,Education,5,880.45,1.0,0,0,0,0,3,0
843.44,21,Money Transfer,1,1021.55,0.83,0,0,0,0,3,0
60091.15,15,Shopping,1,1263.05,47.58,1,0,1,0,1,1
2018.57,20,Travel,2,1323.63,1.53,1,0,0,0,1,1
1652.86,18,Money Transfer,2,1253.83,1.32,1,0,0,0,1,0
2176.55,20,Bills,4,1561.19,1.39,0,0,0,0,2,0
3162.45,0,Money Transfer,3,3332.59,0.95,0,0,0,0,2,1
3811.67,22,Money Transfer,6,3379.5,1.13,0,0,0,1,3,1
72.16,13,Bills,4,3181.87,0.02,0,0,0,1,2,0
536.69,18,Money Transfer,2,491.9,1.09,0,0,0,0,2,0
2536.75,8,Money Transfer,1,3194.1,0.79,0,0,0,0,6,0
73825.14,12,Money Transfer,3,530.62,139.13,0,0,0,0,3,1
676.11,10,Money Transfer,1,539.79,1.25,0,0,0,0,3,0
39925.13,10,Food,7,5616.98,7.11,0,0,0,0,2,1
3475.96,8,Bills,6,3380.63,1.03,0,0,0,0,5,0
3291.54,18,Money Transfer,4,1746.98,1.88,1,0,0,2,1,1
4578.4,0,Food,3,4042.57,1.13,0,0,0,0,2,1
7854.47,11,Travel,5,8478.43,0.93,1,0,0,3,1,1
2870.43,8,Rent,5,1997.86,1.44,1,0,0,0,1,0
28.96,15,Rent,1,2008.32,0.01,1,0,0,0,1,0
6842.93,10,Recharge,2,2827.49,2.42,0,0,0,0,2,0
846.89,10,Travel,3,775.46,1.09,0,0,0,0,4,0
10.0,13,Food,2,629.17,0.02,0,0,1,1,2,1
233.26,16,Food,2,2865.67,0.08,1,0,0,0,1,0
1909.86,7,Shopping,3,1061.35,1.8,0,0,0,0,4,0
82.9,9,Food,4,561.19,0.15,1,0,0,0,1,0
62989.97,10,Money Transfer,2,980.68,64.23,0,0,0,0,4,0
1587.36,22,Food,3,1099.49,1.44,1,0,0,0,1,0
6942.59,12,Money Transfer,2,6346.08,1.09,0,0,0,0,2,0
1322.42,15,Shopping,5,2454.95,0.54,0,0,0,1,3,0
1385.6,10,Shopping,2,1662.32,0.83,0,0,0,0,6,0
70.09,13,Healthcare,3,6545.43,0.01,0,0,0,0,4,0
2247.9,6,Money Transfer,2,4502.07,0.5,0,0,0,0,2,0
1922.75,3,Money Transfer,1,1591.39,1.21,0,0,0,0,4,0
53981.38,13,Shopping,2,4549.9,11.86,0,0,0,0,3,1
4006.31,12,Shopping,1,1232.45,3.25,0,0,0,2,5,0
1024.69,8,Travel,2,771.44,1.33,0,0,0,0,5,0
3827.71,17,Food,5,776.73,4.93,0,0,0,0,11,0
9663.39,23,Money Transfer,1,2254.16,4.29,1,1,0,0,1,1
4188.91,12,Shopping,3,1551.52,2.7,0,0,0,0,2,0
2694.72,16,Travel,4,2236.31,1.2,1,1,0,3,1,1
3379.0,21,Shopping,3,2385.49,1.42,0,0,0,0,3,0
325.28,19,Shopping,2,340.64,0.95,0,0,1,0,4,0
307.66,13,Money Transfer,3,400.0,0.77,1,0,0,0,1,0
5997.2,17,Rent,4,1669.33,3.59,0,0,0,0,2,0
25.51,8,Shopping,2,681.6,0.04,0,0,0,0,3,0
34803.94,14,Food,3,2102.02,16.56,0,0,0,0,4,0
1006.27,10,Food,5,1746.08,0.58,1,0,0,0,1,1
1767.96,8,Bills,2,1886.36,0.94,0,0,0,0,8,0
727.72,12,Money Transfer,1,948.34,0.77,1,0,0,0,1,0
1899.95,8,Shopping,8,2138.19,0.89,0,0,0,0,11,0
85.97,17,Rent,3,3484.16,0.02,0,0,0,0,2,0
15621.19,13,Other,2,11551.59,1.35,0,0,0,0,2,0
5093.59,14,Food,2,3581.23,1.42,0,0,0,1,2,0
58681.26,8,Travel,3,1767.56,33.2,0,0,0,0,4,1
779.53,8,Shopping,4,686.94,1.13,1,0,0,0,1,0
2645.29,15,Money Transfer,5,2359.13,1.12,1,0,0,0,1,0
62185.59,22,Shopping,4,5295.09,11.74,0,0,0,0,10,0
887.4,7,Food,3,728.56,1.22,0,0,1,0,6,0
87.62,10,Recharge,7,832.28,0.11,1,0,0,0,1,0
611.2,19,Healthcare,5,590.44,1.04,0,0,1,0,3,0
8168.57,6,Food,2,2702.18,3.02,1,0,0,0,1,1
807.45,19,Money Transfer,4,1239.28,0.65,0,0,1,0,3,0
238.41,14,Healthcare,2,416.55,0.57,0,0,0,0,2,0
2147.92,12,Travel,2,4042.27,0.53,0,0,0,0,2,0
54101.42,11,Shopping,4,1768.27,30.6,0,0,0,0,3,1
4004.93,10,Money Transfer,3,1023.8,3.91,1,0,0,0,1,0
699.8,10,Shopping,2,1058.82,0.66,0,0,0,0,2,0
435.56,19,Money Transfer,3,917.12,0.47,0,0,0,0,8,0
72863.31,17,Money Transfer,7,1394.13,52.26,0,0,0,0,4,1
1317.06,16,Food,2,1039.88,1.27,0,1,0,0,2,0
4569.74,18,Money Transfer,4,1729.12,2.64,1,0,0,3,1,0
9250.84,10,Shopping,2,2973.16,3.11,0,0,0,0,4,0
10081.19,15,Money Transfer,3,2320.09,4.35,0,0,0,0,5,0
1420.29,13,Bills,1,927.82,1.53,0,0,0,0,6,0
1888.88,18,Food,2,1654.23,1.14,0,0,0,0,3,0
5802.93,11,Money Transfer,3,3600.07,1.61,0,0,0,0,3,0
1937.56,16,Recharge,3,427.16,4.54,0,0,0,0,4,0
642.92,19,Recharge,3,446.76,1.44,1,0,0,0,1,0
35118.66,12,Shopping,2,1762.16,19.93,0,0,0,0,6,0
2292.78,6,Shopping,3,2134.55,1.07,1,1,1,1,1,0
713.22,14,Travel,3,727.52,0.98,0,1,0,4,3,0
3405.47,11,Bills,3,2761.24,1.23,0,0,0,0,3,0
2279.54,16,Healthcare,1,2170.56,1.05,0,0,0,0,2,0
4264.15,21,Education,4,4921.88,0.87,1,0,0,0,1,0
566.03,13,Food,3,633.13,0.89,0,0,0,0,4,0
6619.59,13,Food,3,2805.25,2.36,1,0,1,0,1,0
23503.48,16,Shopping,4,457.23,51.4,1,0,0,0,1,1
1297.18,7,Shopping,2,1799.55,0.72,0,0,0,1,3,0
1649.75,10,Money Transfer,2,1744.91,0.95,0,0,0,0,8,0
4365.13,20,Food,3,1184.97,3.68,1,0,0,0,1,1
4170.96,16,Food,4,3650.82,1.14,0,0,0,0,3,0
280.88,1,Travel,2,307.88,0.91,0,0,0,0,2,1
1085.09,9,Rent,4,1621.82,0.67,0,0,0,0,4,0
825.41,16,Food,4,740.67,1.11,0,0,0,0,9,0
10902.3,18,Shopping,2,2749.12,3.97,1,1,1,0,1,1
25197.52,19,Money Transfer,2,379.24,66.44,0,0,1,0,9,1
2484.05,10,Bills,3,3506.06,0.71,0,0,0,0,6,0
2906.26,21,Travel,1,3577.31,0.81,0,0,1,0,3,0
3025.68,14,Other,4,3520.13,0.86,0,0,1,0,4,0
2902.91,17,Rent,2,597.98,4.85,0,0,0,2,6,0
2398.89,15,Money Transfer,4,2091.63,1.15,0,0,0,0,5,0
373.74,7,Money Transfer,3,326.05,1.15,0,1,0,0,2,0
3674.0,21,Money Transfer,2,3690.53,1.0,0,0,0,0,5,0
2955.57,8,Education,5,2610.57,1.13,0,0,0,1,2,0
1670.16,10,Travel,3,1663.46,1.0,0,0,0,0,6,0
2251.35,18,Education,3,2660.75,0.85,1,0,0,0,1,0
245.21,15,Shopping,3,478.33,0.51,0,0,0,0,3,0
2453.28,19,Education,3,1653.9,1.48,0,0,1,0,4,1
604.61,14,Shopping,4,919.72,0.66,0,0,0,1,2,0
7323.44,11,Education,5,6776.26,1.08,0,0,0,0,5,0
10655.53,20,Money Transfer,3,3802.32,2.8,0,0,0,0,8,0
1366.09,4,Money Transfer,3,2678.77,0.51,1,0,0,0,1,0
5875.82,19,Money Transfer,5,5185.71,1.13,1,0,0,0,1,1
1395.6,9,Healthcare,3,1066.69,1.31,0,0,0,1,3,0
5837.11,19,Shopping,2,4460.56,1.31,0,0,1,0,3,0
794.09,8,Money Transfer,2,1008.11,0.79,0,0,0,0,2,0
3207.8,15,Education,2,2675.54,1.2,0,0,0,0,5,0
8398.45,20,Money Transfer,3,2700.1,3.11,0,1,0,0,5,0
873.72,13,Shopping,1,333.34,2.62,0,0,0,0,2,0
1037.16,17,Money Transfer,1,1106.3,0.94,0,0,1,0,4,0
441.43,18,Money Transfer,3,335.32,1.32,0,0,0,0,3,1
11582.12,17,Recharge,5,10812.53,1.07,0,0,0,0,2,0
59303.62,20,Bills,5,534.6,110.93,0,0,0,1,10,1
56591.85,12,Money Transfer,2,1708.78,33.12,0,0,1,0,2,1
3079.66,8,Other,3,3113.94,0.99,0,0,0,0,3,0
433.55,5,Money Transfer,2,704.5,0.62,0,0,0,1,2,1
1781.26,10,Shopping,3,1494.64,1.19,1,0,0,0,1,0
4389.59,8,Rent,3,1983.07,2.21,1,0,0,0,1,0
674.8,14,Money Transfer,6,614.27,1.1,1,0,0,1,1,1
1437.24,9,Shopping,1,3013.65,0.48,0,0,0,0,5,0
960.26,4,Healthcare,4,940.31,1.02,0,0,0,0,2,0
237.48,4,Bills,7,726.63,0.33,0,0,0,0,3,0
49.34,19,Rent,3,1770.78,0.03,0,1,0,0,9,0
5055.02,15,Food,3,1250.7,4.04,1,0,0,0,1,1
4964.96,11,Travel,4,4852.76,1.02,0,0,0,0,6,0
13471.13,20,Healthcare,1,4117.42,3.27,0,0,0,0,2,0
650.08,6,Education,2,1488.7,0.44,0,0,0,0,2,0
756.19,22,Money Transfer,2,1101.25,0.69,0,0,0,0,3,0
27308.29,15,Bills,2,1008.86,27.07,0,0,0,0,7,1
727.8,9,Food,4,860.48,0.85,0,0,0,0,2,0
7564.86,16,Food,3,1715.64,4.41,0,0,0,0,5,0
2591.24,18,Shopping,4,3242.36,0.8,1,1,0,0,1,0
698.81,12,Shopping,2,969.89,0.72,0,0,0,1,3,0
469.41,19,Food,2,679.51,0.69,0,0,0,0,3,0
17082.96,8,Rent,6,1461.5,11.69,0,0,0,0,3,1
374.27,10,Shopping,3,428.76,0.87,0,0,1,0,8,0
64.38,7,Travel,3,2474.84,0.03,0,0,0,0,8,0
992.08,9,Shopping,3,1615.0,0.61,0,0,0,0,2,0
53792.55,10,Food,4,1534.66,35.05,0,0,0,0,2,1
3471.67,20,Food,6,943.16,3.68,0,0,0,0,5,1
7391.0,6,Healthcare,4,4530.8,1.63,0,0,0,0,6,0
463.58,12,Money Transfer,1,470.72,0.98,0,0,0,0,2,0
3599.57,14,Shopping,3,3969.96,0.91,0,0,0,0,2,0
67502.63,20,Food,2,1150.92,58.65,0,0,0,0,5,1
1684.69,23,Bills,4,4125.85,0.41,0,0,0,1,2,0
2578.09,17,Other,3,2648.56,0.97,0,0,0,1,2,0
674.71,22,Money Transfer,1,498.01,1.35,1,0,0,0,1,0
4574.16,18,Money Transfer,3,3505.86,1.3,0,0,0,0,3,0
2544.97,21,Recharge,2,2363.27,1.08,0,0,0,0,2,0
759.08,17,Shopping,3,359.1,2.11,0,0,0,0,3,1
513.65,6,Food,1,558.35,0.92,0,0,0,0,2,0
1852.23,12,Money Transfer,2,2117.24,0.87,0,0,0,0,4,0
2795.91,16,Shopping,2,2255.68,1.24,1,0,0,0,1,0
7889.42,11,Money Transfer,2,2771.38,2.85,1,0,1,0,1,1
1830.41,10,Rent,1,2592.92,0.71,0,0,0,0,4,0
8501.7,15,Travel,4,2239.32,3.8,0,0,0,0,2,0
1956.94,21,Healthcare,3,2916.22,0.67,0,0,0,0,3,0
2672.76,3,Rent,3,1840.56,1.45,0,0,0,0,8,0
32.14,18,Bills,4,843.92,0.04,0,0,0,0,2,0
37445.67,17,Shopping,3,4682.47,8.0,1,0,0,0,1,0
505.66,21,Food,4,333.09,1.52,0,0,0,0,2,0
1039.73,21,Shopping,2,1121.87,0.93,0,0,0,0,2,0
2490.94,18,Recharge,2,2649.28,0.94,0,0,0,0,5,0
2031.55,14,Bills,3,1302.86,1.56,1,0,0,0,1,0
427.83,9,Food,4,345.27,1.24,0,0,0,0,2,0
468.81,14,Bills,1,422.87,1.11,1,0,0,0,1,0
1830.89,18,Food,3,2182.69,0.84,0,0,0,1,4,0
3172.0,20,Healthcare,2,6327.38,0.5,0,0,0,0,4,0
8638.47,18,Travel,2,1744.78,4.95,0,1,0,0,2,0
3796.65,9,Recharge,2,1572.16,2.41,0,0,0,0,3,0
816.77,15,Money Transfer,4,989.76,0.83,0,0,0,3,4,0
2833.84,11,Shopping,2,833.96,3.4,1,0,0,0,1,0
29892.42,0,Food,2,338.17,88.39,0,0,0,1,3,1
569.39,9,Shopping,2,873.78,0.65,0,0,0,2,10,0
1660.12,7,Food,3,1373.2,1.21,0,0,0,0,4,0
659.76,19,Money Transfer,1,697.05,0.95,1,0,0,0,1,0
218.43,10,Food,3,464.52,0.47,1,0,0,0,1,1
2134.72,10,Shopping,6,2576.79,0.83,0,1,0,0,3,0
5329.58,21,Shopping,2,4350.33,1.23,1,0,0,0,1,0
374.86,12,Money Transfer,3,5269.82,0.07,0,1,1,0,4,0
2108.35,0,Healthcare,5,2032.2,1.04,0,0,0,0,3,1
1353.14,10,Money Transfer,1,397.59,3.4,0,0,0,0,6,0
5923.96,7,Money Transfer,5,2730.71,2.17,0,0,0,0,2,0
98.87,7,Travel,3,509.95,0.19,0,0,0,0,4,0
2886.33,6,Food,3,2294.22,1.26,1,0,0,0,1,0
3837.85,15,Rent,1,3020.25,1.27,1,0,0,2,1,1
3397.38,9,Money Transfer,2,2629.44,1.29,1,0,0,0,1,0
14109.54,11,Shopping,4,5761.45,2.45,1,0,0,1,1,0
3124.99,19,Healthcare,4,2711.94,1.15,0,0,1,0,2,0
6355.1,12,Shopping,3,2426.86,2.62,0,0,0,0,2,0
531.36,20,Money Transfer,1,846.23,0.63,0,0,1,0,3,0
87.13,13,Shopping,5,4956.94,0.02,1,0,0,0,1,0
491.13,12,Shopping,2,656.21,0.75,1,1,0,0,1,0
3061.14,17,Bills,5,4535.02,0.68,0,0,0,1,5,0
1270.44,6,Shopping,3,974.87,1.3,0,0,0,0,3,0
373.06,7,Shopping,1,551.01,0.68,1,0,0,0,1,0
3537.47,16,Money Transfer,3,3454.74,1.02,0,0,1,0,6,1
278.22,13,Shopping,4,304.5,0.91,0,0,0,0,3,0
5623.39,18,Shopping,1,3511.77,1.6,1,0,0,0,1,0
4053.11,20,Bills,4,847.62,4.78,1,0,0,0,1,1
1336.21,12,Bills,3,4188.72,0.32,0,0,0,0,3,0
2112.26,15,Recharge,3,2416.74,0.87,0,0,0,0,3,0
2783.22,13,Education,2,2274.89,1.22,0,0,1,0,5,0
1114.29,22,Travel,6,1118.34,1.0,0,0,0,0,2,0
19113.53,19,Shopping,3,410.23,46.59,0,0,0,0,3,0
21.88,20,Bills,1,3490.3,0.01,0,0,0,0,3,0
20.8,10,Bills,5,637.35,0.03,0,0,0,0,3,0
888.77,18,Bills,3,1138.13,0.78,1,0,0,0,1,0
725.7,10,Money Transfer,7,1950.92,0.37,0,1,1,0,2,0
32.52,9,Shopping,3,1484.89,0.02,0,0,0,0,2,0
1564.86,21,Bills,3,698.65,2.24,0,0,0,0,14,0
2025.33,1,Travel,5,572.77,3.54,0,0,0,0,2,1
43.11,22,Other,1,536.75,0.08,0,0,0,3,2,0
5597.54,8,Shopping,3,3878.1,1.44,0,0,0,0,2,0
1534.87,18,Shopping,2,357.72,4.29,0,0,1,0,8,0
5048.19,10,Shopping,2,7091.19,0.71,0,0,0,0,3,0
764.95,11,Bills,2,698.35,1.1,0,0,0,0,2,0
419.25,9,Shopping,5,510.41,0.82,0,0,0,0,7,0
6553.61,15,Shopping,4,1848.57,3.55,0,0,0,0,8,0
85.02,11,Other,2,450.06,0.19,1,0,1,0,1,0
5170.28,16,Shopping,2,1960.4,2.64,0,0,0,0,2,0
4002.94,1,Bills,4,3722.35,1.08,0,0,0,0,10,0
1258.09,6,Money Transfer,3,388.35,3.24,0,0,0,0,3,0
4274.79,7,Bills,2,3195.81,1.34,0,0,0,1,2,0
1394.25,12,Food,2,1202.99,1.16,1,0,0,1,1,0
1276.29,18,Recharge,4,612.74,2.08,0,1,0,0,2,0
524.67,20,Recharge,3,648.66,0.81,0,0,0,0,3,0
63815.5,10,Shopping,3,4818.73,13.24,1,0,0,1,1,1
635.55,15,Shopping,2,510.99,1.24,1,0,0,0,1,0
3462.99,18,Rent,6,3928.39,0.88,1,0,0,0,1,0
69809.99,10,Food,5,1714.44,40.72,1,0,0,0,1,1
1846.41,12,Education,2,371.71,4.97,1,0,0,1,1,0
2718.55,14,Money Transfer,3,1424.12,1.91,0,0,0,0,6,0
3364.45,8,Food,4,3361.31,1.0,1,0,0,1,1,0
1964.65,2,Shopping,7,2631.66,0.75,0,0,0,0,4,1
1646.68,8,Bills,3,1507.73,1.09,1,1,0,0,1,0
25.4,16,Healthcare,3,3839.64,0.01,0,0,0,2,3,0
609.35,6,Rent,5,530.85,1.15,0,0,0,0,2,0
9376.73,9,Money Transfer,3,4633.12,2.02,0,0,0,0,2,0
3265.45,11,Shopping,3,3672.61,0.89,0,0,0,0,6,0
3388.88,6,Food,5,2517.51,1.35,1,0,0,1,1,0
4239.66,9,Money Transfer,2,3365.64,1.26,0,0,1,0,3,0
1208.82,20,Shopping,4,1712.74,0.71,0,0,0,0,5,0
83.18,1,Money Transfer,2,2323.97,0.04,0,0,0,0,4,1
1657.14,16,Money Transfer,1,1780.21,0.93,0,0,0,1,12,0
533.53,12,Food,2,1090.51,0.49,1,0,0,0,1,0
67891.34,16,Food,5,1814.38,37.42,0,0,0,0,7,1
965.21,15,Shopping,6,835.83,1.15,0,0,0,0,3,0
1184.08,9,Bills,3,1344.57,0.88,1,0,0,0,1,0
1313.84,19,Travel,4,893.25,1.47,0,0,0,0,2,0
615.07,13,Money Transfer,2,536.02,1.15,0,0,0,0,5,0
698.98,18,Shopping,2,999.13,0.7,1,0,0,0,1,0
4048.5,12,Bills,2,3738.82,1.08,0,0,0,0,4,0
3151.54,22,Healthcare,2,1163.6,2.71,1,0,0,0,1,0
6635.46,18,Shopping,1,2781.01,2.39,0,0,0,0,5,0
405.51,22,Money Transfer,3,646.7,0.63,0,0,0,0,3,0
5063.82,14,Shopping,3,1294.28,3.91,1,1,0,1,1,1
465.27,13,Food,3,519.61,0.9,1,0,0,2,1,0
481.27,18,Shopping,2,568.6,0.85,0,0,0,1,6,0
5260.47,19,Money Transfer,3,2029.55,2.59,1,0,0,2,1,1
1930.31,21,Travel,1,1983.31,0.97,1,0,0,1,1,0
506.22,11,Food,3,732.0,0.69,0,0,0,0,3,0
2121.91,18,Money Transfer,3,1457.87,1.46,1,0,0,0,1,0
12142.62,9,Money Transfer,3,3882.02,3.13,1,0,0,0,1,0
494.94,14,Food,3,644.53,0.77,0,0,0,0,5,0
463.87,9,Shopping,3,334.92,1.39,1,0,0,0,1,0
62.37,11,Shopping,2,2199.97,0.03,1,0,0,0,1,0
401.2,21,Education,1,398.97,1.01,0,0,1,0,4,0
21098.65,8,Shopping,1,7336.27,2.88,0,0,0,0,9,0
1424.34,16,Travel,2,1993.14,0.71,0,0,0,0,6,0
990.93,15,Recharge,2,1444.13,0.69,0,0,0,0,3,0
1895.34,7,Rent,3,1311.79,1.44,0,0,0,0,2,0
9115.96,11,Money Transfer,3,1832.05,4.98,0,1,0,1,8,1
556.73,14,Food,4,470.99,1.18,0,0,0,0,5,0
7582.29,9,Education,2,5087.16,1.49,0,0,0,0,3,0
2139.79,18,Healthcare,3,2068.58,1.03,0,0,0,0,6,0
614.25,22,Travel,2,665.97,0.92,0,0,0,0,3,0
17292.81,9,Shopping,5,1788.35,9.67,0,0,0,0,11,1
722.49,9,Food,2,557.42,1.3,0,0,0,0,6,0
832.57,13,Money Transfer,1,331.88,2.51,0,0,0,0,3,0
2326.39,17,Money Transfer,1,2092.17,1.11,0,0,1,0,8,0
17.12,10,Shopping,3,2181.9,0.01,0,0,0,0,2,0
2533.23,1,Shopping,2,1877.41,1.35,0,0,1,0,4,0
584.91,14,Bills,3,664.87,0.88,1,0,0,0,1,1
2331.88,21,Money Transfer,3,1964.82,1.19,0,0,0,0,7,0
302.51,12,Money Transfer,2,404.71,0.75,1,0,0,0,1,0
2519.36,12,Money Transfer,4,1991.38,1.27,0,0,0,0,9,0
1031.52,22,Education,1,1753.45,0.59,1,0,0,1,1,0
1909.61,17,Travel,2,2216.91,0.86,0,0,0,0,4,0
19749.11,17,Rent,2,4365.0,4.52,1,0,0,0,1,0
3375.53,14,Shopping,5,3719.12,0.91,0,0,0,0,5,0
9596.49,22,Rent,4,7401.5,1.3,0,1,0,0,2,0
28467.07,17,Recharge,1,7031.63,4.05,0,0,0,0,7,0
13211.44,20,Food,4,2963.66,4.46,0,0,0,0,4,0
4292.9,17,Food,3,5939.67,0.72,0,1,0,0,5,0
4493.88,17,Food,2,3935.18,1.14,1,1,0,0,1,0
2324.85,10,Money Transfer,1,2640.75,0.88,1,0,0,0,1,0
52234.01,10,Bills,6,441.08,118.42,0,0,0,0,6,1
920.58,18,Food,3,390.53,2.36,1,0,1,0,1,0
1929.4,10,Shopping,3,3571.84,0.54,0,1,0,0,6,0
1769.54,14,Shopping,2,1510.81,1.17,1,0,0,0,1,0
44826.48,10,Food,4,3333.5,13.45,0,0,0,0,2,0
329.13,18,Recharge,3,975.54,0.34,0,0,0,0,8,0
1156.13,7,Money Transfer,2,1212.45,0.95,0,0,0,1,6,0
4120.57,19,Education,3,2468.27,1.67,1,0,0,0,1,0
3306.25,15,Bills,3,4744.12,0.7,0,1,0,0,2,0
480.64,9,Shopping,3,465.34,1.03,0,0,0,0,7,0
10482.38,14,Shopping,1,3858.11,2.72,1,0,0,0,1,0
7647.03,10,Shopping,4,3135.18,2.44,1,0,0,0,1,0
4634.74,11,Travel,4,982.42,4.72,0,0,0,0,3,0
873.0,11,Shopping,3,1089.91,0.8,1,0,0,0,1,0
191.24,6,Money Transfer,3,385.64,0.5,0,0,1,0,2,0
286.23,22,Money Transfer,6,328.56,0.87,0,0,0,0,2,0
1528.88,3,Travel,2,1466.73,1.04,0,1,0,0,6,0
1889.5,16,Shopping,2,480.75,3.93,0,0,1,0,9,0
819.68,11,Money Transfer,6,688.21,1.19,0,0,0,0,3,0
3937.51,16,Money Transfer,2,3676.43,1.07,0,0,0,0,3,0
2389.64,11,Food,2,1823.46,1.31,0,0,0,0,4,0
3002.51,16,Bills,5,2107.41,1.42,1,0,1,0,1,0
834.92,17,Shopping,1,673.71,1.24,0,0,0,0,8,0
16363.73,17,Bills,3,3475.41,4.71,1,0,0,0,1,0
4175.6,7,Travel,3,3944.64,1.06,1,0,0,1,1,1
3969.14,16,Food,5,1633.67,2.43,0,0,0,0,3,0
1409.17,10,Travel,2,4686.2,0.3,0,0,0,0,2,1
3901.04,2,Money Transfer,5,3653.81,1.07,0,0,0,0,2,0
64.98,12,Shopping,1,2665.65,0.02,1,0,1,0,1,1
84935.78,12,Food,1,2684.18,31.64,0,0,1,0,2,1
369.8,13,Food,3,500.47,0.74,0,0,0,0,5,0
692.59,17,Food,4,868.54,0.8,0,0,0,0,4,0
75.69,11,Money Transfer,5,424.54,0.18,1,0,1,0,1,0
252.24,11,Recharge,5,315.69,0.8,1,0,0,2,1,1
582.49,5,Food,3,610.22,0.95,0,0,0,3,2,1
3412.35,17,Shopping,3,4123.8,0.83,0,0,0,0,4,0
2222.93,14,Money Transfer,2,793.69,2.8,0,1,0,0,4,0
8584.02,11,Bills,2,6621.07,1.3,0,0,0,0,6,0
32475.57,17,Bills,3,1937.17,16.76,1,0,0,0,1,0
1493.82,14,Money Transfer,7,787.5,1.9,0,0,0,0,3,0
1571.85,13,Recharge,3,1537.37,1.02,0,0,0,0,5,0
924.19,14,Rent,4,745.14,1.24,0,0,0,2,8,0
15303.33,16,Money Transfer,2,7740.33,1.98,1,0,0,0,1,0
2877.62,16,Recharge,4,3682.29,0.78,1,0,0,0,1,0
447.93,10,Recharge,2,347.86,1.29,0,1,0,0,2,0
59601.91,8,Travel,2,5613.98,10.62,0,0,0,0,3,1
2711.57,8,Education,3,2598.2,1.04,0,0,0,0,2,0
1113.45,16,Shopping,4,454.75,2.45,0,0,0,1,6,0
10.0,19,Education,2,2299.07,0.0,0,0,0,0,9,0
2036.52,12,Money Transfer,5,2173.94,0.94,1,0,0,0,1,0
534.82,8,Shopping,5,744.44,0.72,0,0,0,0,4,0
12325.45,18,Shopping,4,2857.2,4.31,1,0,0,0,1,0
541.0,19,Money Transfer,3,463.96,1.17,0,0,0,0,7,0
3491.51,19,Rent,1,1510.06,2.31,1,0,0,0,1,0
1561.92,15,Money Transfer,3,317.95,4.91,0,0,0,2,14,1
5844.06,19,Shopping,4,6537.6,0.89,0,0,0,0,2,0
1206.94,1,Rent,4,2806.62,0.43,0,0,0,0,2,1
2166.34,7,Food,1,611.38,3.54,0,1,0,0,3,0
58253.6,7,Money Transfer,2,1052.5,55.35,0,0,1,1,2,1
852.34,17,Money Transfer,3,615.04,1.39,1,0,0,0,1,0
8065.03,6,Travel,2,2919.14,2.76,0,0,0,0,3,0
404.57,13,Recharge,1,409.26,0.99,0,0,0,0,4,1
52.91,13,Bills,3,3603.23,0.01,0,0,0,0,9,0
14257.77,11,Money Transfer,4,5431.27,2.63,0,0,0,0,2,0
8430.45,19,Travel,8,2332.11,3.61,0,0,0,0,4,0
729.21,8,Shopping,3,731.07,1.0,0,0,0,0,6,0
49.45,11,Shopping,3,1103.57,0.04,0,0,0,0,5,0
2713.62,18,Money Transfer,2,1467.54,1.85,1,0,0,1,1,0
2169.9,3,Bills,3,1970.26,1.1,0,0,0,3,2,1
2636.35,16,Shopping,3,2288.32,1.15,1,0,0,0,1,0
49035.44,18,Shopping,4,1754.25,27.95,0,1,0,0,3,1
1641.62,21,Shopping,2,1079.05,1.52,0,0,0,1,6,0
2093.36,19,Education,3,4288.17,0.49,0,0,0,0,5,0
306.18,11,Food,2,452.81,0.68,0,0,1,1,5,0
611.22,15,Rent,4,1430.11,0.43,0,0,0,0,2,0
4574.46,6,Food,2,2989.5,1.53,1,0,0,0,1,0
60.74,10,Food,2,413.05,0.15,1,0,0,0,1,0
2939.19,7,Food,3,2499.45,1.18,0,0,0,0,4,0
4148.87,11,Shopping,5,3383.76,1.23,1,0,0,0,1,0
3183.96,19,Education,3,2246.26,1.42,1,0,0,0,1,0
370.39,11,Money Transfer,5,323.44,1.15,0,0,0,0,2,0
1018.57,14,Travel,5,657.51,1.55,1,0,0,0,1,1
1529.8,12,Shopping,4,1053.7,1.45,0,0,0,0,2,0
66570.21,13,Money Transfer,4,779.1,85.45,0,0,0,0,10,1
7557.16,22,Money Transfer,2,6217.46,1.22,1,1,1,0,1,1
7368.14,10,Food,1,2197.9,3.35,0,1,1,0,5,0
962.87,16,Shopping,2,934.24,1.03,0,0,0,0,15,0
6902.51,12,Bills,5,5078.91,1.36,0,0,0,0,2,0
93.65,5,Shopping,2,2728.85,0.03,0,0,0,0,9,1
873.35,13,Travel,3,902.86,0.97,1,0,0,0,1,0
35181.46,18,Bills,2,1157.22,30.4,0,0,0,0,12,0
12.59,7,Food,5,700.37,0.02,0,0,0,0,6,0
5697.87,6,Travel,4,6677.43,0.85,0,0,0,0,7,0
861.54,8,Food,5,1611.03,0.53,1,0,0,0,1,0
5274.17,18,Money Transfer,7,4375.04,1.21,0,0,0,1,6,0
2933.59,17,Bills,2,1065.74,2.75,0,0,0,0,8,0
26597.17,14,Rent,3,3849.86,6.91,0,0,0,0,5,0
387.02,13,Food,4,399.71,0.97,1,0,1,1,1,0
7202.01,20,Travel,1,7540.34,0.96,1,0,1,0,1,0
6066.44,18,Money Transfer,4,4675.46,1.3,0,0,0,0,2,0
1434.63,18,Money Transfer,3,1112.35,1.29,0,0,1,0,4,0
11389.25,18,Money Transfer,5,2982.76,3.82,1,0,0,1,1,1
4025.45,16,Bills,5,2811.66,1.43,0,0,0,0,9,0
3684.2,13,Recharge,3,4467.38,0.82,0,0,0,0,3,0
765.4,19,Food,3,960.77,0.8,0,0,0,0,2,0
514.13,20,Food,2,1427.63,0.36,0,0,0,0,3,0
4222.9,2,Recharge,1,3904.46,1.08,0,1,0,1,4,1
4003.14,5,Shopping,1,3013.84,1.33,1,0,0,1,1,0
5032.43,21,Shopping,1,1199.99,4.19,1,0,1,0,1,0
5596.21,10,Travel,1,3664.24,1.53,0,0,0,0,2,0
478.93,19,Bills,2,386.57,1.24,0,0,1,0,4,0
4230.8,12,Education,3,3042.25,1.39,0,1,0,0,4,0
701.48,7,Money Transfer,4,716.95,0.98,0,0,0,0,2,0
3593.45,6,Shopping,1,906.68,3.96,0,0,0,0,2,1
1394.35,8,Money Transfer,3,1523.4,0.92,0,0,0,0,2,0
1523.78,10,Shopping,4,1375.24,1.11,0,0,1,0,3,0
1803.55,13,Rent,4,1623.28,1.11,0,0,0,0,3,0
1392.02,17,Bills,5,1716.54,0.81,0,0,0,0,3,0
1111.32,22,Shopping,4,1024.97,1.08,0,0,0,0,2,0
2872.39,12,Bills,3,646.77,4.44,1,0,0,0,1,0
3101.8,14,Money Transfer,3,2933.57,1.06,0,0,0,2,2,0
49769.24,14,Food,3,1219.41,40.81,0,0,0,2,3,1
14.31,14,Shopping,5,1568.82,0.01,0,0,0,0,2,0
8331.34,14,Money Transfer,1,2162.61,3.85,1,0,0,3,1,1
5841.15,0,Shopping,3,4627.08,1.26,1,0,0,0,1,0
27276.67,0,Healthcare,3,2513.05,10.85,1,0,0,0,1,1
450.55,7,Bills,3,383.74,1.17,0,1,0,1,6,0
3087.25,7,Money Transfer,3,3582.52,0.86,0,0,0,0,2,0
28163.8,17,Shopping,2,8476.8,3.32,0,0,1,0,4,0
4871.69,9,Recharge,3,1451.24,3.36,0,0,0,0,8,0
5167.43,20,Money Transfer,2,6587.39,0.78,1,0,0,0,1,0
2162.2,20,Shopping,1,1726.66,1.25,0,0,0,2,2,0
1788.34,22,Food,3,1407.86,1.27,0,0,0,1,3,0
1246.78,21,Healthcare,1,1024.64,1.22,0,0,0,2,6,1
8356.98,10,Shopping,4,2228.96,3.75,0,0,0,0,15,0
620.93,14,Shopping,3,770.04,0.81,0,0,0,0,4,0
145.28,9,Recharge,4,499.54,0.29,0,0,0,2,3,1
447.76,18,Shopping,2,349.71,1.28,0,0,0,0,8,0
1324.19,20,Shopping,4,922.53,1.44,0,0,0,0,6,0
1770.93,19,Food,3,1206.84,1.47,0,0,0,0,6,0
8268.52,12,Education,2,1745.64,4.74,1,0,0,4,1,1
1092.55,18,Money Transfer,3,923.47,1.18,0,1,0,0,3,0
7070.49,7,Other,4,7750.01,0.91,0,0,0,0,5,0
19805.1,4,Travel,1,920.91,21.51,1,0,0,0,1,1
1862.89,17,Shopping,2,1346.81,1.38,0,0,0,0,4,0
2292.47,12,Other,4,496.21,4.62,1,0,0,0,1,0
421.77,23,Money Transfer,5,843.51,0.5,0,0,0,0,3,0
524.81,7,Rent,2,389.17,1.35,0,0,1,0,6,0
8341.41,19,Food,2,1775.76,4.7,0,0,0,0,2,0
32.0,13,Money Transfer,4,2803.01,0.01,0,0,0,0,4,0
593.88,19,Shopping,5,692.03,0.86,0,0,0,0,3,0
1167.37,18,Shopping,4,1125.7,1.04,0,0,0,1,3,0
456.69,20,Money Transfer,3,330.16,1.38,0,0,0,0,3,0
2841.75,10,Bills,3,3593.28,0.79,0,0,0,0,2,0
3480.18,21,Food,3,3025.13,1.15,0,0,0,0,6,0
424.53,8,Other,4,417.62,1.02,1,0,0,0,1,0
36.79,6,Rent,4,1117.06,0.03,0,0,0,0,3,0
83.76,12,Rent,2,5893.47,0.01,1,0,0,1,1,0
1596.26,19,Shopping,1,1195.72,1.33,0,0,0,0,3,0
2394.38,13,Shopping,3,1644.58,1.46,0,1,1,0,10,0
863.92,19,Rent,6,1089.99,0.79,1,0,0,0,1,0
2848.94,17,Bills,3,1932.0,1.47,0,0,0,0,2,0
9171.62,9,Recharge,1,7182.96,1.28,0,0,0,3,5,0
10368.08,21,Other,2,11086.44,0.94,0,0,0,0,2,0
2690.34,5,Shopping,3,2982.7,0.9,0,0,0,1,3,0
3603.15,20,Education,2,1232.47,2.92,1,0,0,0,1,0
1611.92,10,Money Transfer,2,1527.73,1.06,1,0,0,0,1,0
1092.13,13,Shopping,2,1094.15,1.0,0,0,0,0,4,0
14.12,12,Education,4,7929.78,0.0,0,0,0,0,5,0
2522.86,8,Food,3,2514.33,1.0,0,0,0,0,3,0
6263.75,11,Shopping,3,1372.61,4.56,0,0,0,1,6,0
523.81,9,Money Transfer,1,321.94,1.63,0,0,0,1,3,0
6076.89,9,Rent,3,1622.96,3.74,0,1,0,0,5,0
45107.27,9,Travel,6,7735.24,5.83,0,0,0,0,12,1
1937.32,13,Money Transfer,2,1632.66,1.19,1,0,0,0,1,0
682.54,18,Other,3,662.55,1.03,0,0,0,2,2,0
469.54,14,Shopping,6,340.21,1.38,1,0,0,2,1,0
802.18,20,Money Transfer,8,1088.48,0.74,0,0,0,0,2,0
4117.65,16,Money Transfer,1,4806.88,0.86,0,0,0,3,2,0
11000.44,17,Money Transfer,1,10507.03,1.05,0,1,1,0,3,0
2912.66,16,Money Transfer,6,5532.84,0.53,0,0,0,1,2,0
1465.92,13,Travel,2,2652.94,0.55,0,1,0,0,2,1
1532.39,17,Education,4,1770.18,0.87,1,0,0,0,1,0
2794.35,6,Recharge,2,1907.89,1.46,1,1,0,0,1,1
991.42,19,Bills,4,1693.81,0.59,1,0,0,1,1,0
64543.99,18,Education,5,2509.95,25.72,0,0,0,0,2,1
5085.62,10,Food,4,1277.02,3.98,0,0,0,3,2,0
1220.72,18,Bills,4,2291.26,0.53,1,0,0,0,1,0
86.82,0,Money Transfer,4,533.4,0.16,0,0,0,0,5,1
740.46,9,Money Transfer,3,855.9,0.87,0,0,0,0,4,0
8281.11,6,Money Transfer,2,3554.23,2.33,0,0,0,0,2,0
6555.89,18,Money Transfer,7,4513.43,1.45,0,1,0,0,5,1
741.49,18,Rent,5,1693.88,0.44,0,0,0,0,13,0
386.24,18,Healthcare,5,357.86,1.08,1,0,0,0,1,0
23081.47,0,Money Transfer,4,5010.48,4.61,0,0,0,0,2,1
2269.26,13,Shopping,2,2479.58,0.92,0,0,0,0,14,0
4341.71,17,Food,3,1262.07,3.44,1,0,0,0,1,0
61397.68,8,Shopping,5,1942.04,31.62,1,0,1,1,1,1
1708.82,16,Shopping,3,1311.1,1.3,0,0,0,0,3,0
873.71,6,Shopping,3,1427.02,0.61,0,1,0,0,2,0
20972.35,9,Money Transfer,2,4221.64,4.97,1,0,0,0,1,0
530.99,13,Money Transfer,3,616.16,0.86,1,0,0,4,1,1
23775.95,16,Bills,4,497.0,47.84,0,0,0,0,2,0
72.08,8,Travel,4,304.92,0.24,0,0,0,0,5,0
1323.29,9,Money Transfer,1,978.38,1.35,0,0,0,0,4,0
305.18,9,Money Transfer,3,587.07,0.52,0,0,0,0,7,0
68637.02,10,Money Transfer,2,747.2,91.86,0,0,0,1,2,1
337.71,9,Bills,3,320.34,1.05,0,0,0,1,2,0
3430.73,12,Shopping,1,763.91,4.49,0,0,0,2,2,0
19732.14,16,Shopping,4,1028.16,19.19,1,0,1,0,1,0
447.16,12,Bills,2,357.74,1.25,1,0,0,0,1,0
10.0,18,Money Transfer,2,1985.25,0.01,1,0,0,0,1,0
5114.01,17,Shopping,7,1814.13,2.82,1,0,1,0,1,0
360.89,8,Shopping,4,483.73,0.75,0,0,1,0,2,0
2457.73,5,Recharge,2,1927.01,1.28,0,1,0,0,7,0
6999.11,19,Education,4,12199.0,0.57,1,0,0,0,1,0
4351.62,6,Travel,1,5503.46,0.79,0,0,0,1,3,0
308.73,8,Money Transfer,4,304.81,1.01,0,0,0,0,6,0
74230.27,2,Food,2,3155.87,23.52,1,0,0,0,1,1
1286.53,16,Other,3,1085.42,1.19,0,0,0,0,7,0
391.39,15,Healthcare,3,418.38,0.94,0,0,1,0,5,0
1367.64,23,Shopping,6,931.72,1.47,1,0,0,0,1,0
37.02,20,Bills,3,998.8,0.04,0,0,0,1,7,0
1891.87,12,Shopping,4,1633.35,1.16,0,0,0,0,5,0
11002.61,11,Shopping,3,2247.6,4.9,1,0,0,1,1,0
61693.71,10,Travel,3,2788.54,22.12,0,0,0,0,5,0
20964.31,8,Money Transfer,5,808.02,25.95,0,0,0,0,3,1
1299.27,8,Recharge,6,998.89,1.3,0,0,0,0,5,0
1061.78,8,Shopping,2,963.7,1.1,0,0,1,0,3,0
2368.97,7,Money Transfer,3,1111.03,2.13,0,0,0,4,2,1
47690.53,10,Recharge,2,14656.38,3.25,0,0,1,0,3,0
8555.95,10,Recharge,4,3008.68,2.84,0,0,1,0,3,0
10754.05,21,Shopping,2,6939.3,1.55,0,0,0,0,5,0
699.1,15,Money Transfer,2,2426.28,0.29,0,1,0,0,5,0
1843.27,23,Food,4,1238.4,1.49,0,0,0,0,4,0
5598.13,11,Shopping,1,1188.98,4.71,0,0,0,0,13,0
1115.56,13,Healthcare,2,1507.02,0.74,0,0,0,0,5,0
1263.71,11,Recharge,2,1270.82,0.99,0,0,0,0,7,0
5303.92,9,Shopping,4,3471.89,1.53,0,0,0,0,2,0
3171.32,8,Shopping,3,1425.89,2.22,0,0,0,0,2,0
1184.22,21,Shopping,2,930.77,1.27,0,0,0,0,2,0
8171.72,22,Recharge,2,2983.86,2.74,0,1,0,0,2,0
65586.77,5,Shopping,3,3768.66,17.4,0,0,0,0,10,1
5213.93,8,Money Transfer,1,1281.84,4.07,1,0,0,2,1,1
2879.31,12,Money Transfer,5,2283.68,1.26,0,0,1,1,2,0
553.33,9,Food,4,409.09,1.35,1,0,0,0,1,0
2304.05,11,Shopping,2,1656.99,1.39,0,0,0,0,5,0
1363.47,8,Shopping,2,382.84,3.56,1,0,0,0,1,0
246.3,13,Recharge,2,353.33,0.7,0,0,0,0,2,0
1798.25,10,Recharge,2,2008.45,0.9,0,0,0,2,2,1
2536.81,11,Bills,4,950.61,2.67,1,0,0,0,1,0
3300.74,7,Shopping,3,2742.38,1.2,0,0,0,0,2,0
4699.73,12,Money Transfer,3,4375.49,1.07,0,0,0,0,5,0
2807.94,22,Food,2,570.21,4.92,1,0,0,0,1,0
54053.29,11,Rent,2,2620.65,20.63,0,0,0,0,12,0
2289.61,19,Recharge,3,1600.71,1.43,1,0,0,0,1,0
74209.84,19,Food,2,514.05,144.36,1,0,0,0,1,1
2149.37,21,Shopping,2,2197.89,0.98,0,0,0,0,5,0
1446.83,18,Recharge,2,1992.44,0.73,0,0,0,0,2,0
2126.12,16,Healthcare,5,1604.88,1.32,0,0,0,0,2,0
9832.36,19,Shopping,2,4998.14,1.97,1,0,0,0,1,0
15095.33,6,Food,2,1625.2,9.29,0,0,0,0,4,0
46833.09,13,Money Transfer,4,8684.5,5.39,1,0,0,0,1,1
1967.1,23,Money Transfer,3,1581.2,1.24,0,0,0,0,6,0
577.65,18,Shopping,4,521.64,1.11,0,0,0,2,3,0
7126.51,21,Food,3,1444.38,4.93,0,1,0,0,3,0
531.73,18,Healthcare,4,662.33,0.8,0,0,0,0,8,0
2534.04,19,Money Transfer,4,1936.47,1.31,0,0,0,1,5,0
2315.49,17,Shopping,3,2426.41,0.95,0,0,0,0,4,0
1430.3,18,Food,5,1437.47,1.0,0,1,0,0,6,1
725.23,14,Money Transfer,4,485.06,1.5,1,0,0,0,1,0
2123.72,20,Education,4,1438.17,1.48,0,0,0,0,4,0
431.52,19,Money Transfer,3,452.93,0.95,1,1,0,0,1,0
2825.68,19,Shopping,3,2362.98,1.2,1,1,0,1,1,0
3985.98,16,Shopping,2,3112.32,1.28,1,0,0,0,1,0
5005.78,10,Bills,5,6204.41,0.81,0,0,0,0,7,0
267.2,4,Rent,3,590.0,0.45,0,0,0,2,4,0
2336.78,21,Bills,2,1668.33,1.4,1,0,0,1,1,0
1624.63,15,Shopping,3,1808.87,0.9,0,0,0,0,2,0
5038.35,10,Money Transfer,4,4902.91,1.03,0,0,0,0,2,0
76.56,8,Money Transfer,1,2076.45,0.04,0,0,0,0,2,0
560.9,19,Healthcare,3,583.05,0.96,0,0,0,0,3,0
807.89,19,Recharge,5,1331.98,0.61,0,1,0,1,2,0
94.09,18,Shopping,3,2214.34,0.04,0,0,0,0,3,0
2517.23,16,Money Transfer,1,2468.86,1.02,0,0,1,0,7,1
5857.71,11,Shopping,4,3878.97,1.51,0,0,0,0,2,0
658.47,10,Money Transfer,5,658.33,1.0,0,0,0,0,6,0
7422.43,0,Money Transfer,1,5748.71,1.29,1,0,1,0,1,1
185.42,19,Recharge,2,409.73,0.45,1,0,1,0,1,0
8701.29,6,Recharge,3,7716.74,1.13,1,0,0,1,1,0
3824.91,16,Money Transfer,4,3810.52,1.0,1,0,1,0,1,1
1552.47,13,Money Transfer,2,2243.3,0.69,0,0,0,2,12,0
4861.15,14,Recharge,3,2690.42,1.81,0,0,0,0,2,0
271.24,20,Bills,2,435.85,0.62,0,0,0,1,3,0
325.48,3,Shopping,6,376.26,0.87,0,0,0,0,4,0
1721.95,18,Money Transfer,3,493.18,3.49,0,0,0,0,2,0
411.52,5,Money Transfer,6,464.54,0.89,1,0,0,0,1,1
4908.7,4,Shopping,3,1726.87,2.84,0,0,0,0,2,0
771.79,12,Shopping,1,736.75,1.05,0,0,0,0,2,0
16778.85,6,Shopping,3,3841.65,4.37,0,0,0,1,9,0
68061.98,18,Food,3,1362.25,49.96,0,0,0,0,3,1
7092.06,14,Rent,2,2440.41,2.91,0,0,0,0,10,0
2021.93,3,Shopping,5,2204.52,0.92,0,0,0,3,3,1
87.31,4,Shopping,1,993.8,0.09,1,0,0,0,1,1
1064.83,15,Bills,1,801.5,1.33,0,0,1,0,2,0
928.31,18,Education,3,1054.64,0.88,0,1,0,0,5,0
2719.18,12,Money Transfer,2,3167.16,0.86,0,0,0,0,2,0
1970.07,14,Money Transfer,3,1888.6,1.04,1,0,0,0,1,0
2268.05,18,Other,2,826.34,2.74,1,0,1,0,1,0
81907.73,15,Shopping,2,3365.23,24.34,1,1,0,0,1,1
1990.98,9,Shopping,2,401.37,4.96,0,0,1,0,3,0
3497.78,15,Rent,3,2462.26,1.42,0,0,0,0,5,0
1456.86,16,Shopping,2,1340.79,1.09,0,0,0,2,3,0
4129.23,17,Money Transfer,2,2665.42,1.55,0,0,0,0,4,0
19779.98,15,Recharge,5,5022.54,3.94,0,0,0,0,3,0
11066.56,22,Food,2,2795.58,3.96,0,0,0,0,3,0
1889.63,9,Money Transfer,2,1350.0,1.4,1,1,0,0,1,0
625.31,21,Recharge,1,594.6,1.05,0,0,0,0,7,1
3316.64,14,Shopping,4,3255.07,1.02,1,0,0,0,1,0
571.54,16,Shopping,2,1411.49,0.4,1,0,1,0,1,0
510.88,7,Food,4,440.94,1.16,1,1,0,0,1,0
2600.22,12,Food,5,2585.28,1.01,1,0,0,0,1,0
1420.31,18,Shopping,5,921.18,1.54,0,0,0,0,2,0
168.68,17,Money Transfer,6,390.22,0.43,0,0,0,0,2,0
4899.27,4,Food,4,4494.87,1.09,0,0,1,0,3,1
4308.98,14,Travel,2,1487.83,2.9,0,0,0,0,2,0
1281.4,7,Food,2,893.71,1.43,0,0,0,0,3,0
12528.48,23,Money Transfer,1,2568.26,4.88,1,0,0,0,1,1
13346.8,20,Shopping,5,4207.26,3.17,0,0,0,0,5,0
153.47,1,Money Transfer,3,300.55,0.51,0,0,0,2,3,1
2546.74,19,Shopping,3,2395.7,1.06,1,0,0,0,1,0
7477.35,20,Healthcare,4,2922.18,2.56,0,0,0,0,7,0
1313.94,11,Money Transfer,1,724.13,1.81,1,0,1,1,1,1
1239.21,17,Money Transfer,3,1510.69,0.82,0,0,0,1,4,0
544.55,12,Bills,2,468.35,1.16,0,1,0,1,4,0
2075.94,16,Money Transfer,2,2772.08,0.75,1,0,0,3,1,0
3789.63,11,Money Transfer,5,3684.54,1.03,0,0,0,0,7,0
276.23,11,Bills,2,506.1,0.55,0,0,0,0,2,0
8453.35,12,Education,3,3351.58,2.52,0,0,1,0,4,0
1640.09,8,Travel,4,2957.75,0.55,1,0,0,0,1,0
644.34,19,Shopping,1,1066.88,0.6,0,0,0,0,3,0
3281.76,11,Food,3,2409.81,1.36,0,0,0,0,11,0
873.91,12,Bills,3,300.09,2.91,0,0,0,0,3,0
6200.11,20,Shopping,3,5133.5,1.21,1,0,0,0,1,1
7080.19,13,Shopping,2,1738.85,4.07,0,0,0,0,2,0
4117.18,14,Education,6,2043.26,2.02,0,0,0,0,4,0
3526.86,21,Shopping,2,2266.7,1.56,0,0,0,0,2,0
1692.96,20,Bills,4,1783.37,0.95,0,0,0,0,7,0
2851.91,8,Money Transfer,5,3797.87,0.75,0,0,0,0,6,0
2688.98,13,Money Transfer,3,1993.52,1.35,1,0,0,0,1,0
2346.71,22,Shopping,4,4590.05,0.51,0,0,0,0,5,0
70386.17,11,Bills,3,1871.52,37.61,0,0,1,0,9,1
58.75,11,Money Transfer,2,637.83,0.09,0,1,0,0,2,0
21433.89,9,Food,5,4707.0,4.55,1,0,0,0,1,0
9676.44,7,Travel,1,2360.16,4.1,1,0,1,0,1,0
2990.12,17,Travel,4,2462.59,1.21,1,0,0,0,1,0
35483.98,18,Healthcare,3,7918.23,4.48,0,0,1,0,10,0
383.95,22,Food,3,440.71,0.87,0,0,0,0,2,0
1848.22,18,Money Transfer,2,1307.38,1.41,0,0,0,0,2,0
34942.49,10,Healthcare,1,791.85,44.13,1,0,1,0,1,1
4285.97,4,Food,3,2091.73,2.05,1,1,0,0,1,0
2960.02,22,Rent,6,3259.36,0.91,0,0,0,1,2,1
7268.88,11,Shopping,4,6403.04,1.14,0,1,0,3,4,0
1518.7,11,Bills,2,1391.21,1.09,0,0,0,0,3,0
1622.41,20,Money Transfer,3,3077.04,0.53,1,0,1,2,1,1
83.82,15,Food,3,4781.17,0.02,0,0,0,0,5,0
3334.02,9,Money Transfer,2,2369.79,1.41,0,0,0,0,8,0
824.17,20,Shopping,5,800.47,1.03,0,1,0,0,2,1
4116.27,23,Food,2,1985.02,2.07,0,1,0,0,2,0
56562.21,6,Shopping,3,6608.93,8.56,1,0,1,0,1,1
10.0,19,Money Transfer,2,8195.42,0.0,0,0,0,0,2,0
9322.22,12,Food,2,2150.81,4.33,0,0,1,1,3,0
1903.42,14,Money Transfer,3,4224.47,0.45,0,0,1,1,5,1
714.47,20,Travel,4,702.44,1.02,0,0,0,0,2,0
1097.08,22,Bills,2,808.44,1.36,0,0,0,0,2,0
21534.12,10,Bills,4,5799.39,3.71,0,0,0,0,2,0
787.66,9,Shopping,2,561.54,1.4,1,0,1,1,1,0
1067.15,6,Shopping,5,681.76,1.57,0,0,0,1,8,0
1584.41,14,Food,2,1282.21,1.24,0,0,0,0,4,0
4984.95,1,Recharge,2,1903.05,2.62,0,0,0,1,2,1
6369.77,12,Bills,5,1966.58,3.24,1,0,0,0,1,0
10.0,6,Bills,2,921.5,0.01,0,1,0,0,6,0
7674.64,12,Money Transfer,1,4860.18,1.58,0,0,0,1,2,0
2138.5,4,Money Transfer,1,4739.3,0.45,0,0,0,0,5,0
5527.18,19,Money Transfer,2,1195.85,4.62,1,0,0,0,1,0
1482.93,9,Shopping,1,1325.42,1.12,1,0,0,0,1,0
2197.94,11,Shopping,5,2482.2,0.89,0,0,0,0,3,0
2957.39,19,Healthcare,1,2257.79,1.31,0,0,0,0,2,0
565.7,17,Shopping,2,1167.15,0.48,1,0,1,0,1,0
4288.74,9,Shopping,3,1262.73,3.4,1,0,0,0,1,0
2996.75,6,Shopping,6,1069.99,2.8,0,0,1,0,2,0
670.93,17,Recharge,2,783.09,0.86,0,0,0,0,4,0
1421.42,12,Food,2,1402.94,1.01,1,0,1,0,1,0
3010.29,18,Food,3,2387.54,1.26,0,0,0,0,3,0
744.75,12,Recharge,4,2738.4,0.27,0,1,0,1,2,0
20.42,11,Money Transfer,5,3016.24,0.01,0,0,0,0,5,0
3219.37,13,Food,1,1145.23,2.81,1,0,1,0,1,0
3240.39,17,Shopping,1,2903.92,1.12,1,0,0,0,1,0
77.23,20,Shopping,3,311.77,0.25,0,1,0,0,2,0
1018.4,5,Bills,4,1466.88,0.69,1,0,0,0,1,0
3367.93,14,Bills,1,3142.95,1.07,0,0,0,0,2,0
8159.53,3,Money Transfer,2,2089.87,3.9,0,0,0,0,2,0
3128.98,13,Money Transfer,6,1456.63,2.15,0,0,1,0,13,0
54.6,19,Food,4,2162.33,0.03,0,1,1,0,3,0
7566.3,11,Shopping,1,4574.24,1.65,1,0,0,0,1,0
88.64,21,Shopping,4,1804.06,0.05,0,0,0,0,2,0
5259.54,16,Shopping,2,3195.06,1.65,0,0,1,0,6,0
66563.49,21,Rent,6,7409.76,8.98,0,1,1,0,6,1
2070.62,18,Bills,4,2500.87,0.83,0,0,0,0,10,0
890.27,7,Rent,2,1833.12,0.49,0,0,0,0,7,1
911.85,9,Shopping,2,368.77,2.47,1,0,0,0,1,0
5157.45,12,Money Transfer,3,1144.5,4.51,1,0,0,0,1,0
2215.12,8,Education,2,1800.17,1.23,0,0,0,1,3,0
17.38,13,Shopping,1,3172.02,0.01,0,0,0,0,4,0
10.0,13,Shopping,2,1337.59,0.01,1,0,0,1,1,0
4786.82,21,Money Transfer,3,6096.6,0.79,1,0,0,1,1,1
3770.52,12,Travel,2,870.91,4.33,0,0,0,1,10,1
9631.46,18,Food,1,2756.63,3.49,0,0,1,0,9,0
5160.86,21,Bills,3,1277.51,4.04,1,0,0,1,1,1
2078.81,19,Healthcare,2,1497.92,1.39,1,0,0,3,1,0
3564.57,9,Bills,2,3219.65,1.11,0,1,0,0,7,0
903.77,13,Food,4,932.31,0.97,0,0,0,1,2,0
246.06,11,Money Transfer,2,483.28,0.51,0,0,0,1,5,0
106.43,12,Shopping,3,1622.1,0.07,0,0,1,0,2,0
1309.34,11,Other,2,1654.43,0.79,0,0,0,0,4,0
3513.65,19,Money Transfer,2,3171.68,1.11,0,0,0,0,2,0
7674.44,13,Shopping,5,6513.68,1.18,0,0,0,0,7,0
385.34,14,Food,2,402.4,0.96,0,0,0,0,2,0
1199.0,22,Rent,1,1912.31,0.63,0,0,0,0,3,0
11158.3,5,Food,4,2358.19,4.73,0,0,0,0,3,0
4785.22,13,Food,3,7958.3,0.6,0,0,0,0,3,0
55.33,18,Money Transfer,2,5443.57,0.01,0,0,0,0,2,0
44822.3,8,Bills,4,2543.45,17.62,0,0,0,0,3,1
4423.04,15,Rent,2,1627.87,2.72,1,0,0,0,1,0
46860.24,10,Money Transfer,2,617.1,75.94,0,0,0,0,7,0
3070.67,19,Food,1,1172.63,2.62,1,0,0,0,1,0
5832.55,11,Food,4,1883.59,3.1,0,0,0,1,6,0
1659.43,11,Bills,3,2625.08,0.63,0,0,0,0,4,0
1246.82,15,Money Transfer,4,2116.12,0.59,0,0,0,2,2,0
2704.65,9,Food,2,2553.95,1.06,0,0,0,0,2,0
971.75,10,Shopping,4,1309.14,0.74,0,0,0,0,10,0
834.66,12,Recharge,2,2641.05,0.32,1,1,0,0,1,1
651.03,11,Money Transfer,3,579.33,1.12,0,0,0,0,4,0
549.2,14,Travel,5,619.39,0.89,1,0,0,0,1,0
1946.11,15,Shopping,1,619.92,3.14,0,0,0,0,7,0
10.95,14,Shopping,3,4287.3,0.0,0,0,0,0,4,0
1491.85,16,Money Transfer,5,442.34,3.37,0,0,0,0,8,0
2537.23,11,Education,3,3210.62,0.79,0,1,0,0,6,0
360.57,8,Food,4,778.82,0.46,0,1,0,0,3,0
1322.82,18,Recharge,2,1437.46,0.92,1,0,0,0,1,0
5894.37,19,Money Transfer,4,4757.56,1.24,1,1,0,1,1,0
8190.65,10,Money Transfer,3,1887.13,4.34,1,0,0,0,1,1
683.8,12,Shopping,3,724.57,0.94,1,0,0,0,1,0
1495.61,13,Bills,3,901.56,1.66,0,0,0,0,2,0
4634.74,14,Shopping,3,4856.39,0.95,0,0,0,0,6,0
1109.26,16,Recharge,4,1302.82,0.85,1,0,0,0,1,0
2946.15,4,Recharge,4,1891.69,1.56,1,0,0,0,1,0
1680.48,17,Healthcare,2,1408.91,1.19,0,0,0,0,3,0
5282.7,6,Food,2,1155.94,4.57,0,0,0,0,6,0
75250.35,13,Travel,2,754.81,99.69,1,1,1,0,1,1
2399.18,19,Bills,2,2386.15,1.01,0,0,0,1,2,0
1071.91,13,Shopping,3,2580.07,0.42,0,0,0,0,2,0
582.17,8,Food,2,878.57,0.66,1,0,0,1,1,0
1125.97,22,Shopping,3,3100.71,0.36,0,0,0,0,4,0
11775.32,20,Money Transfer,2,3770.08,3.12,0,0,0,3,3,0
7566.9,18,Shopping,4,4861.57,1.56,0,1,0,3,6,1
471.21,12,Shopping,4,616.44,0.76,0,0,0,1,7,0
1756.73,9,Money Transfer,2,952.13,1.85,0,0,0,1,7,0
3541.67,21,Money Transfer,4,3843.55,0.92,0,0,1,1,3,0
689.98,14,Food,3,698.38,0.99,1,0,0,0,1,0
219.28,19,Shopping,4,306.25,0.72,1,0,0,0,1,0
4328.18,11,Money Transfer,2,3983.89,1.09,0,0,1,0,3,0
997.71,11,Shopping,3,1011.35,0.99,0,0,1,1,8,0
1269.19,22,Food,4,1263.51,1.0,0,0,0,1,3,0
2757.11,14,Food,2,1364.15,2.02,0,0,0,0,8,0
4479.88,8,Food,5,3694.23,1.21,1,0,0,2,1,0
949.24,9,Travel,1,1042.19,0.91,1,0,0,0,1,1
3862.87,13,Money Transfer,3,4310.79,0.9,0,0,0,1,5,0
2522.81,4,Bills,5,2027.21,1.24,0,0,0,0,6,0
1327.31,13,Money Transfer,5,1648.68,0.81,0,0,0,0,2,0
1069.31,12,Money Transfer,2,1009.12,1.06,1,0,0,0,1,0
1036.53,18,Food,4,802.8,1.29,1,0,0,0,1,0
1010.63,11,Shopping,3,2060.98,0.49,1,0,0,1,1,1
3688.67,22,Food,3,1365.97,2.7,0,0,1,0,2,0
4561.71,9,Food,3,4644.65,0.98,1,0,0,0,1,0
3369.67,15,Money Transfer,2,1517.81,2.22,0,0,0,0,2,0
7662.98,7,Shopping,1,1590.64,4.82,0,0,0,0,2,0
1952.31,17,Shopping,2,1270.37,1.54,0,0,1,0,2,0
3353.06,23,Recharge,2,3102.86,1.08,0,0,0,0,3,0
988.11,18,Travel,4,1295.59,0.76,0,0,0,0,4,0
1072.62,14,Shopping,2,864.86,1.24,0,0,0,0,2,0
53201.39,13,Money Transfer,2,3865.31,13.76,0,0,0,0,2,1
2291.17,19,Food,5,1935.11,1.18,0,0,0,0,2,0
42908.78,21,Bills,3,1911.52,22.45,1,0,1,0,1,1
7533.38,23,Shopping,4,1998.69,3.77,0,0,0,0,2,0
1950.78,12,Shopping,3,2583.89,0.75,1,1,1,0,1,1
3050.9,23,Education,3,975.94,3.13,1,0,0,0,1,0
23.39,8,Shopping,2,361.97,0.06,0,0,0,0,4,1
2960.96,10,Shopping,3,3294.94,0.9,0,0,1,0,13,0
512.77,7,Healthcare,5,548.41,0.94,0,0,1,0,8,0
1991.11,10,Food,3,2603.07,0.76,0,0,1,2,5,1
570.41,18,Rent,3,454.62,1.25,0,0,0,0,4,0
61.02,19,Shopping,2,1146.89,0.05,0,0,0,0,9,0
440.23,18,Shopping,1,417.18,1.06,0,0,0,0,4,0
1278.0,16,Shopping,2,1629.47,0.78,0,0,0,0,2,0
930.21,14,Education,2,2205.88,0.42,0,0,0,0,3,0
1084.08,17,Money Transfer,4,638.5,1.7,0,0,0,0,2,0
1429.27,12,Travel,3,1136.32,1.26,1,0,0,1,1,0
4790.17,19,Recharge,1,5092.84,0.94,0,0,0,0,2,0
23.7,16,Money Transfer,2,1351.37,0.02,0,0,0,0,2,0
3334.88,17,Shopping,1,3220.03,1.04,0,0,0,2,4,0
4055.72,14,Money Transfer,2,5015.69,0.81,0,0,0,0,6,0
24379.31,19,Recharge,4,6893.49,3.54,0,0,0,0,10,0
2869.51,10,Bills,3,4414.7,0.65,0,0,0,0,2,0
1024.06,12,Shopping,1,987.34,1.04,0,0,0,3,9,0
14017.21,18,Travel,4,6213.65,2.26,0,0,0,0,5,0
77195.33,13,Food,1,3312.15,23.31,1,0,0,0,1,0
5346.98,20,Recharge,4,3567.15,1.5,0,1,0,0,3,0
311.78,11,Shopping,2,327.52,0.95,0,0,0,0,2,0
4003.04,11,Food,5,5851.78,0.68,1,0,0,0,1,0
5431.18,20,Education,4,3009.87,1.8,0,0,0,0,3,0
2439.92,13,Money Transfer,2,2929.58,0.83,0,0,0,0,3,0
30489.41,14,Money Transfer,3,453.07,67.3,1,0,0,1,1,1
370.58,11,Shopping,3,776.47,0.48,0,0,0,1,8,0
18429.66,10,Rent,2,6198.74,2.97,0,0,0,0,3,0
1830.15,16,Money Transfer,2,1550.1,1.18,1,0,0,0,1,0
1195.05,7,Healthcare,1,1213.07,0.99,0,0,0,0,4,0
2825.34,19,Rent,4,3597.98,0.79,0,0,0,2,2,0
459.39,18,Money Transfer,2,464.51,0.99,0,0,0,0,2,0
4842.19,9,Travel,3,1271.04,3.81,0,0,1,0,6,0
789.76,17,Shopping,3,1148.03,0.69,1,0,0,1,1,0
79221.52,15,Money Transfer,2,1075.0,73.69,0,1,0,0,2,1
908.23,9,Travel,2,961.9,0.94,0,0,0,0,5,0
50.79,10,Education,1,724.47,0.07,0,0,0,1,4,0
22.94,12,Food,5,641.72,0.04,1,0,0,0,1,0
3947.12,17,Food,4,2141.0,1.84,0,1,0,0,5,0
20817.33,16,Shopping,5,4832.75,4.31,0,0,0,0,9,0
7189.38,14,Healthcare,3,1579.82,4.55,0,0,0,0,4,0
3593.11,18,Shopping,5,936.81,3.84,0,0,0,0,6,0
98.26,18,Bills,1,612.04,0.16,0,0,0,0,2,0
2463.2,15,Rent,5,3491.04,0.71,0,0,0,0,2,0
6396.36,18,Recharge,4,6703.63,0.95,0,0,0,0,2,0
718.28,11,Travel,6,1073.07,0.67,0,0,0,0,4,0
1120.67,19,Bills,2,918.89,1.22,0,0,0,0,8,0
2454.47,15,Shopping,3,1956.05,1.25,0,1,0,0,7,0
11202.93,18,Money Transfer,3,2987.61,3.75,1,0,1,0,1,0
4625.22,14,Food,5,1393.88,3.32,0,0,1,0,3,0
1243.78,9,Bills,3,2090.01,0.6,0,0,0,0,16,0
3892.9,14,Shopping,4,2569.29,1.52,1,1,0,0,1,0
5807.67,11,Healthcare,2,6120.83,0.95,0,0,1,0,3,0
972.24,17,Recharge,3,624.66,1.56,0,0,0,0,7,0
50842.92,13,Rent,4,11001.96,4.62,0,0,0,0,7,0
1779.97,19,Bills,2,1196.11,1.49,0,0,0,0,2,0
1194.33,16,Money Transfer,4,2612.03,0.46,1,0,0,0,1,0
7871.98,17,Money Transfer,4,1829.28,4.3,0,0,0,0,3,1
788.79,9,Money Transfer,1,1500.3,0.53,0,0,0,0,9,0
3147.53,22,Food,4,2455.64,1.28,0,0,0,0,2,0
1221.05,19,Travel,3,1206.79,1.01,0,0,0,0,2,0
293.61,18,Money Transfer,5,542.64,0.54,0,0,0,0,6,0
1087.07,11,Food,3,1508.12,0.72,0,0,0,0,2,0
6589.92,14,Travel,2,1628.34,4.05,0,0,1,0,4,0
1549.2,8,Travel,5,705.94,2.19,0,0,0,0,2,0
3965.95,14,Shopping,3,5237.3,0.76,0,0,0,0,2,0
732.7,8,Education,5,764.57,0.96,1,0,0,0,1,1
972.09,14,Money Transfer,2,1247.38,0.78,1,0,0,0,1,0
817.18,16,Rent,1,603.0,1.36,0,0,0,0,7,0
80788.61,12,Shopping,3,1681.38,48.05,1,0,0,0,1,1
976.53,13,Money Transfer,3,961.76,1.02,1,0,0,0,1,0
1037.36,19,Education,3,1509.45,0.69,0,0,0,0,3,0
1230.04,7,Money Transfer,3,757.92,1.62,0,1,0,0,3,0
1078.31,18,Travel,1,399.5,2.7,0,0,0,0,3,0
2660.74,8,Shopping,2,3019.11,0.88,0,0,1,0,2,0
47.08,4,Money Transfer,3,2144.41,0.02,1,0,0,0,1,1
456.89,9,Other,2,1049.95,0.44,1,0,0,0,1,0
325.37,18,Bills,4,387.59,0.84,1,0,0,0,1,0
13413.03,12,Shopping,3,3912.15,3.43,0,0,0,1,9,0
805.08,19,Money Transfer,3,634.95,1.27,0,0,0,0,3,0
4749.01,14,Shopping,2,5105.86,0.93,0,0,0,0,2,0
1181.95,2,Money Transfer,4,1472.21,0.8,0,0,0,0,2,0
895.48,17,Bills,2,1048.98,0.85,0,1,0,1,3,0
2880.1,7,Bills,1,2736.95,1.05,0,0,0,0,2,0
12924.6,18,Shopping,8,4069.68,3.18,0,0,0,0,5,0
59253.49,8,Recharge,3,1133.7,52.27,1,0,0,0,1,1
30.57,11,Food,3,1241.65,0.02,0,0,0,1,2,0
57477.58,18,Money Transfer,1,1321.82,43.48,0,0,0,0,8,1
22962.84,21,Money Transfer,4,4899.35,4.69,1,0,0,0,1,1
2532.11,11,Food,5,2423.08,1.04,0,0,0,0,4,0
1129.63,19,Food,1,812.19,1.39,0,0,0,0,2,0
708.52,9,Money Transfer,2,668.22,1.06,0,1,0,0,2,0
75.85,18,Money Transfer,2,771.32,0.1,1,0,0,0,1,0
3282.42,16,Shopping,1,850.68,3.86,1,0,0,0,1,0
462.97,9,Bills,5,770.89,0.6,1,0,0,0,1,0
3027.54,10,Food,2,2233.97,1.36,0,0,0,0,6,0
624.91,8,Shopping,2,521.8,1.2,0,0,0,0,10,0
664.66,12,Bills,2,1181.96,0.56,1,0,0,0,1,0
1351.54,9,Recharge,4,2065.75,0.65,1,1,0,0,1,0
1136.53,16,Healthcare,4,918.66,1.24,0,0,0,0,3,0
382.19,23,Money Transfer,2,421.5,0.91,0,0,0,0,2,0
1725.12,0,Shopping,3,453.66,3.8,0,0,0,0,3,0
612.06,14,Money Transfer,4,542.35,1.13,0,0,0,0,4,0
5078.63,15,Shopping,4,3552.48,1.43,0,0,0,0,5,0
1967.77,20,Recharge,3,2230.58,0.88,1,0,0,0,1,0
653.89,13,Shopping,4,420.06,1.56,1,0,0,2,1,0
1363.1,14,Rent,3,1192.89,1.14,0,0,0,0,7,0
3188.88,13,Money Transfer,1,887.77,3.59,0,0,1,0,2,0
1548.81,10,Money Transfer,1,1853.12,0.84,0,0,0,0,10,1
58677.37,5,Bills,2,1631.7,35.96,0,0,0,0,3,1
2681.29,12,Money Transfer,4,1480.96,1.81,0,0,0,0,3,0
853.65,5,Shopping,3,979.72,0.87,0,0,0,0,3,0
2213.42,14,Rent,3,566.88,3.9,1,1,0,0,1,0
3550.15,11,Money Transfer,2,2741.26,1.3,1,0,0,0,1,0
8887.31,14,Shopping,5,4114.33,2.16,0,0,0,0,7,0
27307.14,8,Food,3,5493.18,4.97,1,0,1,1,1,1
77.02,21,Food,4,408.73,0.19,1,0,0,0,1,0
3850.35,20,Travel,2,2724.1,1.41,0,0,0,0,2,0
3468.14,9,Recharge,2,2633.64,1.32,0,0,0,0,3,0
5546.84,11,Recharge,5,5591.16,0.99,1,0,0,0,1,0
1083.49,15,Healthcare,2,824.84,1.31,0,0,0,0,2,0
3000.61,7,Shopping,3,2739.88,1.1,0,0,0,0,2,0
348.41,11,Shopping,1,401.11,0.87,0,0,0,1,6,0
1590.36,10,Money Transfer,3,2095.72,0.76,0,0,1,0,6,0
1339.8,20,Recharge,5,1077.76,1.24,0,0,0,0,7,1
3259.52,19,Other,3,2936.9,1.11,0,1,0,0,6,0
2532.8,15,Education,4,3882.0,0.65,0,0,0,0,5,0
1449.96,14,Shopping,4,1116.93,1.3,0,0,0,0,6,0
1749.27,21,Healthcare,2,1642.22,1.07,1,0,0,0,1,0
10.0,21,Money Transfer,2,524.8,0.02,0,0,0,0,2,0
2395.39,22,Shopping,3,1270.94,1.88,0,0,0,0,4,0
3355.1,8,Money Transfer,5,1105.57,3.03,0,0,1,0,8,0
462.31,8,Shopping,2,664.08,0.7,0,0,0,0,4,0
20412.55,16,Food,1,4347.92,4.69,1,0,1,0,1,0
488.59,14,Money Transfer,2,588.49,0.83,0,0,0,0,9,0
24812.75,1,Money Transfer,4,2117.79,11.72,0,0,0,0,5,1
20822.3,6,Food,2,4275.43,4.87,0,0,0,0,4,0
1560.99,20,Education,2,4674.11,0.33,0,0,0,0,5,0
2302.75,19,Food,2,3137.15,0.73,0,0,0,2,4,1
2540.42,11,Money Transfer,4,648.76,3.92,1,0,1,0,1,0
21.69,20,Bills,3,3361.13,0.01,1,0,1,0,1,0
1135.48,15,Recharge,2,882.74,1.29,0,0,0,0,9,0
4730.66,18,Shopping,3,4901.09,0.97,1,0,0,0,1,0
48.18,12,Food,1,2522.51,0.02,0,0,0,1,5,0
4118.64,7,Rent,2,3069.05,1.34,0,0,0,0,2,0
397.51,12,Shopping,2,459.96,0.86,0,0,0,0,7,0
7262.19,13,Food,1,1873.39,3.88,0,0,0,0,3,0
4320.11,14,Education,4,3398.09,1.27,0,0,0,0,3,0
3228.45,7,Shopping,3,3859.57,0.84,1,0,0,1,1,0
565.31,23,Bills,4,352.29,1.6,1,0,1,0,1,0
23660.08,10,Education,3,5339.09,4.43,0,0,0,0,4,0
528.5,9,Recharge,6,379.75,1.39,1,0,0,0,1,0
41.98,14,Rent,3,2015.87,0.02,0,0,0,0,4,0
30433.57,14,Recharge,4,2427.91,12.53,0,0,0,1,3,1
184.04,12,Money Transfer,3,504.4,0.36,0,0,0,0,5,0
14.4,18,Food,4,388.56,0.04,1,0,0,0,1,0
3880.68,14,Shopping,1,3066.08,1.27,0,0,0,0,3,0
1335.41,15,Shopping,3,1174.08,1.14,0,0,0,0,3,0
256.37,17,Travel,2,503.93,0.51,1,0,0,0,1,0
2731.8,2,Money Transfer,4,2888.93,0.95,0,0,0,0,4,1
3393.59,15,Rent,3,3704.8,0.92,0,0,0,0,2,0
8133.89,19,Shopping,6,1893.44,4.3,1,0,0,0,1,1
3021.37,1,Food,5,616.49,4.9,0,1,0,0,2,1
49846.33,12,Shopping,7,327.61,152.15,1,0,1,1,1,1
2645.12,20,Bills,5,2471.97,1.07,0,0,0,0,7,0
2192.89,11,Shopping,3,1737.87,1.26,0,0,0,1,2,0
2267.23,13,Shopping,2,2193.78,1.03,1,0,0,0,1,0
3018.26,22,Money Transfer,5,3319.74,0.91,1,0,0,0,1,1
6259.48,9,Money Transfer,3,1325.21,4.72,0,0,0,0,4,1
682.91,6,Money Transfer,2,539.36,1.27,0,0,0,1,5,0
10.6,19,Money Transfer,2,5363.64,0.0,1,0,0,0,1,0
20793.8,19,Healthcare,4,1718.46,12.1,1,0,0,0,1,1
1910.37,13,Food,3,2019.5,0.95,0,0,0,0,7,1
22189.59,14,Shopping,3,5176.6,4.29,0,0,0,0,2,0
9871.95,19,Money Transfer,2,5127.86,1.93,1,0,0,0,1,0
952.61,17,Education,6,1827.94,0.52,1,0,0,0,1,1
1362.65,10,Money Transfer,3,935.88,1.46,0,0,0,0,2,0
84197.64,1,Shopping,2,10825.96,7.78,0,0,0,0,5,1
996.42,13,Bills,4,2355.58,0.42,0,0,0,0,3,0
3619.7,19,Food,2,1244.98,2.91,1,0,0,2,1,0
6266.9,20,Food,2,1777.1,3.53,0,0,0,0,2,0
1433.45,21,Shopping,2,1267.63,1.13,0,0,0,0,2,0
47928.31,19,Shopping,5,4245.57,11.29,0,1,0,0,4,1
4402.2,15,Food,1,1485.74,2.96,0,1,0,0,3,0
3284.8,12,Shopping,5,3422.27,0.96,0,0,0,0,10,0
10.0,18,Money Transfer,4,3600.63,0.0,0,0,0,1,3,0
12373.68,17,Food,3,3430.49,3.61,0,0,0,0,3,1
50992.98,14,Rent,3,2605.46,19.57,0,0,0,3,3,1
3616.0,6,Healthcare,2,3774.32,0.96,0,0,1,0,2,0
898.01,20,Bills,3,1181.58,0.76,0,0,0,0,3,0
73.22,13,Travel,3,519.22,0.14,0,0,0,4,2,0
16159.05,11,Shopping,3,3626.47,4.46,0,0,0,0,4,0
5108.97,16,Shopping,4,1541.08,3.32,1,1,0,0,1,0
613.96,16,Money Transfer,3,545.25,1.13,0,0,0,0,2,0
1506.1,9,Shopping,4,520.54,2.89,0,0,0,0,3,0
697.89,19,Other,2,612.21,1.14,0,0,0,0,3,0
3510.36,10,Shopping,4,2802.35,1.25,0,1,1,0,4,0
83.9,9,Money Transfer,3,2533.5,0.03,0,0,0,0,4,0
517.36,12,Money Transfer,2,710.27,0.73,0,0,1,0,2,0
56.55,17,Food,3,3678.27,0.02,0,0,0,0,7,0
888.43,22,Shopping,2,894.55,0.99,1,0,1,0,1,1
3189.57,18,Money Transfer,3,3134.94,1.02,1,0,0,0,1,0
1617.06,21,Rent,3,1507.81,1.07,1,0,1,0,1,0
2977.6,8,Education,5,2667.15,1.12,0,0,1,0,4,0
2211.32,6,Shopping,5,1164.5,1.9,1,0,0,0,1,0
916.04,14,Recharge,1,1067.51,0.86,1,1,1,0,1,0
3366.98,10,Bills,2,3614.01,0.93,0,0,0,1,2,0
323.73,19,Rent,2,364.69,0.89,0,0,0,0,3,0
18489.93,16,Bills,3,6921.14,2.67,0,1,0,0,3,0
1234.9,22,Shopping,1,2180.34,0.57,0,0,0,0,3,0
35707.52,10,Healthcare,4,1319.67,27.06,0,0,0,1,14,0
4794.91,13,Food,4,2080.21,2.31,0,0,1,0,6,0
244.83,13,Money Transfer,3,535.72,0.46,1,0,0,0,1,0
18552.66,10,Money Transfer,3,1598.98,11.6,0,0,1,0,4,0
7166.2,15,Shopping,5,7870.97,0.91,0,0,0,0,3,0
814.94,12,Other,3,782.82,1.04,1,0,1,0,1,0
2406.53,12,Shopping,1,2606.04,0.92,1,0,0,0,1,0
5902.63,11,Food,5,1327.58,4.45,0,0,1,0,5,0
883.4,1,Money Transfer,2,2202.37,0.4,0,0,0,0,3,0
685.01,14,Healthcare,3,712.69,0.96,0,0,0,0,3,0
1411.17,11,Shopping,3,1444.36,0.98,0,0,0,0,2,0
8675.67,0,Food,3,7350.01,1.18,0,1,0,0,8,1
547.83,11,Money Transfer,2,691.09,0.79,0,0,0,0,4,0
1995.03,10,Travel,3,2121.28,0.94,0,0,0,0,8,0
8664.32,12,Shopping,1,1842.73,4.7,1,0,0,0,1,0
2164.28,8,Shopping,1,1798.55,1.2,0,0,0,2,3,0
2384.69,13,Shopping,5,2018.7,1.18,0,0,0,0,3,0
1098.02,17,Travel,5,1555.74,0.71,1,0,0,0,1,0
561.27,16,Shopping,2,330.74,1.7,0,0,1,0,2,0
6810.34,18,Food,2,4446.4,1.53,1,0,0,0,1,0
4920.48,13,Shopping,2,3457.81,1.42,0,0,0,0,12,0
246.65,14,Education,4,644.45,0.38,0,0,0,3,3,0
797.92,18,Healthcare,4,1259.75,0.63,0,0,0,0,2,0
3281.13,12,Money Transfer,3,2949.72,1.11,0,0,0,0,4,0
78.13,17,Money Transfer,4,7347.26,0.01,0,0,0,0,4,0
5437.38,12,Shopping,5,5733.72,0.95,0,0,0,0,2,0
7097.24,12,Shopping,1,4433.16,1.6,0,0,0,1,15,0
849.52,18,Rent,4,610.35,1.39,0,0,0,1,5,0
19799.48,8,Food,1,4726.11,4.19,0,0,0,0,2,0
13947.32,11,Food,5,4093.3,3.41,0,0,0,0,4,0
2166.82,9,Healthcare,3,1151.63,1.88,0,0,0,1,4,0
3072.83,11,Money Transfer,5,1203.13,2.55,1,0,0,1,1,0
1402.27,9,Travel,2,1408.83,1.0,0,0,0,1,6,0
26402.97,15,Money Transfer,2,2221.72,11.88,0,1,0,0,5,0
866.87,18,Money Transfer,2,844.02,1.03,0,0,0,0,4,0
496.57,18,Rent,3,341.79,1.45,1,0,0,0,1,0
302.25,11,Money Transfer,2,574.06,0.53,1,0,0,0,1,0
4275.41,23,Money Transfer,3,1344.05,3.18,1,0,0,0,1,0
1265.09,15,Travel,3,896.32,1.41,1,0,0,0,1,0
8913.41,12,Healthcare,4,2903.01,3.07,0,0,0,1,8,0
321.58,19,Money Transfer,3,503.08,0.64,0,0,0,0,6,0
5128.67,17,Shopping,3,4790.16,1.07,1,0,0,0,1,0
6507.36,17,Money Transfer,5,4362.45,1.49,0,0,1,0,4,0
59.53,9,Food,2,4609.61,0.01,1,0,0,3,1,0
9381.01,13,Shopping,4,2722.03,3.45,1,0,0,0,1,0
589.07,19,Bills,2,503.7,1.17,1,1,1,0,1,1
3256.98,13,Other,7,1337.7,2.43,0,1,1,0,2,0
596.7,16,Healthcare,4,553.58,1.08,1,0,0,0,1,0
4402.5,15,Shopping,6,8216.56,0.54,0,0,0,0,2,0
1140.75,19,Education,6,1029.04,1.11,0,0,0,0,4,0
7796.16,10,Travel,5,1884.49,4.14,1,0,0,0,1,0
14454.08,15,Money Transfer,4,3020.47,4.79,0,0,0,0,2,0
5548.61,8,Food,3,4860.23,1.14,0,0,0,0,7,0
29.49,17,Bills,4,2835.72,0.01,1,0,0,0,1,0
3032.19,17,Money Transfer,5,2320.33,1.31,0,0,1,0,5,0
6818.54,4,Money Transfer,4,1429.19,4.77,0,0,1,1,2,1
8144.9,16,Money Transfer,2,1973.79,4.13,0,0,0,0,3,1
625.72,12,Food,4,478.01,1.31,1,0,0,0,1,0
16562.35,8,Shopping,2,4176.3,3.97,0,0,0,0,3,0
2095.34,12,Recharge,5,1712.59,1.22,0,0,0,0,4,0
1244.72,9,Travel,3,373.73,3.33,1,0,0,0,1,0
59.65,12,Food,2,4844.11,0.01,0,0,0,0,2,0
1980.29,12,Shopping,2,1509.56,1.31,0,0,0,0,3,0
2186.39,17,Food,3,3952.97,0.55,0,0,0,3,2,0
4047.49,18,Shopping,2,3799.43,1.07,1,0,0,1,1,0
4425.15,15,Shopping,3,3344.65,1.32,0,0,0,0,2,0
429.1,2,Food,5,414.06,1.04,1,0,0,0,1,0
588.34,21,Money Transfer,3,810.8,0.73,0,0,0,1,2,0
55411.98,17,Food,5,4050.9,13.68,0,0,0,1,3,0
5801.63,3,Shopping,1,4426.58,1.31,0,0,0,0,2,0
656.91,18,Money Transfer,2,1402.71,0.47,0,0,1,0,4,0
1224.03,9,Shopping,1,1343.81,0.91,0,0,0,0,6,0
803.91,15,Other,2,646.58,1.24,0,0,0,0,9,0
18383.41,13,Food,2,6518.89,2.82,1,0,0,0,1,0
449.23,12,Travel,2,731.47,0.61,0,0,0,0,3,0
1630.53,20,Money Transfer,2,681.38,2.39,0,0,0,0,3,0
2373.56,12,Shopping,2,2245.72,1.06,0,0,0,0,6,0
2275.13,6,Other,4,800.74,2.84,0,0,1,1,7,0
6258.84,21,Rent,1,5327.66,1.17,0,0,0,0,5,0
1507.89,20,Money Transfer,4,319.74,4.72,0,0,1,0,3,1
379.42,17,Food,2,310.39,1.22,1,0,0,0,1,0
1469.91,13,Shopping,3,1565.31,0.94,1,0,1,0,1,0
1283.54,7,Bills,2,1505.19,0.85,0,1,0,1,3,1
613.51,18,Food,3,621.06,0.99,1,0,0,0,1,0
1367.73,6,Rent,2,1528.04,0.9,1,0,0,1,1,0
752.85,6,Shopping,3,1254.81,0.6,0,0,1,1,7,0
6288.56,14,Shopping,2,4278.5,1.47,0,0,1,0,9,0
69.69,8,Recharge,3,316.73,0.22,1,0,0,0,1,1
11617.28,0,Travel,4,7033.81,1.65,0,0,0,0,6,0
2950.27,12,Shopping,4,2062.58,1.43,0,1,0,0,8,0
328.85,8,Shopping,2,596.44,0.55,0,0,1,1,3,0
576.93,8,Travel,2,386.2,1.49,0,0,0,0,2,0
1441.59,6,Food,1,1690.35,0.85,0,0,0,0,8,0
685.98,9,Money Transfer,1,781.92,0.88,1,0,0,1,1,1
402.79,17,Money Transfer,3,945.01,0.43,0,0,0,0,6,0
1354.54,18,Shopping,1,806.18,1.68,1,0,0,0,1,0
5484.64,13,Food,2,2190.57,2.5,0,0,1,0,3,0
1194.8,13,Other,2,1751.49,0.68,0,0,0,0,2,0
351.32,3,Shopping,3,446.13,0.79,0,0,0,0,3,0
1586.36,6,Food,3,1645.79,0.96,0,0,0,2,5,0
13556.51,10,Money Transfer,4,3119.39,4.35,1,0,0,0,1,0
447.75,14,Money Transfer,4,452.43,0.99,0,0,0,0,4,0
66.11,17,Rent,3,4268.83,0.02,0,0,0,0,7,0
4478.71,15,Bills,4,1854.26,2.42,0,0,0,1,7,0
27569.72,12,Money Transfer,3,5714.94,4.82,0,0,0,1,7,0
816.37,7,Food,1,588.6,1.39,0,1,0,0,3,0
12124.51,18,Money Transfer,4,9382.81,1.29,0,0,0,1,5,0
2232.3,11,Shopping,2,2160.46,1.03,0,0,0,0,2,0
1370.43,17,Shopping,2,1808.69,0.76,0,0,0,0,2,0
52952.94,14,Travel,3,1603.53,33.02,1,1,0,0,1,1
549.04,17,Shopping,3,343.09,1.6,1,0,0,0,1,0
5067.07,20,Travel,3,5353.35,0.95,1,0,0,1,1,0
2213.53,20,Money Transfer,7,2159.06,1.03,0,0,0,0,3,0
727.94,14,Money Transfer,2,472.98,1.54,0,0,0,0,2,0
1092.15,14,Money Transfer,5,338.11,3.23,1,0,0,0,1,0
450.55,10,Money Transfer,3,393.81,1.14,1,0,0,0,1,0
2291.98,21,Shopping,5,1992.11,1.15,0,0,1,0,2,1
1932.72,13,Money Transfer,2,2013.52,0.96,0,0,0,0,7,0
3956.83,8,Food,4,1546.47,2.56,0,1,0,0,3,0
837.78,12,Food,3,959.5,0.87,0,0,0,0,3,0
2820.07,8,Rent,1,1665.73,1.69,1,0,0,0,1,0
6472.06,13,Money Transfer,5,1607.33,4.03,0,0,0,0,3,0
842.68,14,Shopping,3,335.29,2.51,0,0,1,0,4,0
1028.32,11,Shopping,2,897.49,1.15,1,0,0,0,1,0
388.88,6,Shopping,1,398.37,0.98,0,0,0,0,12,0
74.22,21,Recharge,2,4447.44,0.02,0,0,0,0,7,0
8854.91,18,Shopping,2,2625.23,3.37,0,0,0,1,14,0
12188.45,19,Shopping,3,10291.22,1.18,0,1,0,0,2,0
1130.94,11,Rent,5,947.61,1.19,0,0,0,0,5,0
17867.69,18,Shopping,2,4093.9,4.36,0,0,0,0,2,0
1769.36,13,Food,2,1963.12,0.9,0,0,0,0,4,0
891.72,9,Shopping,6,1386.36,0.64,0,0,0,0,9,0
69623.69,8,Shopping,2,753.18,92.44,1,0,0,0,1,1
4125.05,11,Food,4,2713.64,1.52,1,0,0,0,1,0
5522.06,8,Money Transfer,7,4520.77,1.22,1,0,0,0,1,0
1272.08,23,Travel,8,782.91,1.62,0,0,1,0,5,0
819.17,5,Food,3,647.12,1.27,0,0,0,0,4,1
1804.18,12,Rent,5,2444.62,0.74,0,0,0,0,3,0
24706.93,13,Food,2,7087.97,3.49,0,0,0,0,5,0
84812.51,10,Shopping,3,2795.01,30.34,0,0,0,0,6,1
2816.03,15,Food,3,902.8,3.12,0,0,0,0,9,0
1235.85,8,Money Transfer,5,1280.37,0.97,1,0,0,0,1,0
1142.94,18,Rent,1,1173.04,0.97,0,0,0,0,2,0
9865.16,11,Food,4,3740.13,2.64,0,1,0,4,8,0
3861.04,15,Education,2,2956.18,1.31,0,0,0,0,2,0
1978.49,17,Other,2,1900.38,1.04,0,0,0,0,2,0
1261.19,20,Food,4,878.75,1.44,0,0,0,0,9,0
7887.95,19,Money Transfer,2,5304.78,1.49,0,0,0,2,4,0
2041.97,15,Shopping,4,2206.81,0.93,0,0,1,0,3,0
7166.13,12,Rent,3,6640.63,1.08,0,1,0,0,2,0
2861.09,13,Money Transfer,5,1862.0,1.54,0,0,0,0,7,0
79197.14,18,Money Transfer,2,3398.6,23.3,1,0,0,0,1,0
1157.82,19,Recharge,5,3318.98,0.35,0,0,0,0,2,0
649.19,7,Money Transfer,3,1040.66,0.62,0,0,0,0,9,0
21628.75,12,Money Transfer,4,6284.66,3.44,0,0,1,2,2,0
80.25,18,Money Transfer,2,339.93,0.24,0,0,0,0,3,0
4383.54,12,Bills,6,2935.36,1.49,0,0,0,0,3,0
8232.47,11,Food,3,6363.21,1.29,0,0,0,0,2,0
1439.58,12,Food,5,1044.95,1.38,0,0,0,0,4,0
18303.05,15,Money Transfer,5,2179.99,8.4,0,0,0,0,5,1
1221.58,23,Bills,1,1786.88,0.68,0,0,0,4,2,1
1678.05,13,Shopping,2,2880.15,0.58,0,0,0,0,3,0
4148.33,9,Education,3,3920.24,1.06,1,0,0,0,1,0
61.78,8,Money Transfer,2,1963.08,0.03,0,0,0,1,3,0
2772.74,4,Money Transfer,3,3346.14,0.83,0,0,0,0,4,0
1164.23,14,Money Transfer,3,973.89,1.2,0,1,1,4,3,1
989.85,14,Food,1,767.16,1.29,0,0,0,0,6,0
1318.03,9,Shopping,4,1313.92,1.0,1,0,0,1,1,0
2815.32,17,Education,1,2338.29,1.2,0,0,0,0,2,0
53.17,17,Money Transfer,4,673.19,0.08,1,0,0,0,1,0
473.19,10,Money Transfer,3,2352.96,0.2,0,0,0,0,4,0
1388.36,11,Shopping,1,1201.85,1.16,0,1,0,2,2,0
12662.67,23,Money Transfer,2,3157.6,4.01,0,0,0,0,3,0
1180.16,11,Money Transfer,7,367.56,3.21,1,0,0,1,1,0
1897.6,18,Money Transfer,2,2284.62,0.83,0,0,0,0,17,0
4800.03,13,Travel,5,2188.77,2.19,0,1,0,0,5,0
6222.11,18,Money Transfer,4,5392.42,1.15,0,0,0,0,2,0
8265.76,18,Healthcare,3,2549.2,3.24,0,0,0,0,3,0
12952.51,16,Food,4,3164.01,4.09,0,0,0,1,3,0
20376.49,19,Bills,5,4529.25,4.5,0,1,0,0,10,1
2002.86,21,Shopping,2,2323.36,0.86,0,1,0,0,5,0
2259.15,15,Money Transfer,2,916.87,2.46,0,0,0,0,2,0
5850.95,10,Money Transfer,4,3969.27,1.47,0,0,1,0,11,0
2415.45,12,Food,2,2777.98,0.87,0,0,0,1,2,0
625.91,18,Education,5,1294.33,0.48,0,0,0,0,3,0
37246.08,16,Shopping,4,2531.46,14.71,0,0,0,0,4,0
3422.47,9,Shopping,2,3940.68,0.87,1,0,0,1,1,0
9149.77,5,Education,3,6987.56,1.31,0,0,0,0,9,1
37.56,16,Shopping,4,5779.03,0.01,1,0,0,1,1,0
957.54,10,Food,4,1008.35,0.95,0,0,0,0,2,0
